COMMENT_ID,COMMENT
834480695533374_1499682843989264,"Well done sir ❤️🙌
জয় বাংলা"
834480695533374_536849432334241,"প্রত্যেকটা পুলিশ অফিসার যেন এমন হয়। 
অভিনন্দন ও শুভকামনা রইলো 🙏"
834480695533374_1567195090866280,খুব ভালো কাজ করেছেন... কিন্তু সময় লাগলো 3 বছর... 😔😔
834480695533374_1626994004819122,"Matro 25 bochor er karabash! Nd meyetar man sonman er ki hbe! Future e erm hbe tar kono guarantee! Eder 20bochor,25bochor er jnno karabash e esb theme jabe na.. je ba jara jara esb kore tader emn sasti dite hbe jeta dekhe future e keo esb kaj korar sahosh na pai!"
834480695533374_1238089857618017,Well done job sir 👏 & great thanks to West Bengal Police ♥️🫡
834480695533374_1691620901601107,2021 এর ঘটনা বিচার হল 2024 এ ! আইনী প্রক্রিয়া সম্পন্ন হতে এত সময় লাগলে হবে !?
834480695533374_493741990118076,Digantar MurmuEi karonei to Aparajita bill anche.
834480695533374_717263080561689,"খুবই সুন্দর একটি নিদর্শন 
বাকিদের ও এরকম ভাবেই এগিয়ে আসা উচিত।
ধন্যবাদ আপনাদের কে"
834480695533374_1474402436577939,🙏🌟🌟🥇🥇🇮🇳🇮🇳RESPECTED SIR 🇮🇳🇮🇳🌟🌟🥇WEST BENGAL POLICE EXCELLENT WORK SIR 🇮🇳🇮🇳🌟🥇🥇JAI HIND BEST WISHES GURU JI GOD BLESS SIR🇮🇳🇮🇳🌟🌟🥇🥇🙏
834480695533374_1195177575022487,ধন্যবাদ স্যার well done কোচবিহার পুলিশ
834480695533374_1218925489230066,প্রতিটি অপরাধের ক্ষেত্রে এই রকম সুবিচার হলে পুলিশের প্রতি বাংলার সাধারণ জনগণের আস্থা ফিরবে।
834480695533374_8346741748726190,স্যালুট স্যার
834480695533374_840560254847272,"বাহ খুব ভালো লাগলো, বিচার ব্যবস্থার প্রতি মানুষ ধীরে ধীরে আস্থা ফিরে পাবে ,"
834480695533374_487974420664551,Great job done sir. Thanks 🙏🙏
834480695533374_4076501052586733,Great job sir
834480695533374_924540903025134,Great job
834480695533374_1733934340767782,Good work police man
834480695533374_433330269861334,Good job sir
834480695533374_1432399097433794,"প্রনাম নেবেন মহাশয়, আপনারা অসম্ভবকে সম্ভব করেছেন।"
834480695533374_963438892463350,Great job sir🤩
834480695533374_538195998774378,ধন্যবাদ ঐ ছাত্রীকে। সে তার সাহসিকতার প্রমাণ দেখিয়েছে। যথারীতি ব্যবস্থা নেওয়ার জন্য প্রশাসনকেও ধন্যবাদ।
834480695533374_1037653907530037,Great job sir
834480695533374_1304543230516946,Good job sir
834480695533374_8066213290133504,Good job sir 💐
834480695533374_1888494218300965,Good work sir
834480695533374_1521604558749780,Good job sir thanks 🙏
834480695533374_536891425445384,"তাদেরকে যেন জেলে সবচেয়ে জঘন্য খাবার ও সবচেয়ে খারাপ আচরণ করা হয়, 
  ধন্যবাদ পুলিশ কে💞"
834480695533374_1423927564917118,Mintu Islam এইভাবে জনগণের দেওয়া সরকারি টাকা খরচ করে জেলে পুষে রাখার কোনো মানেই হয় না....এদের কে প্রকাশ্যে ফাঁসি দেওয়া দরকার যাতে জনসাধারণের মধ্যে যেন ছড়াতে পারে যে ভয়ংকর পাপের ভয়ংকর শাস্তি....
834480695533374_1165685967845435,"Sk Moshihur Rahaman সহমত, এটাই দরকার"
834480695533374_1022587889599356,Performance of West Bengal police is better than Kolkata Police 👍👍. Well Done 👍👍 Salute 🫡
834480695533374_1028662965214177,Great job 👏 👍🏽
834480695533374_872336404962127,গ্ৰেট জব স্যার। 👍👍🙏.
834480695533374_1206312660410818,Good job sir
834480695533374_1425767985479201,Congratulations🎉
834480695533374_1668020297353335,"Congratulations sir,  god bless you always 🙏"
834480695533374_1029307918858190,Good job sir
834480695533374_1595033521078972,Good job sir
834480695533374_425437796725738,ধন্যবাদ স্যার
834480695533374_391444270724670,পশ্চিমবঙ্গ পুলিশের ভাবমূর্তি ও সন্মান ধরে রাখার জন্য দায়িত্বপ্রাপ্ত অফিসারদের অসংখ্য ধন্যবাদ জানাই।।জয় বাংলা....❤
834480695533374_1267638647940846,Good job
834480695533374_902378471719937,Good job
834480695533374_1212245479978749,স্যালুট স্যার
834480695533374_1461082037874128,Great job sir ❤️
834480695533374_1566399017565343,Good job
834480695533374_908194854701851,Good job
834480695533374_2430307470500033,Great job
834480695533374_338955375874602,ধন্যবাদ
834480695533374_423087190806766,স্যালুট স্যার 💝
834480695533374_820622529909609,Great job police
834480695533374_27491474773785519,Well done coochbehar police
834480695533374_1180093709714049,Good work
834480695533374_531786122637414,অসংখ্য ধন্যবাদ মহামান্য আদালত এবং তদন্তকারী পুলিশ অফিসারকে 💐💐💐
834480695533374_527786649784935,ধন্যবাদ Sir ❤️
834480695533374_821655043375725,"Great job, salute 🫡"
834480695533374_1165838204501712,উত্তম শাস্তি।
834480695533374_7842771015832565,Mijanur Rahaman ফাঁসি দেওয়া দরকারে ছিলো। ২-৪ টে ঝোলালে এই নোংরা ভাবাপন্ন অমানুষ গুলো মেয়ে দিকে খারাপ নজরে তাকাতে গেলেও দুবার ভাববে
834480695533374_981195497143825,"Su Dip Too আমাদের ইসলামে এই সব নোংরামির আরও কঠিন বিধান আছে। ওরা মুসলিম, কিন্তু যদি আবার বিধান অনুযায়ী শাস্তি দেওয়া হয় কিছু লোক আবার উল্টা পাল্টা কথা বলে"
834480695533374_1520884621858641,Well done cooch behar police
834480695533374_861186499299429,Great work❤️
834480695533374_881276797245762,ধন্যবাদ পুলিশকে।
834480695533374_1625982414628994,"জয় হিন্দ ,বন্দেমাতরম ।"
834480695533374_919531290202636,কারাদণ্ড নয়....ফাঁসির আদেশ হওয়া উচিত ছিল
834480695533374_1667223354136494,সাবাস | এই রকম চাই |
834480695533374_2009022826197623,Good job
834480695533374_909496417941927,"This is our Police man , salute Sir ,  জাতি,  ধর্ম, বর্ন  না দেখে আমাদের পুলিশ এ রকম ভাবেই কাজ করে চলেছে।  এ রকমই ভাবেই আমাদের নারী সুরক্ষা করে চলেছে প্রশাসন এবং আদালত ।
ধন্যবাদ স্যার"
834480695533374_2212334905826043,Well done 👍
834480695533374_527171909847805,🫡
834480695533374_442379972166075,এভাবেই মুখ গুলোকে সবার সামনে দেখাতে হবে । স্যালুট WBP ❤️
834480695533374_1082982446502532,"পর পর দুদিন দুটি মন ভালো করা খবর দেখতে পেলাম। ধর্ষণ ও খুনের দায়ে ফাঁসির আদেশ এবং এই খবরটি। পুলিশ যথাযথ তদন্ত করে উপযুক্ত সাক্ষ্যপ্রমাণ মহামান্য আদালতে দাখিল করতে সমর্থ হয়েছে বলেই এই সুবিচার পাওয়া গেল। স্যালুট কুচবিহার জেলা পুলিশকে। 🫡
নতমস্তকে প্রণাম মহামান্য আদালতকে 🙏🙏"
834480695533374_442842825457963,ভালো কাজ
834480695533374_1090422892441595,Congratulation 👏
834480695533374_868142901926817,এইভাবে জেলে ভরে অপরাধ কমেনি আর ভবিষ্যতেও কমবেনা। এদের দৃষ্টান্তমূলক শাস্তি প্রদান করতে হবে যেন বাকিরা দেখলে পায়ের তলার মাটি কাঁপতে থাকে।।
834480695533374_3944261619232864,Mani Bhusan Sarkar 🙏
834480695533374_1206491120502315,ফাসি চাই
834480695533374_714575354185730,Good job sir
834480695533374_524675460241780,Well done ♥️
834480695533374_539150938786222,Salute sir congratulations west bengal police
834480695533374_1183119302921932,Biman Naskar ফাসি চাই
834480695533374_1051522596344530,ভালো লাগলো আপনাদের কাজ এগিয়ে চলুন
834480695533374_26644582915157121,erom kora ayin r subichar jano sorboda hoi.
834480695533374_1894777034375325,সাব্বাস
834480695533374_890612462467404,"এই পেজকে অনুরোধ করবো, এরম আরও খবরকে তুলে ধরার জন্য 
সমাজে এরমও পুলিশকর্মী রয়েছেন এটা জানানো দরকার, বর্তমান সময়ে আরও বেশি করে জানানো দরকার ||
শেয়ার করলাম |"
834480695533374_955918532962307,"জয় বাংলা 
পশ্চিমবঙ্গ পুলিশ কে জানাই আন্তরিক শুভেচ্ছা।"
834480695533374_870474908365766,ধন্যবাদ স্যার
834480695533374_537050418763922,"প্রত্যেকটা দোষী দের শাস্তি চাই এভাবেই,"
834480695533374_1004964171375320,যথারীতি ব্যবস্থা নেওয়ার জন্য প্রশাসনকে অনেক অনেক ধন্যবাদ।
834480695533374_1037463361353286,আপনাদের সদিচ্ছার ও প্রচেষ্টা কে কুর্নিশ!  ভাবমূর্তি উদ্ধারেতে এটা একটা positive step
834480695533374_356982374157539,পুলিশ কে ধন্যবাদ। তবে শাস্তি অনেক কম হলো।
834480695533374_1251519799192811,এদেরকে জনগণের হাতে তুলে দেওয়া হোক।।
834480695533374_3665499357000094,এদের চার মাথার মোরে ফাঁসি দিলে ভালো হতো ।
834480695533374_1454162599319195,"এদের বেঁচে থাকার কোনো অধিকার নেই😡
কেনো আমাদের ট্যাক্সের টাকায় জেলে বসে বসে খাবে ?😡"
834480695533374_3847417405469902,They should have Capital punishment
834480695533374_1067637328265665,এদের সর্বোচ্চ শাস্তি ফাঁসি হলে সব থেকে খুশি হোতাম। তবুও বলি well done sir 🙏
834480695533374_1258691132146463,Selute sir 🙏
834480695533374_1223512842258176,Great job
834480695533374_1067962441339101,Congratulations Monibhusan daa
834480695533374_1035874834605653,"পশ্চিমবঙ্গ বর্তমান পুলিশ, প্রশাসনের প্রতি আমার শ্রদ্ধা"
834480695533374_1666049920795963,এসডিপিও সুরজিৎ মণ্ডল স্যার খুবি ভালো মানুষ । মাথাভাঙ্গায় থাকা কালীন ওনার সঙ্গে সাক্ষাৎ হয়েছিল খুবই ভালো মানুষ ।
834480695533374_487701257410660,God job 💪
834480695533374_1188922865706463,"25 বছর 
প্রতিদিন এঁদের শাস্তি হওয়া দরকার,"
834480695533374_1223721452087709,"জিও গুরু ,এই না  হলে পুলিশ ।"
834480695533374_1046223743606074,এটা তো ফাঁসি হওয়া উচিত ছিল....
834480695533374_732288029033922,ফাঁসি দেওয়া দরকার ছিল।
834480695533374_497170166352635,"Sir,
খুব ভালো।"
834480695533374_1900598417072595,এই রকম দৃষ্টান্ত মূলক
834480695533374_1584632612442175,"অনেক ভালো লাগলো দেখে 🙃 
বর্তমান ঘটনার শাস্তিও যেনো এইরকম টাই হয় এটাই আপনাদের কাছে আসা করি 🙂🙏🏻"
834480695533374_1474975006491223,"যারা মেয়েটির নাম জানতে চাইছো তারা একটু ভেবো 🙏
সব কিছুই তো বলে দিয়েছে এবার কি তার সাথে দেখা করে তার মুখ থেকে শুনতে চাও নাকি।
এমনিতে তো সে মৃত, প্রাণ টা আছে , সেটা না হয় থাকতে দিন 🙏"
834480695533374_1519506722031449,Tanmoy Bìswas onno কারণ আছে তাই জানতে চাই 🙏
834480695533374_444397355289534,আমি অর্ক অন্য কোনো কিছুই নেই মেয়েটির ধর্মের খোঁজ নেওয়া ছাড়া।
834480695533374_1981530905639927,"আমি অর্ক অবশ্যই জানতে পারেন , আপনার কারণ টা
 না হয় মেনে নিলাম পজিটিভ কারণ আছে,
কিন্তু বাকিদের তো সেটা না থাকতে ও তো পারে,
আপনার কমেন্টে বা তার রিপ্লাই তে যে যখন তার নাম টা  কেউ দেখবে , তখন সেটা আর প্রাইভেসি থাকবে না।"
834480695533374_877802674244630,"আমি অর্ক নাহ , দাদা 
আমি নিজেও নাম টা জানি না, আমার জানার ইচ্ছা টুকুও নেই,
শুধু কমেন্টে এই রকম সবার নাম কি জানতে চাওয়া দেখে, আমার মনে হয়েছে আমার ইন্টারফেয়ার করা দরকার, কিছু বলা দরকার তাই আমি 1স্ট কমেন্ট টা করেছি, যেখানে আমি পার্সোনালি কাউকে ট্যাগ ও করিনি,
যাতে এরপর কেউ কমেন্ট করতে আসলে নাম কি যেনো এটা অন্তত জানতে না চাই ।"
834480695533374_529770966095841,"Tanmoy Bìswas আপনার মানসিকতা কি আমি সমর্থন জানাই, সত্যি আপ্লুত 🙏 এমন মানসিকতার মানুষ থাকলে সমাজ গড়তে বেশি সময় লাগবে না"
834480695533374_889179569730215,ফাঁসি দরকার ছিল ।
834480695533374_2218525415189827,এই রকম নক্বারজনক ঘটনা যাতে পরবর্তীতে কোনো কলেজে মেয়েদের সাথে না ঘটে তার জন্য স্থানীয় প্রশাসনের মাঝেমধ্যে কলেজ ঘুরে দেখা দরকার।
834480695533374_506245725463114,Kiran Bej ete lav ki hobe?
834480695533374_8473149482705376,Buddhadev Shît বর্তমান কলেজে অবস্থা এরকমি সিনিয়রদের দাপাদাপি চলে ।
834480695533374_1272947970729790,"এই সাজা না দিয়ে , ডাইরেক্ট ফাঁসির সাজা দিতে হতো। অপরাধী তো একদিন ছাড়া পাবেই।"
834480695533374_3701974606686727,25বছর সাজা হলে। প্রতিদিন  200টাকা করে  সরকারি টাকা খরচ **25দিনে ফাঁসি দেওয়া হোক
834480695533374_840322418286575,You did exactly what you are supposed to do. Caught criminals and got them booked under the law.
834480695533374_509747171672118,Ta ete photo deuar ki ache
834480695533374_503188415655597,ধর্ষণের একটাই সাজা সেটাহলো ফাঁসি
834480695533374_1030680795735461,"Case 2021
R eta 2024"
834480695533374_531337699447553,Ei sasti jothesto noy .... Er thekeo besi nrishogsho sasti joruri 🤬🤬🤬🤬🤬🤬🤬🤬🤬🤬
834480695533374_1164602444619295,encounter করে মেরে দেওয়া উচিত ছিল পশ্চিমবঙ্গ পুলিশের
834480695533374_874456690844657,"Ora jel theke berole meyeta k to pran a mere felbe 

Upnader uchit encounter kora 
Hajat bas koriye lav nei 

Tahole erokam ghatana abar o hobe r dharsak jel khatbe 
Encounter korun encounter......"
834480695533374_420830283880692,"Great work....
পুলিশ চাইলে অনেক কিছুই করতে পারে সমাজে অপরাধের সংখ্যা কমে যাবে...
উপযুক্ত শাস্তি পেলে....."
834480695533374_1628191091091687,খুব সুন্দর
834480695533374_1047000323705694,Eder jelle rekhe chichu hobe na...eder phasi deya uchit
834480695533374_1496163237938907,সারাজীবন কারাদণ্ড করলে অনেক ভালো হতো।
834480695533374_1493360157970924,Salute Sir
834480695533374_1700435157028371,"মাত্র 25 বছরের সাজা
তারপর জেল থেকে বেরিয়ে মেয়েটির উপর সম্মিলিত আক্রমণ প্রতিশোধের জন্য...!!! হতেই পারে!!
ফাঁসি এর দরকার ছিল এদের"
834480695533374_9013271778687256,ভালো খবর ..
834480695533374_403487145790601,পুলিশ পারে না এমন কোনো কাজ নেই !!!
834480695533374_1595677378049286,West Bengal Police 🖤🖤🖤
834480695533374_2526632670865030,সত্যিই কুর্নিশ এই ওসি কে
834480695533374_1014071786847055,"ধন্যবাদ পুলিশ প্রশাসনকে, মানুষ চায় আপনাদের উপরে ভরসা করতে"
834480695533374_1510314309848038,Etodin e je kaj gulo apnara krchen ei kaj gulor kothai bolchlm apnader sir
834480695533374_505806772159075,অর্ঘ্য চট্টরাজ eta etodine koreni onek aagei koreche. Punishment recent হয়েছে
834480695533374_534159299186781,Saurav Sarkar haa jni dada sotti ank din valo kaj hoini ja hoyeche khub e nogonyo
834480695533374_537216568703444,অর্ঘ্য চট্টরাজ erokom onek kaj e hoy. Seta sobai notice korena ba ghotona hoar kichudin por theke keu interest rakhena. Nahole erokom onek conviction hochhe. Kheal rakhte hoy record dekhte hoy
834480695533374_1451541752199413,Saurav Sarkar na na kono kaj hoina eta apni defend krchen r kichuna bangla mnush dekheche etodin e koto kaj hoyeche sob theke boro jeta niye protibad utheche system r law ekdm sekhne failed
834480695533374_1015942270230066,F a si r proyojon chilo
834480695533374_1680894192759053,"তাদের তিনজনকেই ফাঁসি দিলেই ভালো হয়,। মাত্র ২৫ বছর কেটে পরে আবার ওই রকমই করবে,।"
834480695533374_536372935443371,3joner e fasi howa uchit chhilo
834480695533374_530192779582341,"তার মানে সদিচ্ছা থাকলে সবই করা যায়,,,"
834480695533374_1722880565144044,"Fansi dewa uchit chilo, eder rekhe ki hbe"
834480695533374_26689243230721533,আপনাদের মতো পুলিশদের প্রণাম
834480695533374_838879165053207,Encounter অথবা ফাঁসি ছিল প্রকৃত বিচার।
834480695533374_1612904105924782,ফাঁসি কার্যকর করতে হবে 25year কারাবাস বেকার সরকার এ পয়সা অপচয় ফাঁসি চাই ফাঁসি চাই ফাঁসি চাই
834480695533374_1027428048697109,धन्यवाद
834480695533374_1227582751702782,"25বছরে কি হবে?
সম্মান ফিরে আসবে ???
ধর্ষণ কারীকে ফাসি দিতে হবে,
তবেই ধর্ষিতার ন্যায় হবে,"
834480695533374_926232246224764,"Hats off West Bengal Police 
Sitalkuchi police station❤
Mrityunjay chakraborty sir🫡"
834480695533374_1003107851610461,মৃত্যুদণ্ড হলে সঠিক হতো। ২৫ বছরের সাজা তে কি হবে ? এদের কে জানোয়ার বললেও জানোয়ারকে অপমান করা হবে।
834480695533374_1574288906827896,"এইসব জঘন্য কাজের একটাই প্রাপ্য এনকাউন্টার,,"
834480695533374_922532129686875,ফাঁসি চাই আর কোনো কিছু না এরা ২৫ বছর পর ও একই থাকবে
834480695533374_1703089103821949,"ফাঁসি চাই 
ধর্ষণ করে যদি আবার 25 বছর পরে ছাড়া পাই তাহলে সমাজ কি শিখবে 
আর তারা আবার এমন কাজ করবে না তার কি গ্যারান্টি"
834480695533374_1223278792252787,"সত্যিই হৃদয় জিতে নিলেন আপনারা ❤️❤️❤️
বাস্তবে আমরা পুলিশের এই রুপ টাই দেখতে চাই ।"
834480695533374_2024183914684893,Sudhu karadondo afshosh holo sune
834480695533374_1904983159907395,"Apologies for commenting here, but I had no other option. In May 2023, I was scammed out of ₹96,000. While the amount was held by the Cyber Crime Unit within 24 hours, the investigation by the local cyber police station remains unresolved. It has now been over a year and three months. I kindly request expedited action to resolve this matter."
834480695533374_718229383789541,পশ্চিমবঙ্গ পুলিশ আমাদের গর্ব আমাদের সম্পদ 🙏🏻❤️❤️❤️❤️
834480695533374_533348472461743,এভাবেই বিচার হোক শয়তানদের।। মুছে যাক ধর্ষণ নামক শব্দটি
834480695533374_525877736585646,"Rape করলে মাত্র 25 বছর কারাবাস 😐
এতেই শেষ ??
 বাহ !!!!"
834480695533374_505960832162852,ফাঁসি হলে শান্তিটা পেতাম
834480695533374_1599896207226416,"কারাদণ্ড না দিয়ে ফাঁসি দিলে ভালো হতো, এই রকম জঘন্য কাজের শাস্তি একমাত্র ফাঁসি"
834480695533374_1631060137757443,আসলেই কি ফাঁসি হবে?
834480695533374_1232591674595911,Mani Bhusan Sarkar  sabas sir proud of you
834480695533374_880615020218730,Fassiii keno holo na??
834480695533374_3741293432799149,Salute West Bengal Police
834480695533374_867132798327757,"খুবই ভালো করেছে। এই ধরনের ক্রিমিনালদের এই রকম দৃষ্টান্তমূলক শাস্তি দেওয়া উচিত। যাতে তাদের কেউই জেল থেকে ছাড়া না পায়, তার ব্যবস্থা করা হোক।"
834480695533374_7918355684956586,#fasichai
834480695533374_424471427313680,"Proud of you sir.....great job...75 years  করলে ভালো হতো এবং প্রতিদিন যেনো ওদের ওপর নানারকম অত্যাচার চালানো হয়....আমাকে দায়িত্ব দিলে দেখিয়ে দিতাম....ওদের দ্যাখার পর, এরম কাজ করতে সাহস পাবেনা এমন হাল করতাম শয়তানদের।"
834480695533374_1941786493002528,
834480695533374_1308078753900054,🫡🫡
834480695533374_1751237342285511,✊✊✊
834480695533374_546414621098251,❤️❤️❤️
834480695533374_1166958987743558,👍
834480695533374_1040030190947884,🙏♥️
834480695533374_1723488705090763,👍
834480695533374_3806369566265185,👍
834480695533374_1560673651539070,Kafi UL Jr.
834480695533374_1590493861533051,Good Job. Let them be hanged..
834480695533374_393515386870858,Oi 3jon k fasi dewa uchit chilo. Na hole abar meye tar bari giye ei 3joner family lok khub attachar korbe. Police er uchit Meye take & or maa k nirapotta dewar bebostha korte hobe.
834480695533374_2580295688846255,ফাঁসি দেওয়া উচিত ছিল । 😑
834480695533374_375110338982301,Fasi hole vlo hoto
834480695533374_523839980027838,"25 বছর ধরে ওই হারামীদের পাবলিকের টাকায় ভরপেট খাওয়ানোর কোনো মানে হয় না । খাওয়াতে হলে ওদের পরিবারের থেকে টাকা নিয়ে খোয়ানো হোক ।
আর না হয় ফাঁসি দেওয়া হোক ।"
834480695533374_1027450438924974,অসংখ্য ধন্যবাদ মহামান্য আদালত এবং পশ্চিমবঙ্গ পুলিশ এবং তদন্তকারী পুলিশ অফিসারকে 💐💐💐
834480695533374_1059285748389328,"জয় বাংলা 
পশ্চিমবঙ্গ পুলিশ কে জানাই আন্তরিক শুভেচ্ছা।...🥰🥰🥰"
834480695533374_428328500359872,ফাঁসির সাজা হলে আরও ভালো খুশি হতাম
834480695533374_890692209578320,"ধর্ষণের শাস্তি ফাঁসি হওয়া উচিত, তাহলে হয়তো দেশে ধর্ষণ টা একটু কমবে।"
834480695533374_385942227685048,"Khusi holam❤️👌💐
But public er tax er takay eder 25bchor jail a bosiye khuanor thke  “fasi” te jhuliye deua ta best mone kori….ei law ta asa khub drkr urgently"
834480695533374_485491174375893,A. Malik একটু আইনের বই পড়াশোনা করলে জানতে পারবেন কখন ফাঁসি হয়?
834480695533374_3945831835636471,"Sujata Das Mam, সারাদেশে রোজ এই জঘন্যতম অপরাধ কী আকার নিচ্ছে দিনের পর দিন আমরা সবাই ই অবগত….তাই personaly আমার এটা মনে হলো তাই বললাম …আর এমন আইন না থাকলে আইন আনা দরকার 
@ এটা আমার একান্তই নিজস্ব মতামত .. 
Hope you understand my point.
Thnks"
834480695533374_927200065914115,Esob abar ki ???? fasi chai .. fasi chara kono sasti sasti noy. E to 25 bochor por beriye abar kono meyer sathe erokom korbe. Fasi tai justice.
834480695533374_869524411378542,এদেরতো ফাঁসি দেওয়া উচিত
834480695533374_1275823567110222,ফাঁসির ব্যবস্থা করা হোক
834480695533374_1949798915485818,"বাহ্ কত সুন্দর তাই না 😏 ২০২১ এর ঘটনা ২০২৪ এ রায়😔
        স্যার আপনাদের কাছে আমার একটা প্রশ্ন যে, যদি সেই জা*নো*য়া*র*দের কাছে ভিডিও ছিল তাহলে এতদিন কেনো লাগলো রায় ঘোষণা করতে?
             আর একটা প্রশ্ন যে, এই রকম গ্যাং রেপ আর ব্ল্যাকমেইল করার কি ২৫ বছর কারাদণ্ড আর ১ লক্ষ টাকা? 😏
             এই রকম দোষীদেরকে যথাযথ ১ মাসের মধ্যে ফাঁসি দিলে তবেই মানুষ এবং নির্যাতিতার আত্মা/মনে শান্তি পাবে 💯"
834480695533374_1630343164364156,"প্রকাশ্যে ফাঁসি দেওয়া হোক। 
কালপ্রিট এক একটা। সমাজবিরোধী জানোয়ার।"
834480695533374_983478490243596,ফাঁসি দিলে আরও ভালো হতো
834480695533374_463584906710917,They should have been got death penalty..
834480695533374_8401151609943866,বেঁচে থাকার কোনো দরকার নেই এদের ।।।
834480695533374_884381213670820,"কারাবাস টারাবাস নয়, দোষী প্রমাণিত সোজা মৃত্যু, যেকোনো বড় চৌরাস্তা তে ঝুলিয়ে দেওয়া হোক ।"
834480695533374_1836628360198324,"মাত্র 25 বছরের সাজা
তারপর জেল থেকে বেরিয়ে মেয়েটির উপর সম্মিলিত আক্রমণ প্রতিশোধের জন্য...!!! হতেই পারে!!
ফাঁসি এর দরকার ছিল এদের"
834480695533374_1081037803729710,karabas abar ki... Faaasi dao eder
834480695533374_494199113366423,ফাঁসির আদেশ দিলে আরো ভালো হতো
834480695533374_1189733148932523,Good work sir. . . But এদের ফাঁসি হওয়া উচিত ।
834480695533374_8213449192107972,"এটাতে ফাঁসির আদেশ যদি করানো যেতো খুবই ভালো হতো।
যাইহোক গ্রেট work West Bengal Police"
834480695533374_425356760038077,Thank you sir ❤️❤️❤️
834480695533374_546615954382358,Great
834480695533374_1274152187331587,salute sir
834480695533374_1217053106164843,Thank you WBP
834480695533374_1578816316006479,Thanks sir
834480695533374_1319317619042267,Salute...sir
834480695533374_1120963766027057,Salute!
834480695533374_1048301083356298,Take care
834480695533374_1042557717458451,Thank you 👍
834480695533374_1197475038040716,Salute sir
834480695533374_1086102222940005,Good
834480695533374_2005144163277796,Good work
834480695533374_977724567373139,Good ❤️
834480695533374_521248176947430,Great job
834480695533374_524540840273136,Good
834480695533374_535040579201427,Well don WBP
834480695533374_1586390195565978,
834480695533374_1726925118109878,Salute  sir
834480695533374_956796446210498,Gd going West Bengal Police 👌🙏
834480695533374_521341617507526,শুভনন্দন
834480695533374_499559466366694,Har bar muslim hi kiu ???
834480695533374_481951484756514,মৃত্যুদন্ড দেওয়া উচিত ছিল।
834480695533374_8040155599373485,স‍্যালুট স‍্যার।বাপের বেটার নাকান কাজ কইরছেন।
834480695533374_1032738181402554,"Matro 25 yr shame shame ,"
834480695533374_1048851903523409,"এই সাহসিকতা বরাবর দেখাবেন কে অন্যায় করল আর কার সাথে এরকম পরিষ্কারভাবেই। সাধারণ নাগরিক হিসেবে এই প্রত্যাশাই রাখলাম।
ধন্যবাদ।"
834480695533374_491960820289738,"ধর্ষণের ঘটনায় মুসলমান জড়িত থাকবে এটা স্বাভাবিক। 
যারা বলেন 'মেরা আব্দুল সাবসে আলাদা হে' তাদের কাছে এই চিত্রটা তুলে ধরুন।"
834480695533374_3396567007310267,পৃথিবীর সবচেয়ে শান্তিপ্রিয় ধর্মের দাঁড়ায় এ কাজ সম্ভব।
834480695533374_520493097297899,"Convicted, প্রমাণিত। তাহলে এখনো জীবিত কী করে? শরিয়তে তো জীবিত রাখবে না।"
834480695533374_518594414152877,জেল থেকে ছাড়া পেয়ে শুধরে গেছে এমন উদাহরণ খুব একটা চোখে পড়ে না তো। ব্যতিক্রম অবশ্যই আছে। কিন্তু এই সমস্ত অপরাধীদের মানসিক স্বাস্থ্যের যাতে উন্নতি হয় তার জন্য আমাদের সংশোধনাগারগুলি কি যথেষ্ট কাজ করে? আজ শ্রদ্ধেয় IPS অফিসার বি ডি শর্মার কথা মনে পড়ে গেল। এই মানুষটিকে একটি অনুষ্ঠানে খুব কাছ থেকে দেখেছি। অপরাধমনস্ক মানুষগুলিকে মূল স্রোতে ফেরাতে ওঁর অবদান অনস্বীকার্য।
834480695533374_1050342573388000,Mausumi Pal ওদের শাস্তি এক এবং একমাত্র মৃত্যুদণ্ড। সংশোধনাগারে আবর্জনা ডাং করে রাখা কোনো সমাধান নয়।
834480695533374_1950224675493390,Tanmay Saha আমারও তাই মনে হয়।
834480695533374_1039905991252662,"এদেরকে গুলি করে মারা হোক,,,, তারপর বডি গুলোকে শিয়ালকে দিয়ে খাওয়ানো হোক,,, ধর্ষকের শাস্তি জেল নয় মৃত্যুদণ্ড চাই।"
834480695533374_1057238912786436,ভালো কাজ।কিন্তু যেসব ঘটনার সাথে রাজনীতি জড়িত সেগুলোর বিচার পেতে কেনো এত দেরি হয় সেটা দেখবেন।সরকারের দাসত্ব ছেড়ে নিরপেক্ষ ভাবে কাজ করবেন এটাই জনগন আশা রাখি আমরা।
834480695533374_1170378387379085,"আমার এলাকায় , কয়েক জন বাংলাদেশী এসেছে ,,,
সেটা আমি আমার লোকাল থানা তে complain করি,, pundibari police station....

Sa** গুলো , কোনো action e নিলো না ।।।

মুখে টাকা গুঁজে রেখেছে ।"
834480695533374_363965866785442,সব শান্তির লোক
834480695533374_1899277977246583,West Bengal Police sir Kub valo laglo je kochbihar jelar police kaj ta korlo . Kintu sir kolkata police jodi ai rokom agiye thake tha hole mone theke r o Kushi hotam
834480695533374_2171976186504553,আদালতের এই রায়ে আমি খুশি নই। ২৫ বছর ধরে ঐ শুয়োরদের পেছনে আমাদের ট্যাক্সের টাকা খরচ হবে। অতএব বাঘের খাঁচায় ফেলে দেওয়া উচিত
834480695533374_496042079906272,এদের সবার সামনে ফাসি দেওয়া হোক কুত্তার বাচ্চাদের
834480695533374_1547356529205389,কোনোদিন দেখলাম না পঃ পুলিশ কে এই টাইপের কেসে এনকাউন্টার করতে। কেস যখন confirmed যে এরাই সেই জানোয়ার তারপরেও এনকাউন্টার করার মত বুকের পাটা পঃ পুলিশের নেই। অথচ সাউথ ইন্ডিয়া তে এইসব ঘৃণ্য ঘটনা একদম টলারেট করেনা পুলিশ ডিপার্টমেন্ট
834480695533374_529416536442181,Vivekananda Sarkar এনকাউন্টার কি সংবিধান স্বীকৃত? সাউথ ইন্ডিয়ার এনকাউন্টার গিলা যে অপরাধীক আড়াল করির জন্য নাহয় এইটা কি প্রমাণিত?
834480695533374_1042912703871126,"Kaushik Roy সংবিধান স্বীকৃত শব্দটা অনেক বড় বা ভারী কথা। যা সবার জন্য সবক্ষেত্রেই প্রযোজ্য। আর কিছু বললাম না, যা ব্যক্ত করার ইচ্ছা ছিল সেটাই লিখেছিলাম।"
834480695533374_1572808536608269,সকাল বিকালে যেন রুলের গুঁতো দেওয়া হয়। আর কোনো ন্যাতা এদের ছাড়াতে এলে তাদেরও যেন ঠিকঠাক খাতিরযত্ন করা হয়।
834480695533374_1490536844930258,পশ্চিমবঙ্গের বর্তমান যা অবস্থা তাতে ইনভেস্টিগেশন এজেন্সিতে যুক্ত সমস্ত ছোট থেকে বড় আধিকারিক যদি শিরদাঁড়া সোজা করে কাজ করতে পারেন তবে আমাদের মত লে ম্যান মানে সাধারণ মানুষ ন্যায়বিচার পাব আর না হয় প্রশাসনের অত্যাচারে মানুষ বিপদগ্রস্ত ও বিপন্ন হয়ে শেষ হয়ে যাবে
834480695533374_1170202987393819,ধীরে ধীরে পুলিশের মেরুদন্ড সোজা হচ্ছে।
834480695533374_382499898236128,3 te bochor lege gelo
834480695533374_531654102728024,"Vaggo valo neta montri der hat mathay chilo na ei 3ta rapist er,,nahole eto dine Gaye hawa lagiye baire ghure berato,,jeta rg kar er ghotona te ghotche,, police khub busy proman lopat korte
Btw,,,police ke emoni howa uchit,,ei 2joner moto,,jodi sobai emon hoto"
834480695533374_874012494255484,আরজি কর এর আন্দোলন এখান থেকেই  শুরু
834480695533374_1039498141109949,"Ki desh re baba.
Ai desh ar minority der upor ar ki bhabe je ottachar hobe😞
Amader minority ki olpo cr!me oh korte parbe na?? Aita ki modir desh?"
834480695533374_2210924945932780,এই ধরনের পুলিশের বড় অভাব৷
834480695533374_2241367819562884,https://www.facebook.com/angilena.chopra/videos/1295997541283449/?mibextid=rS40aB7S9Ucbxw6v
834480695533374_1028896762213479,"সর্বাগ্রে অফিসার কে ধন্যবাদ জানাই।এদের প্রকাশ্যে ফাঁসি দেওয়া উচিত ছিলো।  সেই সঙ্গে কামদুনি, আর জি কর ধর্ষণকারীদের দ্রুত সাজা হয়,সেই অপেক্ষায় রইলাম।"
834480695533374_1026684628730716,"শুধু সাজা দিলে হবেনা কারণ পঁচিশ বছর পর তারা ছাড়া পেলে এরকম ঘটনার পুনরাবৃত্তি হতে পারে, তাই ভবিষ্যতের কথা মাথায় রেখে এদের উপযুক্ত শাস্তি ফাঁসি।যাতে এদের মতো আর কোনো হারামজাদা এরকম কোনো অমানবিক ঘটনা ঘটাতে না পারে।"
834480695533374_505345012284534,"একবার সঠিক অপরাধীদের ধরুন স্যার,
পুরো রাজ্যের জনগন আপনাদের 
আশীর্বাদ করবে,
নিজের মেয়ের জন্য,মায়ের জন্য,বোনের জন্য,
জানি অনেক সমস্যা,সোজা নয়,
তবুও,
1বার ওঁদের কথা ভেবে🙏"
834480695533374_1028823052080964,একজন IO কে সময় এবং স্বাধীনভাবে তদন্ত করার সুযোগ দিলে বড়ো বড়ো অসম্ভব কে সম্ভব করে দেখাতে পারবেন।
834480695533374_527448839772189,এই কাটোয়া দের ছোটো বেলা পুরো টা যদি কেটে দিত তাহলে আর অপরাধ হত না।
834480695533374_1175865830309894,এখানে ২৫ বছরের সাজা হলে সিপিআইএম এর খুনি দুলালের ১৪ বছর কারাবাস হয়েছিল কেন ? ওকে আবার জেলে ঢোকানো হোক
834480695533374_1408168206519755,"যাক, দুধেলদের নাম প্রকাশ করছেন, এটাই একটু উন্নতি। বাকি সব তো একই আছে।"
834480695533374_873621971374887,"Sottie salute apnader..🙏🙏🙏
Apnara je Mamata Banerjee ar bola ""je goru dudh dey, tar lathi o khete hoy"",, sei dudhel gai der upor action neachen.. atai bisal sahos ar bishoy."
834480695533374_1042211603851943,"নাহ বিচার পছন্দ হয়নি, পাবলিকের সামনে ওদের মেসিন কেটে তারপর ২৫ বছরের + টাকা জরিমানা করা দরকার ছিল।"
834480695533374_1858710477968333,"ওদের সকলের কারাবাসের থেকে ফাঁসি দিলে বেশি খুশি হতাম !!

যারা নারীদের ওপর যৌন্য নির্যাতন করে তাদেরকে এই দুনিয়ায় বেঁচে থাকার কোনো অধিকার নেই !!

আমাদের দেশে ধর্ষনের শাস্তি  কম বলেই , আমাদের দেশের মেয়েরা প্রতিদিনই দেশের কোনো না কোনো প্রান্তে  ধর্ষনের স্বীকার হচ্ছে !!

আমাদের দেশেতে যদি শাস্তি কঠোর হতো , তাহলে কারোর  অপরাধ করার চিন্তা আসলেও তার দিল কেঁপে উঠতো!!"
834480695533374_855956123306903,এভাবে নাম গুলো উজাগর করে দিলেন। চটি তো আপনাদের চাকরি খেয়ে নেবে
834480695533374_2979843448829908,"শিলিগুড়ি কাল ফাঁসির ঘোষণা হলো একজনের আজ আর একজন শাস্তি পেলো , যাই হোক ভালো লাগলো । ভুল ভাল কাজ করলে যেমন আমরা পুলিসকে গালি দেই ,তবে এগুলো কাজও প্রশংসনীয় । 
কোনো নেতার চটি না চেটে , কোনো গরিব মানুষের টাকা ঘুষ না খেয়ে একবার নিজের কাজ গুলো সৎ ভাবে করুন দেখবে ভালো কাজের নেশা ধরে যাবে । মানুষ পুলিশ কে দেবতার মতো পুজো করবে ।।"
834480695533374_1438394140159141,Sob guloi to shantir chele.
834480695533374_1071222594461056,"সংখ্যালঘু তকমা লাগিয়ে সংখ্যাগুরুর ওপর অত্যাচার, এ যেন খবর দেখেই মাথায় রক্ত চড়ে গেল। যদিও এ খবর নতুন কিছু নয়। তবে মুসলিম সংখ্যাগরিষ্ঠ কোন দেশে এ খবর দেখা যায় না।

আসল ব্যাপার টা হল এই ""হায়নার"" গোষ্ঠী জেলে থাকুক বা সমাজে এমনিতেই এদের অধিকাংশেরই জীবনযাত্রা #মহাউন্মাদের মতোই ইতরামি তেই অতিবাহিত হয় 

#এসআই সাহেব কে অসংখ্য ধন্যবাদ"
834480695533374_1715111705929695,"এই রায় মানতে পারলাম না,,
কি দরকার ওদেরকে সরকারি টাকায় বসে বসে খাওয়ানোর??
তার থেকে বরং ওদের তিনজনকে রেললাইনে শুইয়ে উপর দিয়ে কাঞ্চনজঙ্ঘা এক্সপ্রেস পার করে দেওয়া হোক।"
834480695533374_2176863012689325,"শান্তির দূত এরা। 

well done West Bengal Police❤️"
834480695533374_7541014572666025,সবই ঠিক আছে কিন্তু success rate টা তো উল্লেখ করবেন ! না হলে বুঝবো কী করে কতজন মেরে একজনকে justice দিলেন ।।
834480695533374_401883792600699,"ওদের হাতের আগুল।গুলো।কেটে।দেওয়া
আর একটা  বরো ডাব্বাই ইসেড ভরে ওদের শরীর  টাকে পা থেকে  কোমর  ডুবিয়ে  দিওয়া হক আর"
834480695533374_1265160337831150,এসে গেছে এসে গেছে বাম্পার অফার!!!!! ২০২১ এর ঘটনা ২০২৪ e 🤔 কতোটা সত্যি সেটা আপনার জানেন। বলছি ২০২৬ e কি ভোটে দাঁড়াচ্ছেন নাকি? আপনাদের পোস্ট দেখে তাইতো মনে হচ্ছে???? এতদিন কোনো পোস্ট ছিলো না আর জি কর হাসপাতালের ঘটনা ঘটেছে তারপর থেকে এতো পোস্ট কী প্রমাণ করতে চাইছেন আপনারা!?? যদি সৎ সাহস থাকে আর জি কর হাসপাতালের ঘটনা কে সামনে রেখে একবার পোস্ট করুন অভয়ার বিচার চাই✊✊✊✊
834480695533374_1147316042995996,Amadar West Bengal a arokam cholcha kintu kew kichu korche na sobai bose ache
834480695533374_1307418036910546,Muslim again
834480695533374_364641266719895,https://www.facebook.com/share/v/kWUFhnTQ4z4kqZws/?mibextid=GOdwvm
834480695533374_497143132951903,Samanno Ekta Sele Meye Paliye Jawa Case Take O Taka Niye Tapan Police Satsoin Ay Amar Friend Er Upor Rape Case FIR Niyece West Bengal Police
834480695533374_3830907973795017,Kintu Fake Rape Case Ar Upor Ki Korche WB Police 🚨
834480695533374_1217202412761724,কামদুনি মামলায় যদি এত সুন্দর তদন্ত হতো
834480695533374_514758564838386,"রেপিস্ট দের কোনো জাত হয়না কিন্তু বিজেপি শাসিত রাজ্য গুলোর দিকে তাকালে ঘৃণা ছাড়া আর কিছুই  আসেনা। বিলকিস বালুর রিপ্লেসদের কে জামিন দিয়ে ফুলের মালা গলায় পড়ানো হয় এবং প্রধানমন্ত্রী তাদের মিষ্টিমুখ করায়। গত কয়েকদিন আগের ঘটনা রাম রহিমকে জামিন দেয় , গত কয়েকদিন আগের ঘটনা বিজেপির নেতা নাড্ডার সঙ্গে ওই ধর্ষকদের ফটো থাকার জন্য এবং তারা আইটি সেল এর সক্রিয় সদস্য বলে তাদেরকে জামিন দেয়। এটা কোন ধরনের আইন।"
834480695533374_489961603817417,তিলো তোমার দোষীরা এখনো তো মুক্ত ভাবে ঘুরে বেড়াচ্ছে তাদের ধরেছেন আপনারা
834480695533374_1460416734615497,"3te mal কেই, জেন্ত অবস্থায় 🐆🐅 খাচায়ে ফেলে দেয়া হক। নাহলে ফাঁসি/এনকাউন্টার hba উচিত।
25 বছর সাজা দিয়ে কি হবে স্যার???? সেই তো Public এর টাকা নষ্ট করে, 25 বছর ধরে ধর্ষক দের লালন পালন করবেন!! 
এই ধর্ষকদের জন্য কেনো Public Money, নষ্ট করা হবে!??
এই জন্য আইন definitely change করতে হবেই.... আরো করা আইন আনতে হবে গোটা দেশে। ..."
834480695533374_1665709947540422,বিধানসভায় বিরোধী দলনেতার বক্তব্যে কাজ হলো।  ২০১১ সালে ২৯ হাজার  আর ২০১২ সালে ৩০ হাজার অভিযোগ এর অভিযোগ কী হলো
834480695533374_1252031746151214,"খুব ভালো 👌
তবে এতদিন তো এরকম পোস্ট দেখি নি হঠাৎ কি হলো ?"
834480695533374_543059235051431,Premananda Das ২০২৬ এ এনারাও ভোটে দাঁড়াচ্ছেন। 🩴 সিম্বলে ভোট দেবেন।
834480695533374_1542498676364342,Premananda Das হলো এইটাই পুলিশ পুলিশের কাজ করে যাচ্ছিলেন। সমাজে ফেক নিউজ ছড়িয়ে পুলিশের বদনাম করার জন্য পুলিশও ওদের কাজ পোস্ট করতে শুরু করেছেন।
834480695533374_368453986335260,Premananda Das আসলে কিছু অন্ধভক্ত আছে যারা ভালো কাজকে দেখতে পায় না। যেমন তারা গোবরকে সন্দেশ মনে করে খাই।
834480695533374_1191907692137609,বাংলার ভরসা মমতা বন্দ্যোপাধ্যায় সর্বপ্রথম প্রোফাইলে নামটা চেঞ্জ করুন কেমন একটা গালি গালি নাম 😂
834480695533374_1242634323443483,"সাধারণ মানুষ এরকম পুলিশকেই চায়, দল দাস হলে সমাজের পক্ষে খুব ক্ষতিকারক হবে।"
834480695533374_524328353619446,মৃত্যুদন্ড কেন‌ নয়? যেখানে সরকার থেকে ধর্ষণের বিরুদ্ধে রায় মৃত্যুদণ্ড ঘোষণা করেছে সেখানে সংখ্যালঘু সম্প্রদায় বলেই কি ২৫ বছর কারাদণ্ড দিয়ে ভোট বাঁচিয়ে রাখল সরকার পক্ষে আইনজীবী
834480695533374_1056678765868848,ফাঁসি চাই আর নয় এন কাউন্টার
834480695533374_335454939651926,"বাহ্ খুব ভাল কাজ !
কিন্ত আমার সাদা মনে একটাই প্রশ্ন এই ঘটনার সাথে যদি কোন তিনোমূলের নেতা থাকত তাহলেও কি এরকম ভাবে বিচার হত !?"
834480695533374_536077165454479,"বেস কয়েক দিন ধরে আপনাদের এই পোস্ট গুলো দেখছি দোষী সাস্তি পাছে, কিন্তু দোষ করি গুলো একই ধর্মের মানুষ হচ্ছে, r g kar  কান্ডে কী এরকম কিছু আছে না কি, নামি দামী কোনো ব্যাক্তি যার জন্য দোষী ব্যক্তিরা ধরা পড়ছে না, যদি এরকম দোষ কারি ধরা না পড়ে তাহলে এসব কাজ আরো বেরে যাবে তারা সাহস পেয়ে যাচ্ছে আরো, আর সব জায়গাতে দেখছি রেপ করার ভিডিও বানিয়ে ভয় দেখাচ্ছে বলে দিলে তাহলে ভিডিও প্রকাশ করে দেবে, এই মেয়ে গুলো মনের জর নিয়ে গছে তাই দোষী ধরা পড়েছে, তাহলে কতো মেয়ে এরকম দোষ নিজের সন্মানের ভয় লুকিয়ে রেখেছে ভেবে দেখুন, মেয়েরা সব কিছু তে ভয় পাবেন না, ভয় পেলে এটা আরো বাড়তে থাকবে কম হবে না, তাই সামনে দাড়িয়ে লরাই করে বেচেঁ থাকুন সম্মান আপনাদের কম হবে না, সব মেয়েরা মা দুর্গা মা কালি রূপ, এটা মনে নিয়ে ভয় দূরে রাখুন।"
834480695533374_409595065097821,"প্রশাসন সঠিকভাবে কাজ করলে সাধারণ মানুষ প্রশাসনের উপর বিশ্বাস স্থাপন করবেন, কিন্তু অনেক সময় অসৎ অফিসার উপঢোকন নিয়ে দোষীদের সাপোর্ট করে ফলে বিচার প্রার্থী বিচার পায় না। ধন্যবাদ বাদ এই কেশের সমস্ত অফিসারদের সঠিক বিচার পাইয়ে দেয়ার জন্য।"
834480695533374_948566583705098,"কিন্তু আমার মনে একটা প্রশ্ন 
৩ বছর লেগে যায় কেন? বিচার বেবস্তা অতি দ্রুত করার চেষ্টা করুন🙏"
834480695533374_401244582992339,Max case e meye der Religion belongings nei r opor dike Criminal max case one Perticular Teke.. eto sahos ase kota tke. Matar opor hat na takle.
834480695533374_504301519001989,ফাঁসি দিক জঙ্গী দের।
834480695533374_869753388072123,"প্রশংসনীয় কাজ! তাও বলবো, কেনো যে এনকাউন্টার করেন না! কোনো মানবাধিকার এদের জন্য থাকা উচিত নয়।"
834480695533374_3302402419893646,"এদেরকে ফাঁসির সাজা দেওয়া উচিৎ,,, তবে বাকিরা ভয় পাবে।
কোর্টের জর্জরা কি ঘুষ খেয়ে সাজা কমিয়ে দিচ্ছে নাকি খতিয়ে দেখা দরকার।।"
834480695533374_1602591133804833,খুব ভালো লাগলো কিন্তু যখন পুলিশ ঘুষ খায়  FIR নেয় না নেতা বাবাদের কথায় ওঠে বসে আজ প্রশাসন তথ্য প্রমাণ লোপাট করেছে আজ যদি আপনার পরিবারের কেউ হতো আপনাদের মনে কষ্ট হতো না বলুন । বিনীত গোয়েল/ডিসি এরা দোষী নয় আপনারা বুকে হাত দিয়ে বলুন।রাজীব কুমার। কার কথা বলবো আর। আপনাদের মেরূদন্ড সোজা করুন  ইমেজ ফেরান যাতে সন্তানদের সামনে মাথা তুলে দাঁড়াতে পারেন। আপনার সিনিয়র যদি অন্যায় করে একজোট হয়ে প্রতিবাদ করুন আপনারাই পারেন সুষ্ঠ সমাজ গড়তে প্রধান ভুমিকা পালন করতে পারেন
834480695533374_1060499212314063,যেই সব নেতা পুলিশ কে  হুশিয়ারি ও নিম গাছে বেঁধে রাখার  পরামর্শ  দিচ্ছে  ##এই সব নেতা দের  পুলিশ প্রটেকশন দেওয়া  বন্ধ করা হোক
834480695533374_542810045073162,"ফ্রি হ্যাণ্ডে কাজের সুযোগ থাকলে পশ্চিমবঙ্গ পুলিশ অনেক ভালো কাজ করে। শীতলকুচি কাণ্ড, বাগডোগরা কাণ্ড তার প্রমাণ।❤️"
834480695533374_472935989064401,"Sanjiban Mandal Sanjay এইগুলোর সাথে পশ্চিমবঙ্গের কোন নেতার যোগ নেই মনে হচ্ছে,  যদি কোন যোগ থাকতো তবে পশ্চিমবঙ্গ পুলিশ এই কাজ করতে পারতো না।"
834480695533374_1057303222730329,সব ক্রাইমেই মু*সলিম এগিয়ে
834480695533374_2501680753357746,Tapan SarkarSandip Ghosh kon cast?
834480695533374_2038543569936984,"ফাঁসির প্রয়োজন ছিল, শান্তি ছেলেদের"
834480695533374_398184693299325,"পজিটিভ খবর যেমন পোস্ট করেন নেগেটিভ গুলোকেও পোস্ট করুন, তবেতো মানুষ বিচারের জায়গায় আসতে পারবে"
834480695533374_550666380723380,Sob tik ache sir but eto let ekta bichar pete political cash to sathe sathe mite jay egulo keno joldi mete na 🙏jaihok sir wb take ektu sustho rakhun dayitto sob apnader hate
834480695533374_1432298960743109,নামগুলো সেই🙌
834480695533374_2479893352200293,Dipanjan Sarkar name ki ase jai
834480695533374_1212593216612514,Rajesh Roy আপনার কী আসে যায় যে চুলকানি মারতে আসলেন কমেন্টে?
