,Unnamed: 0,POST_ID,CAPTION,REACTION_COUNT,COMMENT_COUNT
0,0,692583847600758_834783712169739,"কাটোয়ায় নাবালিকাকে যৌন নির্যাতন, ড্রোনের সাহায্যে গ্রেফতার অভিযুক্ত 

ঘটনা গত পরশুর দুপুরের। পূর্ব বর্ধমান পুলিশ জেলার কাটোয়া থানা এলাকার। চার বছরের একটি বাচ্চা মেয়ে তার বাড়ির কাছের কৃষিজমিতে ঘুরে বেড়াচ্ছিল একা। সেই সুযোগে সীমন্ত মাঝি নামের এক স্থানীয় শ্রমিক জোর করে মেয়েটিকে টেনে নিয়ে যায় নিজের ঘরে, এবং নির্মম যৌন অত্যাচার চালায়। রক্তাক্ত অবস্থায় বাড়ি ফিরে মেয়েটি বাবা-মাকে জানায় ঘটনাটা। গ্রামবাসীরা চড়াও হন ধর্ষক সীমন্ত মাঝির বাড়ি। বিপদ আন্দাজ করে ততক্ষণে সীমন্ত গা-ঢাকা দিয়েছে। 

পুলিশে অভিযোগ জমা পড়ে বিকেলে। শুরু হয় অভিযুক্তের খোঁজে চিরুনিতল্লাশি। জানা যায়, সীমন্তের পৈতৃক বাড়ি কাটোয়ার আকাইহাট এলাকায়। সেখানে কৃষিজমি সংলগ্ন জঙ্গলে তাকে ঢুকতে দেখা গেছে বিকেলের দিকে। পুরো জঙ্গল ঘিরে ফেলা হয়, যে প্রক্রিয়ায় অকুণ্ঠ সাহায্য করেন স্থানীয় মানুষ। অভিযুক্তের অবস্থান চিহ্নিত করতে পুলিশের তরফে জঙ্গলের উপরে ওড়ানো হয় একাধিক ড্রোন। ব্যবহার করা হয় ড্র্যাগন লাইট। অবশেষে একটি পোড়ো বাড়ির ছাদ থেকে ধরা পড়ে 'নরপশু' সীমন্ত। 

যুদ্ধকালীন তৎপরতায় আমরা তদন্ত শেষ করব এই মামলার। অভিযুক্তের সর্বোচ্চ শাস্তি সুনিশ্চিত করতে সর্বশক্তি প্রয়োগ করব আমরা।",1187,109
1,1,692583847600758_834480695533374,"ছাত্রীর উপর যৌন নির্যাতন, ২৫ বছরের কারাবাস

কোচবিহার জেলার শীতলকুচি থানা এলাকা, ২০২১-এর ২১ ডিসেম্বর। কলেজ যাওয়ার পথে জামির হোসেন নামে সিনিয়রের সঙ্গে দেখা ১৯ বছরের এক ছাত্রীর। জামিরের সঙ্গে তার বন্ধু ফিরোজ হোসেন। দুজনেই দাঁড়িয়ে জামিরের মারুতি ওমনি ভ্যানের পাশে। চেনা মুখ, সুতরাং জামির তার গাড়িতে ছাত্রীকে কলেজে পৌঁছে দেওয়ার প্রস্তাব দিলে আপত্তি না করে গাড়িতে উঠে পড়ে সে, গাড়ির চালক হয় ফিরোজ।

মাত্র আড়াই কিলোমিটার দূরে কলেজ, কিন্তু সেই সময়ের মধ্যেই ছাত্রীটিকে জোর করে গাড়ির ভিতর আটকে রাখে জামির, এবং দ্রুত শীতলকুচি থানারই অন্তর্ভুক্ত বামুনডগা গ্রামে জামিরের পিসির বাড়ি অভিমুখে ছোটে গাড়ি। ইটভাটায় কাজে গেছেন বাড়ির সকলে, অতএব বাড়ি ফাঁকা। সেখানে তাদের অপেক্ষায় ছিল তাদেরই কলেজের আরেক ছাত্র রাসেল মিয়া, যে ওই ছাত্রীর জুনিয়র।

জামির এরপর মেয়েটির কাছে দাবী জানায় শারীরিক সম্পর্ক স্থাপনের। কিন্তু সে কিছুতেই তাতে স্বীকৃত না হওয়ায় তাকে ধর্ষণ করে জামির, যার ভিডিও করে তার দুই সঙ্গী। এখানেই শেষ নয়। এরপর মেয়েটির উপর যৌন নির্যাতন চালায় বাকি দুজনও, যার ফলে অচৈতন্য হয়ে পড়ে সে। জ্ঞান ফেরার পরে তাকে ফের গাড়িতে তুলে রাস্তায় নামিয়ে দেয় তিনজন, এবং শাসিয়ে যায়, মুখ খুললে গোটা এলাকায় ছড়িয়ে দেওয়া হবে তার ভিডিও। শুধু তাই নয়, প্রাণেও মেরে ফেলা হবে তাকে।

বাড়িতে লোক বলতে সে এবং তার মা। বিপদেআপদে সাহায্য করার বিশেষ কেউ নেই। তাই বাড়ি ফিরে তখনকার মতো ভয়ে চুপ করে থাকলেও তার একদিন পরেই শীতলকুচি থানার দ্বারস্থ হয় সেই মেয়ে। কারণ আর কিছুই নয় -- আবার একবার তার সঙ্গে যোগাযোগ করে জামির ও তার সঙ্গীরা। এবারেও দাবী সেই একই, সঙ্গে আবার ভিডিও প্রকাশ করে দেওয়ার হুমকি। 

তদন্তের দায়িত্ব পান সাব-ইন্সপেক্টর মণিভূষণ সরকার (বর্তমানে ওসি মেখলিগঞ্জ, কোচবিহার) এবং তৎকালীন মাথাভাঙার এসডিপিও সুরজিৎ মণ্ডল (বর্তমানে ডিএসপি ক্রাইম, পূর্ব বর্ধমান)। তিন অভিযুক্তকে গ্রেফতার করে দ্রুত জমা করেন চার্জশিট, এবং বিচার চলাকালীন আগাগোড়া তিনজনকেই হেফাজতে রাখতে সক্ষম হন। মামলায় রায় বেরিয়েছে ক'দিন আগেই। দোষীদের মাথাপিছু ২৫ বছরের সশ্রম কারাদণ্ডের আদেশ দিয়েছেন আদালত, সঙ্গে প্রত্যেকের ১ লক্ষ টাকার জরিমানা, অনাদায়ে আরও এক বছরের কারাবাস।",2370,313
