COMMENT_ID,COMMENT
823823473265763_825380949585494,"We are available on YouTube too. Please visit-
www.youtube.com/@westbengalpoliceofficial"
823823473265763_1340318753596713,West Bengal Police কিছু চুড়ি কিনে west bengal police এর হাতে পরিয়ে দিলে কেমন হয়।
823823473265763_489503237129311,West Bengal Police jaoar
823823473265763_1592230781715016,West Bengal Police I request to West Bengal police This number +91 84364 28467 every day calling my family too much bad language use I don't know who people please West Bengal police action this Number
823823473265763_773771964725390,Good job 👌
823823473265763_1038522737818968,Great job sir 👍
823823473265763_1459242508090873,দারুন উদ্যোগ
823823473265763_930142979141427,GOOD
823823473265763_466567736365873,অসাধারণ 🙏 আজকের দিনে এর প্রয়োজনীয়তা অনস্বীকার্য
823823473265763_1024252705842352,দারুণ উদ্যোগ 💪
823823473265763_527117923211913,Should teach Weaponry martial art.or Situation based martial art.
823823473265763_828053255757893,"যারা হাসছে, স্পষ্টতই বোঝা যাচ্ছে মেয়েদের প্রশিক্ষিত হতে দেখে তাদের কষ্ট হচ্ছে; কারণ রাস্তাঘাটে তারা আর মেয়েদের সাথে বেহায়াপনা করতে পারবে না!
গুড জব Wb Police ❤️"
823823473265763_1056101636027604,"Kanoj Biswas এতো উল্টোপাল্টা লিখেছেন যে আপনার নিজেরই পড়তে বিরক্ত লাগবে! আপনার মাথায় রক্ত উঠে গেছে। বিশ্রাম নিন। সুস্থ থাকুন, ভালো থাকুন।"
823823473265763_1029500661968351,"Kanoj Biswas আপনি সাজেশন দিতেই পারেন। একজন যোগ্য নাগরিকের কাজ তার প্রশাসন কে যথোপযুক্ত করে তোলা। আপনি যে মন্তব্য টা করলেন, সেটাই ওনাদের কে ইমেলে কে জানান। আশাকরি সামর্থ্যের মধ্যে অবশ্যই চেষ্টা করবেন। এটকু যখন পেরেছেন, আগামী আরও বড়ো করে করতে পারবেন।
সিভিল ডিফেন্স এর ট্রেনিংয়ের জন্য বিভিন্ন জেলা থেকে ফর্ম ফিলাপ হয়েছে। ফ্রী তে একমাসের(সম্ভবত) ট্রেনিং দেবে বেকার যুবক যুবতী দের।
প্রশাসনের পাশে থাকুন। প্রশাসন আমাদের খারাপ চাইনা বলেই জানি।"
823823473265763_391914113936561,Pradip Pal asole chotir nesha ta kori na to tai birokti ta otota nei🤣🤣🤣🤣🤣
823823473265763_7999374100186077,এসবের চেয়েও বেশি প্রয়োজন অপরাধীদের দৃষ্টান্ত মূলক শাস্তি
823823473265763_503022172318398,Ashraful Hoque agreed
823823473265763_1054480612856117,"সারে জাহা সে আচ্ছা হিন্দুস্থান হামারা

এই প্রশিক্ষণ যদি সরকারি ভাবে প্রত্যেকটা সরকারি বা বেসরকারি স্কুলে পঠন পাঠন এর মত আবশ্যিক অন্তর্ভুক্তিকরণ হয় তবেই তো নারী শক্তির জাগরণ ঘটবে এবং আমাদের ভারতবর্ষ এক নতুন রূপ লবে । আর সারা বিশ্ব আমাদের ভারতকে নতুন রূপে চিনবে এবং গ্রহণ করবে। এই প্রশিক্ষণ অন্যান্য পঠন-পাঠনের মতোই একটা পাঠ হিসেবে যুক্ত করলে তবেই তা সম্ভবপর।"
823823473265763_486938050636539,"স্কুলে মেয়েদের আত্মরক্ষার শিক্ষার সাথে সাথে ছেলে মেয়েদের মূল্যবোধ , সৌজন্যবোধ এইসব শিক্ষাগুলোও দিতে হবে ৷"
823823473265763_473326392282208,Good Idea
823823473265763_533429465773951,Great job of howrah police commissionerate
823823473265763_301875712983809,Good job
823823473265763_530144306204653,Good work.
823823473265763_1040684781102881,Great job
823823473265763_485806997418557,Good work 👏
823823473265763_1223030065782923,Vorsa ache WB police e bz amra shanti te ghumai r apnara rat jege amder pahara diye  thakhen.
823823473265763_490077437068676,"Gautam Acharjee রাত জেগে রাস্তায় ট্রাকের দিকে একটা "" আস্থা ""-র হাত, বাড়িয়ে দেয় - ওইটাতেই আপনার ভরসা জাগে মনে হচ্ছে।"
823823473265763_2933635210108245,Good work
823823473265763_985791199898751,Good work
823823473265763_1483909075630445,Good job
823823473265763_1271816003804872,Great job sir
823823473265763_1063374758502839,Good work
823823473265763_792669229729232,Good & Great work.Sir.....❤️❤️🙏🙏
823823473265763_508683951649775,Good work
823823473265763_521935613553739,Great job sir
823823473265763_1408398753167801,Very nice
823823473265763_378936365244380,West Bengal Police 🚨 ( great ) Jindabad . 👍☺️
823823473265763_480858174902353,এটাকে school syllabus এ compulsory করে দিলে ভালো হবে ।
823823473265763_827585586220402,"Cv/134Cv/134-Fatik Roy, Falakata police station, Alipurduar, Great job"
823823473265763_1029083398685361,খুব ভালো পরিকল্পনা
823823473265763_530273342779897,পশ্চিমবঙ্গ পুলিশকে ধন্যবাদ জানাই। 🙏🏻
823823473265763_1219764129222135,"For all police staff,,Mrng 5টা pity,, 2.5km run, হোক,,, monthly 5km with arms BPET হয়া দরকার,,,,,,, ✌️"
823823473265763_1722326041903966,"WBP, always committed to the society"
823823473265763_1698006797622193,Great work
823823473265763_488190427481082,দারুন উদ্যোগ
823823473265763_1018304153323655,Good work 👏
823823473265763_512568267931017,Good work
823823473265763_864103998997350,Good work
823823473265763_867615485252504,Good job
823823473265763_513791991195853,Good work
823823473265763_771205854989440,Good Job
823823473265763_858753762509638,"ETA PROTI SCHOOL E , PER DAY ONTOTO 1KTA CLASS BADHYOTAMULUK KORAN, 1 -2 DIN ER CLASS E KISSU HBE NA..."
823823473265763_3332654717039939,Good job
823823473265763_2014882935632806,Good job
823823473265763_467945559558009,Great job our police
823823473265763_802294692067531,ভালো উদ্যোগ 💞👌
823823473265763_940796748062963,Good work
823823473265763_8471011249584454,Nice work
823823473265763_842949237812285,Good work
823823473265763_1237373180531339,দারুণ উদ্যোগ
823823473265763_1215807952933635,Good job
823823473265763_1227462428301116,Very nice wbp
823823473265763_1066433851731461,Good job
823823473265763_1632816600902053,Valo khobor
823823473265763_864863428479639,"দারুন উদ্যোগ, স্যার"
823823473265763_829854172240059,অপূর্ব
823823473265763_533102499288151,"চমৎকার উদ্যোগ।
সাধুবাদ জানাই পশ্চিম বঙ্গ পুলিশকে ।"
823823473265763_417627827476290,দারুন উদ্যোগ
823823473265763_811992230764230,That's awesome 👍🤲🙏❤️
823823473265763_1677849356309024,দারুন উদ্যোগ
823823473265763_1170059677624949,Good job
823823473265763_521558873881331,Good Work
823823473265763_1625447345019978,Good job
823823473265763_538285198535646,It should applied in all Schools
823823473265763_1195423585126651,খুব ভালো পরিকল্পনা
823823473265763_796871109186481,খুব ভাল উদ্যোগ।
823823473265763_382825514617891,"খুব ভালো উদ্যোগ, পশ্চিম বঙ্গের যত স্কুল আছে , সরকারি বেসরকারি বাধ্যতামূলক স্কুলে আত্মরক্ষার পাঠ চালু করা হয় সেটাও দেখুন ।"
823823473265763_478466931691871,Great phenomenon 👍🏻👌🏻
823823473265763_903966641571376,দারুণ
823823473265763_1727944241076100,Good jab sir
823823473265763_1576787196582032,Good work
823823473265763_1049513220025494,Darun sir 🙏
823823473265763_515313114220618,Good work
823823473265763_820039946992025,Salute
823823473265763_526876219813028,Kaba thaka Suru hoycha ata
823823473265763_936209338521119,খুব ভালো উদ্যোগ
823823473265763_1508227166487315,Very Nice👍
823823473265763_706036125041816,ভালো উদ্যোগ 🙏
823823473265763_1505600553396568,দারুন উদ্যোগ
823823473265763_527343316404952,Great work 👍
823823473265763_854234436914940,Darun
823823473265763_1233104181029006,খুব ভালো পরিকল্পনা ৷ এই পরিকল্পনাটি আরো আগে নেওয়া হলে ভালো হতো
823823473265763_1522187295170682,ভালো
823823473265763_1242993430391737,ভালো উদ্যোগ
823823473265763_2213375812364817,Valo uddog
823823473265763_1609721756265177,Kub. Valo. Kabar
823823473265763_1204426047352239,সুন্দর স্যার
823823473265763_900225705268936,দারুণ উদ্যোগ 💪
823823473265763_1552638902328168,দারুন
823823473265763_1626989231203102,খুব ভালো
823823473265763_473159598882957,Valo disition
823823473265763_3712659322326028,Vry nice work..
823823473265763_373892935814772,Bah bah 🙏🙏
823823473265763_8609112402446110,Vlo uddog
823823473265763_1217831319668892,Debabrata Baidya 🙏 🙏 🙏
823823473265763_859972962380878,Ati sunder
823823473265763_9011772172171239,Jai hind
823823473265763_910066774277148,Khub bhalo laglo
823823473265763_1175757270203545,Amra jkhn class seven or eight may be oi time a karate sekhano hyechilo school a
823823473265763_1416613065679782,ভালো উদ্যোগ স্যার
823823473265763_1160569715051673,খুব ভালো লাগলো
823823473265763_426878120376132,ভালো উদ্দ্যেগ
823823473265763_376567238623947,খুব ভালো উদ্যোগ ওয়েস্ট বেঙ্গল পুলিশকে ধন্যবাদ।
823823473265763_1024713808983124,"সুন্দর কর্মসূচি,,, প্রতিটা স্কুলে চালু করা দরকার।।"
823823473265763_1583407642240682,"Sk Jalal Uddin বস স্কুল আছে, চাকরি নাই ..."
823823473265763_2119005181892258,Darun
823823473265763_1166254997816157,"খুব ভালো,রাজ্যের সব স্কুলেই এটা দরকার।"
823823473265763_797990068888817,ভালো কাজ
823823473265763_1650923335819898,ভালো উদ্দ্যেগ
823823473265763_828799496065281,"আমি Takondow ব্ল্যাকবেল্ট 
& কিছু দিন Mixed martial arts er tranning korechi 

Govt. & Others Theke ki er jonno kno job er scope pawa jai ?
Jodi Karo jana thake ei bepar e 
Tahole janale valo hoi"
823823473265763_1558092775112757,Valo
823823473265763_26518476764464729,"জয় হিন্দ, সরকারিভাবে বহু আগেই দরকার ছিল প্রত্যেকটা ছেলেমেয়েদের নিজের নিজের আত্মরক্ষার যে সিস্টেম পিটি প্যারেড  লাঠি খেলা এবং ক্যারাটে আর এই নতুন প্রজন্ম ধাপে ধাপে এগিয়ে যাবে জাতীয় সামরিক শিক্ষার দিকে সুশিক্ষায় শিক্ষিত হয়ে দেশ জাতি এবং সমাজ পরিচালনার দিকে তবেই তো গড়ে উঠবে এক নতুন ভারত বর্ষ জয় হিন্দ আজাদ হিন্দ ফৌজ জিন্দাবাদ নেতাজি জিন্দাবাদ"
823823473265763_1084634179980153,মেয়েদের selfdefence এর পাশাপাশি ছেলেদের জন্য কয়েকটি self-controlled কর্মসূচি আয়োজন করুন।
823823473265763_1540933383214501,Nijerai rapist r murderer der bachai abar nijerai natok kori social media te🥲🥲🥲
823823473265763_486290627524425,Great work 👍❤️
823823473265763_2243537539359166,
823823473265763_471480749199354,
823823473265763_515847264266763,
823823473265763_3829219440644006,
823823473265763_1490067411614167,
823823473265763_468583849419676,
823823473265763_480302034773457,
823823473265763_811210277895159,
823823473265763_1193202501825356,🙏
823823473265763_823935953246127,❤️❤️❤️
823823473265763_1026754448886803,👌
823823473265763_1212335649891944,🙏
823823473265763_1579202353014130,🙏🙏🙏
823823473265763_8417466404952275,🙏🙏🙏
823823473265763_1204227297567765,🙏🙏🙏🙏🇮🇳🇮🇳
823823473265763_813654337271093,🙏
823823473265763_521911920412425,@
823823473265763_1170274057578688,🙏🙏🙏🙏
823823473265763_470298489183424,❤️❤️
823823473265763_384585471327212,💐🙏💐
823823473265763_842238858003445,👍
823823473265763_4185357585030003,❤️❤️🙏🙏
823823473265763_1562977734631210,Good work
823823473265763_513464108037408,Good 👍
823823473265763_1059345962254811,Kichu osikhito public jara videoti aeta dekhe hasir emoji dichche....ae malgulo hchche rappist manusikoter public....kaj nae saradin bse bse hehe kre...😏.....aekhne hsir ko ache.....are supprt krte na paris to dure thak.
823823473265763_518091147397840,পশ্চিমবঙ্গ পুলিশকে ধন্যবাদ জানাই। 🙏🏻
823823473265763_1042456003891415,সাধুবাদ জানাই পশ্চিম বঙ্গ পুলিশকে
823823473265763_1163656928268413,দারুন উদ্যাগ
823823473265763_1219907692476198,Dharshok der Dalal trinomul sarkar ar police
823823473265763_867193592048382,অসাধারণ 🙏 আজকের দিনে এর প্রয়োজনীয়তা অনস্বীকার্য
823823473265763_1990395068064135,দেখাযাক
823823473265763_1532960453983871,I request to West Bengal police This number +91 84364 28467 every day calling my family too much bad language use I don't know who people please West Bengal police action this number
823823473265763_394548213310554,How to join? Share details West Bengal Police
823823473265763_1929331504228128,Good wark
823823473265763_1427077387955743,Karate komfu good work
823823473265763_885443843481271,👍 thanks 🙏
823823473265763_485053394512650,Good
823823473265763_490231890307718,Good
823823473265763_8369740263086589,Good work
823823473265763_1150029496063620,Very nice
823823473265763_1060798042323718,Ok
823823473265763_1032124668636581,Good work
823823473265763_1235985014079740,Very good
823823473265763_1420455831961042,Good
823823473265763_1586409692273541,Great
823823473265763_1586987735195207,Nice  sir
823823473265763_1311450576686291,Good
823823473265763_8753872167985644,Super
823823473265763_1054618349567687,Good
823823473265763_413959351703108,Good
823823473265763_7791861817608450,Good Jobs
823823473265763_818452190087974,Good job
823823473265763_436711319388611,"অপরাধী দের অতি দ্রুত দৃষ্টান্তমূলক শাস্তির ব্যবস্থা করুন, ছেলে দের কে মহিলার সম্মান করানো শেখান।"
823823473265763_1534546710816429,Sei to taka khabi dalali korbi durniti korbi kiser police tora
823823473265763_3403019779829351,ভালো উদ্যোগ কিন্তু প্রশ্ন একটাই ধর্ষক যদি তৃণমূল করে তাহলে কি পুলিশ তাকে গ্রেফতার করবে ?
823823473265763_482881571196971,হাওড়া ডিসটিক এ লাভ জিহাদ সংখ্যা বাড়ছে
823823473265763_836681878606375,Nice
823823473265763_950843530139195,NICE.
823823473265763_2309504496070428,Nice
823823473265763_3181779985285794,Nice
823823473265763_1694090524738569,Nice 👍
823823473265763_3759248004317457,"Ar koto credit neben apnara ?
Jei kaj ta 10 bochor age suru korar kotha chilo seta ajke kore congratulation gather korchen .
Natok koren naki ?
Kharap bolbo  na karon jani apnadero hat badha royche .
Tobe chete boro hoa bondho korun 
Ar editor ei comment ta deleat korar kono dorkar nai bhai bujhla din seshe tumio kono mayer chele , boner dada , ar didir bhai ."
823823473265763_1214102819627526,Good job
823823473265763_1185295119445275,ছেলেদের শিক্ষা দিচ্ছেন???? বিচার চাই নাহলে ছাড়ছি না।এসব করে ভোলানো যাবেনা আগে বিচার তারপর যা দেওয়ার দেবেন।
823823473265763_523712086739760,এখানে একটা পাঠ যেন অবশ্যই দেওয়া হয় - ঘুমের মধ্যে পুলিশের সিভিক ভলান্টিয়ারদের আক্রমণ কি করে প্রতিহত করতে হয়
823823473265763_492078133545197,BJP  র কিছু এসেছে পোস্টে হাসছে
823823473265763_7777052975753401,Aage Police der Nijer Shorirer Fitness Aana Dorkar...
823823473265763_1213741983382136,Esob kore ki hobe... Kichu hoar somoy cctv kharap hoe jay... Apnader garite tel ses hoe jay .... Kono order ase na opor theke.... Kintu akbar sob kichu hoe gele tokhon apnader je rup ta berie ase setar jnno dhonno amra bongobasi....
823823473265763_1897668867388490,Nice
823823473265763_472115279137785,We are experts at sprinkling water at the top of the plant!  Instead of addressing every issue by finding the root cause we focus on 'dramebazzi'!!
823823473265763_1282003803207429,পুলিশ আসল অপরাধী আজ সুপ্রিম কোর্ট বলে দিয়েছে।
823823473265763_874927817361937,আগে ছেলেদের আত্সংযম করতে শেখান
823823473265763_3818213165079682,And then some used the pistol
823823473265763_1051385195946595,আপনাদের উচিৎ সিংঘম মুভিটা দেখার 😔
823823473265763_491667740152634,"জনগণ যদি আত্ম রক্ষার প্রশিক্ষন নিতে থাকে দিনে 2ঘন্টা তাহলে আপনাদের ভূমিকা কী🤔
জানতে চাই বঙ্গবাসী?"
823823473265763_8109868952440545,১০ দিনের ক্লাসে কিছুই হবে না। ফেসবুকে আপলোড করার জন্যে ফটো ওপ করতে চাইলে আলাদা ব্যাপার। সত্যিই কিছু শেখাতে চাইলে এটা অন্তত ৬ মাস রেগুলারলি চালিয়ে যান।
823823473265763_3700209493627039,"যেই পুলিশ ভক্তক সেই পুলিশ আবার রক্ষা করার প্রশিক্ষণ দিচ্ছে। আর জি করে কলকাতা পুলিশ ও বেঙ্গল পুলিশ পাহারা থাকা কালিন এতো বড়ো নির্মম ভাবে ধর্ষণ ও নৃশংস ভাবে হত্যা কান্ড কি করে ঘটে???
ঢিল ছোড়া দূরত্বে টালা থানা??? আপনারা থাকা কালিন প্রমাণ কি ভাবে লোপাট হয়?????? জবাব আছে আপনাদের কাছে???"
823823473265763_829490932689402,"সবাই এই সব ই করুক।
আর আপনারা রাস্তায় গাড়ি ধরুন 😁🤣"
823823473265763_840529471564420,Akhane jara jara 🤣 react diechen ara protteke nari birodhi
823823473265763_398455626605273,"পুলিশের কারণে আজ রাজ্যের এই দুরবস্থা
ছিঃ ছিঃ"
823823473265763_2100236090370224,"ওয়েস্টবেঙ্গল পুলিশ কে আমার অনুরোধ আপনারা কি সত্যি পুলিশ না, অন্য কিছু আপনারা তো সব আগে থেকে জানতে পারেন তো চার মাস পেরিয়ে গেলো আমার একটা বাইক চুরি হচ্ছে পশ্চিম মেদিনীপুর এর শালবনি থেকে কোই সেটা তো আজও শালবনি থানার পুলিশ বের করতে পারলো না সব থেকে হাস্যকর বেপার হলো যে বাইক টা চুরি করে নিয়ে গেছে সেটা পুলিশ জানে তাও বের করতে পারছে না কেন। সব জানার পরেও পুলিশ হাতে চুরি পরে আছে নাকি। পারলে কমেন্ট এর রিপ্লাই দিবেন না হলে পুলিশ পরিচয় টা দিবেন না"
823823473265763_3613069875671509,দারুন স্যার। কিন্তু Frankenstein পোষা কবে বন্ধ করবেন? ( civic volunteer)
823823473265763_484590274426759,বাহ লোকদেখানো কাজ গুলো খুব ভালো করতে পারে wbp।  কি লাভ এই বালের এক দুই দিন প্রশিক্ষণ দিয়ে। কাজের কাজ নেই ঘুষ খোরদের দল চোর সবচেয়ে বড় নির্লজ্জের দল সব ।
823823473265763_878728070804709,"যে রাজ্যে আইন শৃঙ্খলা নেই সেইখানে সবাইকে নিজে থেকেই আত্মরক্ষা করার জন্য প্রস্তুতি নিয়ে রাখতে হয় , তবে শরীর চর্চা করলে শরীর ভালো থাকে ।"
823823473265763_1037593647832172,"খুব ভালো উদ্যোগ।
কিন্তু আপনাদের ভূমিকা কই? 
সারা দেশ আপনাদের কার্যকলাপের নিন্দা করছে, SC পর্যন্ত আপনাদের তুলোধোনা করলো।

এত কষ্ট করে পড়াশোনা করে চাকরি পেয়েছেন,কেন পোষ্য-এর জীবন কাটাচ্ছেন? যত দিন চাকরি করবেন মাথা তুলে ও সৎ পথে বাঁচুন।"
823823473265763_1058793012276466,CV 393 Anamul hoque
823823473265763_1902254126854922,"ঔষধ এর প্রয়োজন তখন, যখন রোগী রোগে আক্রান্ত।। অর্থাৎ মেয়েরা safe নয় , বলেই তাদের আত্নরক্ষার প্রচেষ্টা শেখানো।। আগে মা বোনদের সুরক্ষা দিন।।"
823823473265763_522087416926176,"বাঃ খুব ভালো উদ্যোগ, এটা continue রাখা দরকার।
এবার ঘুষ নেওয়া বন্ধ করার জন্য দুর্নীতিবাজ পুলিশ দের নিয়ে একটা কর্মশালা চালু করুন, নেতা দের পা না চেটে কিভাবে সৎ থাকতে হয় তার কর্মশালা শুরু করুন। 
আপনারাও জনগণের সাথে প্রতিবাদে সামিল হোন, কারণ দিনের শেষে আপনারাও সাধারণ নাগরিক, সামাজিক প্রাণী।"
823823473265763_1687849825283163,"অবশ্যই ভালো উদ্যোগ, তবে প্রতিবাদটা যাতে নির্ভয়ে করতে পারে, সেটাও একটু দেখবেন, পারলে ন্যায্য বিচারের জন্য তারা রাস্তায় নামলে তাদের সুরক্ষার ব্যবস্থাটা করেদেবেন এটাই অনুরোধ।"
823823473265763_349444474788837,Humba humba tamba tamba kamba kamba boomba boomba doomba doomba
823823473265763_534241182466287,"খুব ভালো, কিন্তু টাকা খেয়ে কেউ প্রমাণ লোপাট করলে , দোষী শাস্তি না পেলে এসবেরও কোনও মনে থাকবে না"
823823473265763_515536331159246,ভালো কাজ।তবে মেরুদণ্ড সোজা না রাখলে প্রশাসন নিষ্ফল।
823823473265763_3794304380839587,চটি চাটা আর তোলা-তোলা ছেড়ে নিজেদের কাজ টা করলেই বাংলার মেয়েরা নিরাপদ থাকত। ১০০ মেয়েকে নিযুদ্ধ শিখেয়ে দায় সারা যাবেনা। পাপ ধোওয়াও যাবে না।
823823473265763_868171231358986,এত কিছুর পরেও Culprit বিনীত গোয়েল কমিশনার পদে।একটু লজ্জা বলতে নেই এদের।
823823473265763_7631267760312689,R baki jaiga te?
823823473265763_1163080171640453,Esob korar theke ekhn jeta proyojonio seta korun.
823823473265763_799063352298953,Lok dakhano protest thamanor jonno
823823473265763_1041196373665131,মেয়েদের শিখিয়ে কাকে শান্ত করছেন? পুরুষরা মানুষ হতে কী অক্ষম?
823823473265763_1847005495789060,High profile case a to khub pa chaten apnara jai hok ekta to vlo kaj korchen thanks kolkata police
823823473265763_1049884896733339,"যারা দুর্গাপুরে থাকেন বা পশ্চিমবঙ্গে থাকেন দয়া করে আমার সাথে একটু যোগাযোগ করুন ......
দুর্গাপুরের এক প্রোমোটারের ব্যাপারে একটু আলোকপাত করতে চাই। 
ওই প্রোমোটারের নাম বাবলু মন্ডল ......
যিনি মনি কনস্ট্রাকশন এর মালিক। বর্তমানে মনজাই বলে একটি কোম্পানি খুলে
 তিনি প্রতি মাসে ১১% সুদ দেবার প্রতিশ্রুতিতে টাকা তুলছে। এখন তিনি বেশিরভাগ সময় দুবাইতে থাকেন এবং তার কোন ফেসবুক নেই
প্রতি মাসে ১১% সুদ দেওয়া অসম্ভব যা অর্থনীতি শাস্ত্র মেনে বর্তমান বাজারে দেওয়া সম্ভব নয়.... 
দয়া করে আপনারা আমাকে ফোন করুন
আমি আরো কিছু তথ্য আপনাদের দেব .....
প্রচুর মানুষ সর্বশ্রান্ত হবে,
 দয়া করে সবাই মিলে এগিয়ে আসুন আমার পাশে
আমি নিজের জীবনের ঝুঁকি নিয়েও এই প্রোমোটারের বিরুদ্ধে আওয়াজ তুলেছি যাতে সাধারণ মানুষ সর্বস্বান্ত না হয়

আপনাদের ভাই ছেলে বন্ধু
     সুমন বণিক 
      শ্রীরামপুর
   9433086606"
823823473265763_1668855547240003,"যারা দুর্গাপুরে থাকেন বা পশ্চিমবঙ্গে থাকেন দয়া করে আমার সাথে একটু যোগাযোগ করুন ......
দুর্গাপুরের এক প্রোমোটারের ব্যাপারে একটু আলোকপাত করতে চাই। 
ওই প্রোমোটারের নাম বাবলু মন্ডল ......
যিনি মনি কনস্ট্রাকশন এর মালিক। বর্তমানে মনজাই বলে একটি কোম্পানি খুলে
 তিনি প্রতি মাসে ১১% সুদ দেবার প্রতিশ্রুতিতে টাকা তুলছে। এখন তিনি বেশিরভাগ সময় দুবাইতে থাকেন এবং তার কোন ফেসবুক নেই
প্রতি মাসে ১১% সুদ দেওয়া অসম্ভব যা অর্থনীতি শাস্ত্র মেনে বর্তমান বাজারে দেওয়া সম্ভব নয়.... 
দয়া করে আপনারা আমাকে ফোন করুন
আমি আরো কিছু তথ্য আপনাদের দেব .....
প্রচুর মানুষ সর্বশ্রান্ত হবে,
 দয়া করে সবাই মিলে এগিয়ে আসুন আমার পাশে
আমি নিজের জীবনের ঝুঁকি নিয়েও এই প্রোমোটারের বিরুদ্ধে আওয়াজ তুলেছি যাতে সাধারণ মানুষ সর্বস্বান্ত না হয়

আপনাদের ভাই ছেলে বন্ধু
     সুমন বণিক 
      শ্রীরামপুর
   9433086606"
823823473265763_1407865603241703,Amr na edr dkla ekhon majaj garam hoy
823823473265763_1241554647205451,খনিকের ছেলে গুলো হাসছে আবার
823823473265763_1262958611809606,অপরাধীদের শাস্তি দিলে এই সবের দরকার হয় না।
823823473265763_447044598334970,Jamir Aktar right
823823473265763_1030724182090950,রক্ষক যদি ভক্ষক হয় তাহলে লাভ কি❓
823823473265763_408746741780314,"আচ্ছা যারা আমরা গৃহবধূ বা নিয়মিত বাইরে বেরোতে হয় তাদের সুরক্ষার জন্য ওয়েস্ট বেঙ্গল পুলিশ এই প্রশিক্ষণ দেবেনা। উত্তরের অপেক্ষায় রইলাম 🙏
যদি কারোর ভালো না লাগে পোস্টটি এড়িয়ে যাবেন দয়া করে কোন বাজে কমেন্ট করবেন না প্লিজ।"
823823473265763_2971551806347574,পুলিশের কর্ম দক্ষতা নিয়ে সুপ্রিম কোর্টে প্রশ্ন উঠেছে
823823473265763_478738535122946,er poreo crime hole ki bichar byabostha er opor bhorsha kora jay?
823823473265763_2811032092622167,shame on wb police force !
823823473265763_398992742828878,"Jkn kno ghotona ghate tkn agulo 2 din er jonno sru hoy ....nia 2 din por sob abr bndho hoy....

Ate 2 to kaj hoy:- 

1.andonol er res k6u ta kome
2.k6u ta publicity hoy
 
💔Kj er kaj k6u hoy na sadharon manus er jonno"
823823473265763_7948759411897592,"বর্তমান এ  পুলিশ এর ভূমিকা :  ক্রিমিনাল তো ক্রাইম করবেই।।।
আপনারা বুঝে শুনে বাইরে চলা ফেরা করবেন ।।"
823823473265763_407607455673536,"নিজের দায়িত্ব থেকে কি করে পালানো যায়, এইটা আপনার থেকে ভালো কেউ জানেনা।"
823823473265763_437148789367095,"West Bengal Police এই সব করে বিশেষ কিছু লাভ হবে বলে তো মনে হয় না.  আপনার একটু নিরপেক্ষ ভাবে কাজ করেন তাতেই আমরা খুশি. CM যেই হোক না কেনো, তাকে না মেনে সংবিধান কে একটু মেনে চলুন. সাধারণ মানুষ আপনাদের পাশে আছে আর আপনাদের উপর ভরসা করে আছে."
823823473265763_1197459084894790,"স্যার, আমার বাইকএ পেপার সব এক্সপায়ার হয়ে গেছে, আমি কি ২৭.৮.২৪ তারিখে নবান্ন অভিযানে যেতে পারি???"
823823473265763_1196039144985156,রক্ষক-ই ভক্ষক হলে এসব করে কোনো লাভ হবে বলে মনে হয় না 😔
823823473265763_1031578995042397,"আমাদের কোনো ক্ষমতা নেই আমরা সাধারণ মানুষ কিন্তু শ্রদ্ধাবান ব্যক্তিদের ভক্তিতে নাকি শক্তি আছে?
তাহলে আগামী দুর্গা পুজোয় সেইসব মানুষের ভক্তি, এই রাজ্যের সেইসব মানুষের এর জীবন নষ্ট করে দিক যারা অভযার প্রত্যক্ষ ও পরোক্ষ অপরাধী 
কারণ তাদের বেঁচে থাকার কোনো অধিকার নেই 
আর না হলে এটাই সত্য যে ঈশ্বর বলে কিছু নেই 
আর সবাই পুলিশ, প্রশাসনকে যেখানে খুশি রাস্তায় ধরে ধরে জুতো পেটা করুক! এটা দেখতে ভালো লাগবে 
মন শান্তি পাবে 
Let there be Mob justice
This administration deserves it"
823823473265763_1137064614032566,এতকিছু করে কি হবে যেখানে রক্ষকই ভক্ষক।
823823473265763_3723305861264996,🥱🥱😅😅😅 samaj na sudhre.... Meyeder marpit sekhacchye... Vulval... Rapist gulo ke dhore guli korun..... Emni ei sob sudhre jabe..
823823473265763_2609519839232743,"হ্যাঁ হ্যাঁ ওদের ভালো করে ট্রেনিং দিন ।
সেই তো আপনাদের টেবিলের তলা বা ওদের কাছে শেল্টার চাইতে হবে।

#justiceforRGKar  .."
823823473265763_869193035152877,"State এর Law and Order তো সাপোর্ট করবেনা! 
নিজেদের রক্ষা করতে, এটা তো হতেই হবে!"
823823473265763_856304786115635,State er low and order ja obostha . Nijer surokkha nijer chara upai koi
823823473265763_1203871361039080,"ধর্ষকদের সুরক্ষা দেবে 
আবার নারীদের Self defence প্রশিক্ষণ ও দেবে 
Wah আমাদের রাজ্যে পুলিশ সেরা 😂😂😂
Wtf🤮😂😂

কিছু আছে চটি চাটা দালাল ওরাই এদের ভিডিও তে আবার love রিএক্ট দেবে 😂😂😂"
823823473265763_462728586750875,আপনারা নিজেদের পুলিশদের ট্রেনিং দেওয়ার ব্যবস্থা করুন।আর ঘুষ না খাওয়ার পরামর্শ দিন।
823823473265763_7834208363354904,"Potential rapist,molester,sexual abuser i mean cheleder ki ki sekhachhen ki kormoshala hochhe oigulo dekhar opekhhay roilam..meyeder e sob sikhte hobe"
823823473265763_527928239738750,"এসবের থেকে better ছেলেদের কে counselling করানো উচিত regular, ছোট ছোট গ্রুপ করিয়ে সেক্স এডুকেশন দেওয়া উচিত, নিজেকে কন্ট্রোল করার কিচ্ছু পদ্ধতি থাকলে সেটাও শেখানো উচিৎ। বেশি পজিটিভ আউটপুট আসবে"
823823473265763_4086983974862147,"অধিকাংশ পুলিশ ষ্টেশনে দেখা যায়, গুন্ডা মাফিয়া আড্ডা দেয়। সাধারণ মানুষের উপর জুলুম হলে তাদের কাছে টাকা খেয়ে তাদের হয়েই কথা বলে। 

সাধারণ মানুষ তাহলে কি পুলিশের উপর ভরসা ছেড়ে দিবেন? 
পুলিশকে আমি রেসপেক্ট করি যদি সে সততার সহিত কাজ করে।"
823823473265763_903242105183403,Sob valo khota 😊 kichu hole to Apnarai  dhama chapa diye deben ..tao abr total responsibility niye... Ai sob lok dekhano kaj kore ki hobe...
