,Unnamed: 0,POST_ID,CAPTION,REACTION_COUNT,COMMENT_COUNT
0,0,692583847600758_823823473265763,"স্কুলছাত্রীদের আত্মরক্ষার কর্মশালা 

হাওড়া পুলিশ কমিশনারেটের উদ্যোগে শুরু হল মেয়েদের আত্মরক্ষার কর্মশালা। এটি তৃতীয় দফার। প্রথম দুই পর্বে প্রশিক্ষণ নিয়েছে ৬০০ ছাত্রী। তৃতীয় পর্বে ট্রেনিং নিচ্ছে ৯ টি স্কুলের ৩০০ ছাত্রী। ১০ দিনের এই কর্মশালায় অভিজ্ঞ প্রশিক্ষকরা শেখাবেন ক্যারাটে এবং রাস্তাঘাটে আত্মরক্ষার নানান কৌশল।

#HowrahCityPolice #WomenSafety #WBP",2597,253
