COMMENT_ID,COMMENT
801607175487393_465345783134616,"We are available on YouTube too. Please visit-
www.youtube.com/@westbengalpoliceofficial"
801607175487393_458301030433286,Amar bad luck...ekhono pelam na...😭😭😭
801607175487393_7945640622149776,Good morning 💐💐
801607175487393_1195297831607282,"Great sir.Amar phone ta hat theke niye chole geche chariye  February mase.Ami G.D korechi,R Online e CEIRportal e block korechi, Sir phone ta ki  payoya jbe."
801607175487393_371396249391317,Howrah r Rajapur Ps e GD korechi .
801607175487393_523261450030173,We are LOVE 💞❤️ WEST BENGAL POLICE
801607175487393_1516956885916174,Good work done
801607175487393_1000119984820555,আমার ফোনটা ফেরত পাইনি স্যার
801607175487393_1167583177904466,Ami Kobe pabo sir🥹
801607175487393_1718710715623551,স্যালুট ❤️
801607175487393_1588448598365858,"আমার বাবা আর কাকা-র মার্চ মাসের সম্ভবত
10 কি 11 তারিখ হবে ( রমজান মাস শুরু হওয়ার আগের দিন ) সকাল বেলায় দু'টো স্মার্ট ফোন হারিয়ে যায় ( কেউ চুরি করেছে ) এরপর আমার বাবা ও কাকা দুজনে Uttar Para থানা যায় এবং রিপোর্ট করে  ,,
যদি ও এখন পর্যন্ত কোনো খোঁজ পাওয়া যায়নি !!"
801607175487393_791872719732713,Darun.....Amr o pH churi hoaycha two months holo .. Report korachi.....dakha jak ki hoay.
801607175487393_398545899901391,🙏🏻🙏🏻🙏🏻
801607175487393_446236791747820,❤️❤️❤️
801607175487393_1018102686575765,🥰🥰🥰
801607175487393_407128385094082,👍🇮🇳🙏
801607175487393_368086206027649,🇮🇳🇮🇳👌
801607175487393_1472883706668316,👌👌👌
801607175487393_1039135494533154,Mukti Foundation-Baruipur
801607175487393_341334895703984,https://www.facebook.com/share/p/W2sq8PBeTYNxbq6x/?mibextid=oFDknk
801607175487393_1417864685540112,Excellent 👌
801607175487393_1023016575886514,আমাদের এখানে যে সব পেট্রল পাম্প আছে সেগুলোতে ধোঁয়া পরিক্ষা কেন্দ্র নেই। কিন্তু তার মধ্য একটি টে ধোয়া পরিক্ষা কেন্দ্র থাকলেও পরিক্ষা করার জন্য স্টাফ নেই।  এখন বিষয় হচ্ছে পুলিশ গাড়ি ধরলে পলিশন ফেল বলে 1000 টাকা ফাইন করছে।  আর বলছে কোনো পেট্রোল পাম্প থেকে পলিশন রেজিষ্ট্রেশন করতে। পেট্রল পাম্প এ ধোঁয়া পরিক্ষা কেন্দ্র আছে কিন্তু পরিক্ষা করার জন্য স্টাফ নেই।  এই বিষয় নিয়ে কোনো যদি হেল্প করেন আর এই বিষয় নিয়ে প্লিজ একটা পোস্ট করেন
801607175487393_1632245080885676,আমি আর আমার ফোন এই জনমে পাচ্ছি না
801607175487393_505999708759506,"একটা অফিসের লোক পৃথিবীর মানুষ হত্যা করতেছে।এবং অন্যান্য সমস্যা সৃস্টি করতেছে।এতে তাহারা বিষ সহ অন্যান্য মেডিসিন ব্যবহার করতেছে।টাকা চেক এবং অন্যান্য সুযোগ সুবিদা দেয় অন্য উদ্ধেস্যে।এবং ২য় বিশ্ব যুদ্ধের সময় ভারত বর্ষ থেকে জাপানে যে বোমা মেরেছিল,তার প্রতিশোধ নেয়ার জন্য,পৃথিবীতে বিশ্ব যুদ্ধো ঘটাতে চেয়েছিল,এবং প্রতিশোদ মুলোক বাংলাদেশ,ভারত ভয়াভহ হামলা করতে চেয়েছিল।এবং ভারতের মানুষ সহ অন্যান্য জীব হত্যা করতেছে,স্পেসিয়াল ভাবে।আরো অনেক কথা আছে এবাবে নয়,ইনশাআল্লাহ আমি ভারতে আসবো আপনাদের সাথে সাক্ষাতে কথা বলবো।আমার সাথে যোগাযোগ সরাসরি।ফোন এবং মেসেজ।01716413664/01407802040।বাংলাদেশ। স্বপন,ইনভেন্টর ও গবেষক"
801607175487393_1019791453083246,আমার ফোন পাইনি
