COMMENT_ID,COMMENT
815891300725647_358116190676752,"We are available on YouTube too. Please visit-
www.youtube.com/@westbengalpoliceofficial"
815891300725647_2562256334163142,West Bengal Police ai page tar jini content creator tar jonno clappings👏👏
815891300725647_1070217884435201,"West Bengal Police please, Be available where you are needed"
815891300725647_27511760235089806,"এদের জন্য কোনো মায়া দয়া নেই 
এদেরকে যতই সতর্ক করি ততই গালি খেতে হয়,

""আমার বাপের বাইক আমি কি করব তা আমি বুঝব 
তোর বাপের কি"" 

এসব কথা শুনতে চাই না"
815891300725647_1916333852219012,You can't even imagine how much pleasure I get to see such videos 🤣
815891300725647_1012999660202811,Hats off to the WB police department Ads team 😂
815891300725647_524549460085296,Safe drive Save life
815891300725647_505691318819050,"Great WBP👏👏
Salute for this initiative"
815891300725647_1034006148227044,Best police ever😂
815891300725647_1202406304233675,Respect #WestBengalPolice 🫡🔥 for the Sarcasm Level 😀😀
815891300725647_1226644198350399,too much painful video 🥲
815891300725647_486407627708730,"To be sincerely honest in my humble opinion without being sentimental of course without offending anyone who thinks differently from my point of view and without hiding any thoughts in my mind and without lies,to the actual truth with my clear open mind and clean heart,expressing what ever is embedded inside me for a long time which I didn't say just because I was nervous.But Today, by gathering all the courage and motivation, I just want to say that I actually feel and think that I  have absolutely nothing to say."
815891300725647_2532990186908897,Wow every girl should be love him as teath less prince
815891300725647_439207665772234,West Bengal police always rock 😂
815891300725647_8279840335392476,Great video in a great page🤣🤣
815891300725647_3864080187161522,"Head over ""heels"" 😉"
815891300725647_1038409837682616,Take care and stay safe 🙏
815891300725647_1003943647884731,এদের জন্য আমরা বদনাম.....
815891300725647_986289819919277,Nice way to spread awareness. 😍
815891300725647_868128565203155,Thus the bike riders should be punished
815891300725647_478893901524583,Safe drive save life
815891300725647_2274585889561137,Safety first.
815891300725647_1695975394471636,"West Bengal police, salute u.
I had an amazing experience with u guys. Your professionalism is different. Thank u very much to make me feel amazing."
815891300725647_880349830812542,It was a normal reel video to me until I noticed who posted!  👀
815891300725647_8300991936625756,Why it is so satisfying
815891300725647_1238727077301732,Satisfaction 😊
815891300725647_2478725205850940,Most satisfying video i have ever seen 🤗
815891300725647_8134561083292787,Continue Bike stunts but with proper training and Safety gears
815891300725647_854979403224885,"Belghoria express way te ektu nokor rakhun 
Joto rajjer chapri r nibba gulo ai sob kore .#westbengalpolice"
815891300725647_27036286975970861,West Bengal Police
815891300725647_1241855993491894,"Thank you for last night.
Murshidabad District Police 

Berhampore PS, Murshidabad PS, Daulatabad PS, Islampur PS, Raninagar PS, Sagarpara PS

Lord Shiva bless you all. 🙏"
815891300725647_907248311420622,"এইসব ছাগলরা পৃথিবী থেকে যত তাড়াতাড়ি বিদায় নেয় ততই ভালো,, কারণ এদের জন্য আর পাঁচটা ভালো মানুষও,, এসব দেখে অনুকরণ করবে,,, এতে সমস্যা বাড়বে।"
815891300725647_525228446712608,West Bengal police best police in India🤣
815891300725647_529197729581341,Kirbom Kaye no they r Clown 🤡
815891300725647_1180002946533580,"Love you WBP, ei page tar jonne bishesh kore... Apnader ei page r genius creators der k especially 💛🧡😂"
815891300725647_1743723593063603,they are the main source of passive income 🫨🫨
815891300725647_1540540939892092,"Sir r kato bojhabo 😒
Besi style marte mana kori kotha sunena
Dek abar kmn lage😄😂
Sir akta sotti kotha boli kichu mone koren na🫡ami faka rastai 2din haath chere bike chaliye chilam minimum adha kilo miter kintu porini😁
Akhon r aiisob korina sir🫡❤️"
815891300725647_880593877289549,Ride Safe...
815891300725647_1586181955315325,Felt sorry for the bike.
815891300725647_1242809063376507,আলহামদুলিল্লাহ
815891300725647_867977331912357,Ghoti beke geche
815891300725647_519721424060816,"হে ভগবান,,"
815891300725647_476825485205646,Mountain Dew 💀
815891300725647_1187139562364041,এদের জন্য আমরা বদনাম..... 🙂
815891300725647_1036695371449606,This is Call Real action movies stunts 😀😂
815891300725647_8060686533980206,"বেশ মজাই আছে চোরের পাহারা হাসির পোস্ট আর হাত বারালেই পয়সা নেতা কে শুধু ভগবান মানতে হবে ব্যাস আর কিছু লাগবে না,,, দারুন দারুন ☺️✌🏻"
815891300725647_1522230851834211,Apnara aladai level er😂
815891300725647_822960696695847,এসব i video খুজতে দিন শেষ
815891300725647_1073966650826270,Kya he gana choice keya hai😂😄
815891300725647_1643248602918444,"Na na, ei category biker ra kono kotha shuntey raaji naa. Taatey tader praan tai ba jaak na keno."
815891300725647_441559735544158,Hare krishna hare krishna🙂
815891300725647_851700723588775,Sir Aise hi video kuch chor aur criminals ke upper bnaaye.. log aware hongi ✅..
815891300725647_1169648997649527,Jai hind 🙏
815891300725647_1015167266679323,এর পরের ঘটনা কী!! জানতে চাওয়া আমার নিষ্পাপ মন 😁
815891300725647_1544972736119568,Bohutproladka hai
815891300725647_1030512951950150,Is he alive?
815891300725647_1135251958184479,The bike be like: chol ebare ami tor opore boshbo.
815891300725647_1063017648816261,Kolkata police kichu paruk r na paruk chute giye bike ta thik dhorte pare 😂
815891300725647_3538667493098761,Sir hasbo na kadbo bujhina
815891300725647_511640124726090,আপনারা কারা বলুন তো
815891300725647_1570598343889438,Is he alive?!
815891300725647_883127963691777,Yeh west Bengal police page ka alag hi duniya hain 🤣🤣🤣
815891300725647_2146632912380125,Darun stunt
815891300725647_517439387463289,ঠিকই আছে সেফটি ছাড়া কেলি মারতে গেলে এমন এ হবে
815891300725647_517489334170526,apnara khali gari e dhorun😆
815891300725647_1910491699396566,Panchi banu urti phiru mast gagan main 🤡
815891300725647_534342322454151,Mor gaye bhosodike🤣🤣
815891300725647_532040679268356,So satisfying 😌😌
815891300725647_2421855541355533,Wb police understanding the content 😂
815891300725647_8224303934302517,ভাই স্ট্রান্ট করবা করো বাট হেলমেট বা গাঢ পরা উচিত
815891300725647_828380252400929,Hebbi kintu Debashmita Biswas 🤪🤪🤪
815891300725647_3766575376953119,Sohini Roy Chowdhury 😂😂😂😂😂😂😂 hahahaha!!!
815891300725647_1929147770843806,truck wale ki galti hai...
815891300725647_371528182646623,O bhai saheb 🤣 🤣🤣🤣🤣🤣🤣🤣 West Bengal Police
815891300725647_1262127615154742,Editing er gaan 🤣🤣🙏
815891300725647_1028057842317459,Ajkal Police wala gulo meme banache😂😹🙊
815891300725647_1054269599396083,I am so delighted to see this video
815891300725647_488202040590999,Wxz Sumit আর উরবি নাকি vaii???😭
815891300725647_410960525336713,"বেঁচে আছে সে?

ওটা জানতে মন চাইছে 😂"
815891300725647_818890030452388,ঠিক হয়েছে 😂☝️
815891300725647_1881979262276085,Riju Sanfui
815891300725647_1623207838247679,
815891300725647_1155582715743248,
815891300725647_1036985677770851,Rajkumar Ghosh
815891300725647_509966744857897,
815891300725647_939825064520798,
815891300725647_1392555244770079,😄😄
815891300725647_7621339784636148,Joy Halder
815891300725647_1040084794164204,Baban Halder ⚠️
815891300725647_2289699998035839,Tuhin Shubhra Das Manajit Saha Rupam Saha Souvik Podder Gourab Dutta 🤣🤣🤣
815891300725647_524433580108290,Rupankar Rups Barman
815891300725647_1152826656011315,Saikat Ghosh আমাকে ট্যাগানোর মানে কি😂
815891300725647_3674634079454696,Rupankar Rups Barman আদিম কালে এরকম তুমি করতে
815891300725647_525731173194260,Trinanjan Roy Anish Mukherjee Bikash Rai Rohit Patni
815891300725647_1298838450961304,👌👌👌
815891300725647_776398627767023,🔥🤣
815891300725647_362384086949220,Boris Hash
815891300725647_414839861610865,Ifti Islam pura crack ekta page
815891300725647_486219237643402,🤣🤣🤣
815891300725647_3879523122366520,Aeh Cheng Mog
815891300725647_1036120638219330,😮😮😮😮😮
815891300725647_1183342542887837,🤦🤦
815891300725647_731358479115979,Dimbeswar Bty
815891300725647_1180185573236350,🤣🤣🤣
815891300725647_3679496145621625,Jass Sen
815891300725647_525265016725189,😂😂
815891300725647_811151954503620,Pappu Das Tuhin Das  😂🤣
815891300725647_1016251233235804,আশিষ চক্রবর্ত্তী  wbp -🚽
815891300725647_1137930960651912,👮🏻‍♂️
815891300725647_3846766935622371,🙏🏼😆
815891300725647_472103455732447,Raj Chaudhuri শুভঙ্কর দাস 🤣🤣
815891300725647_484796267498869,Shibendu Banerjee done n dusted😎
815891300725647_3736527106598897,"Raj Chaudhuri ha mane...??🤯
Already ultechis eibhabe...??"
815891300725647_3731424977174835,Shibendu Banerjee amr gari kenar ag e ultei dant vanglam
815891300725647_1148215179787690,Raj Chaudhuri tor abar kon daat bhanglo jani na to....
815891300725647_1167293348051531,Shibendu Banerjee ay kana ta...goto bochor hoyechilo 😑
815891300725647_443039568734222,Raj Chaudhuri mone nei...pore dakha hole dakhas...
815891300725647_1047986296679321,👍
815891300725647_400524969308799,😅
815891300725647_1436104813719187,"Great WBP, safe drive save life"
815891300725647_1119343443119858,"Maal ta ki beche ace na gece,,"
815891300725647_1894313637748912,Egulo chaprider video dekhle mon theke aladay satisfaction ase
815891300725647_861866502063974,#SafeDriveSaveLife
815891300725647_431855539897412,Corrupted Police ever....😂😂😂
815891300725647_1159276542018113,Peace😇🔥
815891300725647_469992329331832,Editor respect++🫡
815891300725647_1036691231188003,Memes comedy chanel 🤣
815891300725647_499000772722070,Safe drive save life
815891300725647_1194153038301260,😂😂😂 savage
815891300725647_468515706016391,Pro rider 💪
815891300725647_1014492317018733,Well Done 🤣🤣🤣
815891300725647_2339025619634784,Safe drive save life
815891300725647_526905723054974,Scary
815891300725647_1013664500140122,Aw
815891300725647_2342244666127029,Justice for momita 🤬🤬
815891300725647_535441342142043,Omg
815891300725647_465281396326989,Chapri Down 👇👎😂😂🤣🤣
815891300725647_502141685692032,"Khatam, tata , bye bye 🙂"
815891300725647_1663014631215222,😂😆
815891300725647_1060821652355400,"Seto bujhlam ,bichar ta kobe pabo
We want justice 🙏⚖️⚖️⚖️⚖️⚖️⚖️"
815891300725647_1048773116466465,Bike thik hi hai na ? 😂
815891300725647_1628278641375045,Ad toh onek korle RG kar college er koti ke arrest korle🥴
815891300725647_876165594424667,W@ST B@NG@L P#L£CE - BUY SOME  BANGLES FOR YOU
815891300725647_534568805772420,Maa ka magar mach urr gaya 🙂
815891300725647_1026640692075967,Police o aj kal meme post korche😅
815891300725647_1164177851550131,"Md Tanim Md Tamim Rs Riyad Chowdhury কি ভাই হুইলি কবে মারবা । 

আমি তো কিছু দিন আগে হাত পা কেলাই দিছি 🤧🤧"
815891300725647_1093491262200113,Ac Anik Chowdhury plz khoma kore daw plz 🙏
815891300725647_1261961078150541,Ac Anik Chowdhury pro max 🫵
815891300725647_411683081637972,Police in reel life☠️ police in real life🤡
815891300725647_1925186784553589,Ek rappist ko pakra nhin ja raha hain w.b West Bengal Police se aur idhar social media ma ake al ba* post kar rehe hain !! 😊🙌 wah bhai wah !!
815891300725647_8163363153742193,Jara nije chor tader onno kauke opoman kora manaye na..
815891300725647_522837327067742,মর স্লা
815891300725647_3827667214178935,RG KAR MEDICAL COLLEGE AND HOSPITAL
815891300725647_511390984859447,Chapri
815891300725647_1238209060531318,"how are your doctors, sir? Hope you're taking care of 'em well after such unfortunate event."
815891300725647_1960859377734895,Nice 😍
815891300725647_1057930369178409,Haan kuch ase he video us raped wale case me bhi lao kuch karu 😒
815891300725647_1438654666846832,#wewentjustic
815891300725647_403987326132254,"West Bengal Police For memes 🗿🗿
West Bengal Police For Rules 🤡🤡"
815891300725647_1449804345721682,"Content banana choro ,justice dilaw 🙏"
815891300725647_1023320275844506,Dhoom dhoom😆
815891300725647_3738414453086755,Ekdin mar jayega kutte ki maut.....jag sab kahenhe mar gaya mada*c**d
815891300725647_799398708724019,Weldone Jhandu Hero
815891300725647_478782658405747,"Please don't stop them from bike stunt becoz tey won't stop...
Let them die so others can walk on road in safety..."
815891300725647_1237778084073662,পুলিশের থেকে সিভিক এর ক্ষমতা বেশি 🤣🤣
815891300725647_491210177026266,Avi Das মানে কী বলতে চাইছেন! পুলিশ রা সব চুরি পড়ে থাকে! 😾🙃🫠🙂‍↔️😏😏😏🫡
815891300725647_1900805910431350,Bikram Das পুলিশ তুমি চুড়ি পড়ো তোমার মেয়ে হচ্ছে বড়ো
815891300725647_491836847032441,"এবার থেকে কিছু হলে ফেবু তেই পোস্ট করতে হবে থানায় না গিয়ে,পশ্চিমবঙ্গ পুলিশ শুধু এতেই ব্যাস্ত। আর কলকাতা পুলিশ ব্যাস্ত তাড়াতাড়ি বডি পোড়াতে আর প্রমাণ লোপাট করতে"
815891300725647_920188096606424,"ও কাকু, বলি  আর জী করে আপনারা কোথায় ছিলেন?? আপনারা কি শুধু ট্রাফিক সামলাবেন ?? ডাক্তার দের জন্য লোহার প্রাচীর, ওদের গলায় তো তেথোস্কোপ থাকে , এটাকেও ভয় পেলেন??"
815891300725647_544956368344210,#justiceforRGKar
815891300725647_535467168971708,Narbu Sherpa Wb police op🤣
815891300725647_903332648278214,Kaustav Chakraborty Atrij Dutta NamëKīsliye DP HaiNa bhai natsu to famous
815891300725647_1251357506279466,Skirt pora aromvo koro .. pant er jaygay..tumra hizra
815891300725647_1067468738336595,Rape case pe dhyan do sir
815891300725647_3758915847759076,WB police busy making reels instead of finding the rapist of Kolkata  DOCTOR rape murder case.
815891300725647_1063881558444268,পশ্চিমবঙ্গের পুলিশ আসামীদের অ্যারেস্ট করবে কিভাবে ভাই.. ওরা তো বিনোদন দিতে ব্যস্ত। 🙂
815891300725647_823574849758280,Baal toder kono sonman nei rajyer manush er chokhe
815891300725647_8360649853991023,Mrinal Sen ki korbe ? Police force uthi ye debe?
815891300725647_1037415817734073,Sarbotosh Kar Police ✖️ TMC Cadre in uniforms✔️
815891300725647_2160418214340912,thik e achey population barchey emnitey
815891300725647_494199946577259,Iss sab ke liye time hai 🐸
815891300725647_1020094062852001,Tora mai ka chodo😮‍💨🙄
815891300725647_514706927619119,Apnara bike Toto auto rickshaw 🛺 esb chara r kauk sikkha dite paren na.. ja dekha galo(ultimate sadharon manush )... Jai hok video r motive ta bhalo tai r besi kichu bolar jayga nei.. 👍
815891300725647_524139050010295,Tum jhaat keezh baalo yehi karte raho... Aur rapist o ko bachao
815891300725647_1015414740118675,"Police for catching criminals ❌
Police for catching bikers ✅💀"
815891300725647_1635333180368300,Sayad Fokhrullah Tauhidur Rahman Ahmad Faysal ekdin emon stunt koiro.
815891300725647_923446732909360,Mohammed Abubakar gaa**nd fat jayega
815891300725647_26748592248090176,Best condom ad #2634
815891300725647_1239532257234855,Ata k bole dana gojano🤣🤣🤣
815891300725647_554727673647333,on duty police staffs are making reels are more dangerous than this stunt bikers because they do everything for reels।
815891300725647_1152294792509456,Clown  police
815891300725647_522822380279148,Joldi Jan 200 taka nin! Helmet poreni! Joldi Jan!
815891300725647_426133510471749,But sir wo r*pest
815891300725647_1046548496851655,Eto kaaaj field e koren na keno dada?
815891300725647_1820072888520603,What about fake publicity stunt going on nowadays
815891300725647_1240492213785874,Bike stunt is a great motor sports activity.. this is not harmful at all until you are doing on a public place or doing without proper gears.. so be careful 1st because machine comes with big responsibility.
815891300725647_486626340997605,"Ye sab post dalna choro aur jo main kam hy wo kro 
Justice abhi tk nhy mila bechari dctr ko"
815891300725647_787527326792423,West Bengal police got vibes🤣🔥
815891300725647_1588039888816890,Police rao comments aa moja nai mone hoi😆
815891300725647_514923831044323,"What about Moumita ?
We want justice for Moumita 🤬😡"
815891300725647_2270974559912590,"সবাই বলো, তোমাদের ওদিকে পুজোর চাঁদা কীরকম তোলা হচ্ছে 😂"
815891300725647_1192566825317913,Chup korun...age rg kar er case ta dekhun
815891300725647_8319404278105089,"Police page ❌
Meme page✅"
815891300725647_871775847837299,"Repi/st der dhorte help korun.
Ar ei chapri gulo sudhrabe na."
815891300725647_895077392433197,Chapris ☕️
815891300725647_1025243189220508,"Ei baal er video post na kore kaaj er kaaj korun... Momotar pa chata bondho kore asol doshi ke saja din... Nahole next year hoyto apnar meyer er dead body o pore thakbe kono ek road er dhare ordhoullongo obosthay....
Shameless corrupt ball less animals🫵"
815891300725647_475144942069675,Ki jeno bolbo bolchilam thak abar kalke thana theke call ase jabe.. onek toh esob holo rapist gulo k dhorun ebar....
815891300725647_1725822664895900,Sir bolchi ki memer e post ta ki khali ache kibhabe apply krbo 🙂
815891300725647_1026304492541768,Focus on recent rape case 🤬🤬🤬
815891300725647_1039557737727700,"Accident to theme jabe.....
R.G kar er doshi der ki hobe?????"
815891300725647_422153027517089,উড়ল কোথায়? ঘুড়ি তো ভোকাট্টা হয়ে নীচে হুমড়ি খেয়ে পড়ল 😆
815891300725647_2762467767265057,Sharam aati hain yaa nahi??
815891300725647_1034865188077169,Chapri rider
815891300725647_521438436921729,Kaam karlo Bhaisab... Enn sabse kuch nahi hoga... Jake rape case ke criminals ko pakro 😑
815891300725647_479885644849342,Reels banan ghore bose ar modh khan. Ar ki chai. Didi to apnader pusei rekheche.
815891300725647_1475669740493989,"Jara jara chapri amon  wheely kore r chaprigiri kore berai tar uddeshe valo hoyeche 😂😂😂😂😂
Only for chapris 😂😂😂😂😂"
815891300725647_1041725367511692,Sob post na kore doshi ke dorun na 🙂
815891300725647_1025646498964709,Ekta rapist dhorte Paris na...gunda tara korle bathroom e lukas...abr ekhane gyan ch*date escho...shanti r chele r dol...
815891300725647_412340801350248,First try to protect ur sister
815891300725647_467764439422635,#justiceforrgkar
815891300725647_1183479919531433,#shameonkolkatapolice
815891300725647_2422578984613859,Justice for DR:MOUMITA ⚖️
815891300725647_1226670368338521,"Last saturday ami shift hocchilam amar home town theke Kolkatay, Kalyani Exp Way te Panpur more e 10ta civic police amar Metador ta dar koralo bollo rastay naki ""No Entry"" ache, driver jigges korlo oder je onno gari to jacche tahole amader metador keno jabena? Tokhon bollo samne sir ache onar sathe kotha bolun, samne dekhlam ASI post er ekjon achen mathay chata niye! 
Onake sorasori jigges korechilam je ki problem? Uni jigges korlo kothay jacchi! First of all how can we suppose to tell the fellow officer regarding my destination? Tao bollam, keno jacchi setao bollam, bujhlam taka chaiche but upay pacchena, last e porichito ekjon officer er kotha bole jigges korlam Naihati thanay uni achen akhno? Erpor oi ASI amader gari ta chere den! Jigges o korlam tahole keno dar koralen? 

Ebar PANPUR ba Naihati obossoi WBP er under e pore, rastay jara hat pete dariye thake ora ki etai bolar try korchilo?

2ndly rastay emon onekbar hyeche police ba bises kore civic police taka cheyeche! Keno janina! Kichu jigges korle blto License rekhe debe 15din por exide more theke nite hbe, badhyo hoyei taka ditam! 

WBP er karor jdi mone hy ami mithye bolchi, amay panpur more e duty thaka officer der dekhan ami chinhito kore debo! 

Please janan eder against e kothay complaint korle era sasti pabe?"
815891300725647_1705876426909719,Govt. Official meme page
815891300725647_489108097191335,আর যাই হোক এতদিনে বুঝলাম WBP admin অনেক বড়ো মেমার 😂
815891300725647_930044225552878,"The child’s parents are responsible for this disaster, what a waste of life..99% of our population lack road safety awareness.. it’s a sorry state of affairs, where everyone takes pride in breaking rules at any cost"
815891300725647_919228173556231,Sir it's my humble request to you this is not the time to share memes.... a shameful incident occurred in RGKMCH and the whole country is shameful & horrified after that incident....Please give justice to her family ... inner me is crying from when I have heard about the incident.... sir please give her justice 🙏🙏
