COMMENT_ID,COMMENT
824228679891909_1337063854324497,Well done sir
824228679891909_353715051142788,"স্যালুট স্যার। 
কিন্তু একটা কথা। দোষী ক্ষমতাবান হলে তাদের  রক্ষা করতে যেন আমরা এগিয়ে না যাই"
824228679891909_1526084464657427,Well Done Sir ❤️
824228679891909_841021924665205,Good Job Sir 🌹👍
824228679891909_1065765961820122,Good sir 👍👍👍
824228679891909_553732210314684,আইও কে ধন্যবাদ জানাচ্ছি।
824228679891909_1184499952638635,Well done sir
824228679891909_1955302648256534,Well done sir
824228679891909_1592051808381826,Eighotona t tai valo kaj karece police.
824228679891909_8005003402886294,Good job sir 👏👏
824228679891909_3728499447393333,Well done Sir.
824228679891909_520575550649420,Proud of you❤️
824228679891909_488973320535658,Salute sir
824228679891909_7984454941610156,Well done 👍
824228679891909_8217976808245817,খুব ভালো হয়েছে.... এইভাবে যেন দোষীরা শাস্তি পায় 🙏🙏🙏🙏
824228679891909_1041856904237354,"পুলিশ যে ভালো কাজ করে তার ভিডিও তুলে সোশাল মিডিয়া দিতে বলেন নিজ নিজ আইডিতে ,,সব পুলিশ জেলা এবং থানাগুলিতে এতে মানুষ পুলিশের সাথে বেশি যুক্ত হবে ,,অপরাধ কি মানুষ বুঝতে পারবে ,,অন্যায় কমবে ,,পুলিশ সম্পর্কে মানুষের ধারনা আরও ভালো হবে।।বিষয়টি বিবেচনা করবেন দয়া করে,,ভালো থাকুন ও সুস্থ থাকুন সবাই।।
                        ❤️❤️❤️"
824228679891909_1014873343761322,ফাঁসি দেওয়া উচিত
824228679891909_417552437475962,সাব্বাশ
824228679891909_860468206023070,বৌ পেটানো আর পরকীয়াতে এরা সেরা।।
824228679891909_818950570444126,
824228679891909_375861252228762,🙏🙏🙏🙏🙏
824228679891909_491906170441541,👏👏👏
824228679891909_1035280628069557,"স্যালুট স্যার। 
কিন্তু একটা কথা। দোষী ক্ষমতাবান হলে তাদের  রক্ষা করতে যেন আমরা এগিয়ে না যা❤️❤️❤️❤️"
824228679891909_1971365303315301,Thanks 🙏
824228679891909_1178961110073943,We Want Justice ✊
824228679891909_466406986292968,Well Done Sir
824228679891909_861314189284522,Good
824228679891909_1254528005536597,Good sir
824228679891909_3596914803891409,Well don sir
824228679891909_1421767888509152,চটির দল করলে কি পুলিশ অ্যাকশন নিত?
824228679891909_823928626580749,There are lot of live videos against police for violation of law. Have you taken any action on them.
824228679891909_911632117461434,Soitan police
824228679891909_492405356765366,"ওয়েস্টবেঙ্গল পুলিশ কে আমার অনুরোধ আপনারা কি সত্যি পুলিশ না, অন্য কিছু আপনারা তো সব আগে থেকে জানতে পারেন তো চার মাস পেরিয়ে গেলো আমার একটা বাইক চুরি হচ্ছে পশ্চিম মেদিনীপুর এর শালবনি থেকে কোই সেটা তো আজও শালবনি থানার পুলিশ বের করতে পারলো না সব থেকে হাস্যকর বেপার হলো যে বাইক টা চুরি করে নিয়ে গেছে সেটা পুলিশ জানে তাও বের করতে পারছে না কেন। সব জানার পরেও পুলিশ হাতে চুরি পরে আছে নাকি। পারলে কমেন্ট এর রিপ্লাই দিবেন না হলে পুলিশ পরিচয় টা দিবেন না"
824228679891909_2204696876590076,আইনি বিষয়ে যখন প্ললিটিক্যাল বিষয় ঢুকে যায় তখন সাধারণ মানুষ হিসেবে নিজেকে অসহায় লাগে। বেঙ্গল পুলিশ এখনো এইরকম অফিসার আছেন যাকে মানুষ এখনো আস্থা পোষন করেন। এর জন্য আমরা গর্ব বোধ করি।
824228679891909_543878267984428,"স্যার 
আপনাদের সহকর্মী 
চুঁচুড়া si এর খুনি দের কি অবস্থা?
একটু বলবেন প্লিজ"
824228679891909_890474439659591,"#justiceforRGKar
#moumitadebnathrgkarmedical"
824228679891909_1520450005229218,বেশি কিছুই নয় এই দোষী লোকটা এনাকে হয়তো ঘুষ দিতে পারে নি তাই নাম টা পাবলিশ হয়েছে। বালের পুলিশ wbp
824228679891909_1150656892707182,এ পুলিশ না OBC-A?
824228679891909_2866642886821093,অমিতাভ মালিকের খুনির কী হোলো?
824228679891909_404181988951486,খোঁজ নিয়ে দেখো ওইরকম বউ পেটানো কত সঞ্জয় / বিনোদ সিভিক ভলেন্টিয়ার এ আছে 🙄
824228679891909_404011938960237,"গুলি করুন ধর্ষণকারী দের, হাইড্রাবাদের সেই ঘটনা টা দেখে শিখুন, 4 জন বলাৎকার কে শুট করে দিয়েছিল। রাজ্যের মানুষ তাদের উপর ফুল ফেলে অভিনন্দন করেছিল।আজ তাদের এলাকায় কত সন্মান, সেই রকম কিছু করুন, নিজের আর ওয়েস্ট বেঙ্গল পুলিশের মান সম্মান টা বাড়ানোর কিছু করুন। অনেক করেছেন নেতা দের চামচা গিরি এবার আপনার ইউনিফর্ম তার সন্মান রাখুন"
824228679891909_464817303190585,আই ওয়াশ করছে যাতে এদের দুর্বলতা পাবলিককে ভুলিয়ে দেওয়া যায়
824228679891909_1189659778986113,Pulis ke biswas nei
824228679891909_3653282528255273,Good job ... mantri ra asbe jabe but apnara theke jaben ... work accordingly... work with responsibility
824228679891909_2221636314867516,"Sir I would also like to tell about vinit goyal Sir.  As a Kharagpur guy,he is not only proud of kharagpur but every iit of India and world. A brilliant student, honest, excellent administrator but all goes to vain when have to work under the supervision of politics."
824228679891909_429200926192093,"Sir, bengal police is the world best police and my dad is an retired police officer.  But problem with bengal police is that they get influenced by politics.  Keeping politics aside it's the world best cop"
824228679891909_2841427392699883,RG Kor এর কি খবর?
824228679891909_1041827634279435,"খুব ভালো পদক্ষেপ। কিন্তু  বেশিরভাগ, সময়  সাধারণ মানুষের  অভিযোগ কেন নেওয়া হয় না সেটা দুঃখ জনক"
824228679891909_897474278948310,D Mandal karon tumi sadharon
824228679891909_1651811678941801,Suraj Naskar চিটিংবাজি করে অসাধারণ হয়ে কি লাভ
824228679891909_1671117543665510,Karan saboi mati
