,Unnamed: 0,POST_ID,CAPTION,REACTION_COUNT,COMMENT_COUNT
0,0,692583847600758_824228679891909,"স্ত্রীকে পিটিয়ে খুন, যাবজ্জীবন কারাদণ্ড

কালিম্পং জেলা, ২০২৩ সাল। কালিম্পং থানার মিডল বং বস্তি এলাকার বেণু বিশ্বকর্মার বিয়ে হয় আর্মি দারা বুচারি এলাকার বিনোদ থাপার সঙ্গে। বিয়ের পর থেকেই স্ত্রীর উপর অকথ্য অত্যাচার চালায় মদ্যপ বিনোদ, তবে তা বেশিদিন চলেনি। 

চলতি বছরের ৩ ফেব্রুয়ারি। ভোর চারটে নাগাদ বেণুর দিদি অনু বিশ্বকর্মার কাছে খবর আসে, শ্বশুরবাড়িতে শেষ নিঃশ্বাস ত্যাগ করেছেন বেণু। তড়িঘড়ি ছুটে গিয়ে অনু দেখেন, একাধিক আঘাতের চিহ্ন নিয়ে পড়ে আছে বোনের নিথর শরীর। আশেপাশে পড়শিদের কাছে খোঁজ নিয়ে জানতে পারেন, আগের রাতে স্বামী-স্ত্রীর মধ্যে তীব্র কথা কাটাকাটির আওয়াজ পেয়েছিলেন তাঁরা, তবে বাধা দিতে আসেননি কেউ। 

নির্দিষ্ট সময়ের আগেই বিনোদের নামে চার্জশিট দাখিল করেন কালিম্পং থানার তদন্তকারী অফিসার সাব-ইনস্পেকটর মহম্মদ মফিজুদ্দিন। তদন্তে প্রকাশ পায়, লাঠি দিয়ে নির্মম প্রহারের ফলে মৃত্যু হয়েছিল বেণুর। মামলায় নিম্ন আদালতের রায় বেরিয়েছে সম্প্রতি, যাবজ্জীবন কারাদণ্ডাদেশ হয়েছে বিনোদের, সঙ্গে আর্থিক জরিমানা।",1006,51
