COMMENT_ID,COMMENT
822927463355364_531011829592575,। খুব ভালো খবর। অপরাধীর বিরুদ্ধে আন্দোলন চোখে পড়ে কিন্তু শাস্তি চোখে পড়ে না। এই খবর গুলি যত আপনারা প্রকাশ করবেন তত সমাজের মঙ্গল। ধন্যবাদ।
822927463355364_358548750644480,Ganapati Pal congratulations 🎉👏 you are a certified r*a*pist. 2015 er ghotona. Aponer chinta dhara khub sundor
822927463355364_1709498516534615,Ganapati Pal apnader moton lokjon der jonnoi somajer Aaj ei haal
822927463355364_862314792505487,Good 👍
822927463355364_349548178226682,স্যালুট
822927463355364_1005074524693914,Good job sir
822927463355364_1266269434743862,Please KP or WBP constable exam date..............🥺👋
822927463355364_472774152396363,Chanchal Sarkar keno ei na polic kharp abar police e chakri khujjen
822927463355364_1021366533054664,"2015 থেকে 2024 অনেক বছর। 
বিচার পক্রিয়া আরও দ্রুত করতে হবে।"
822927463355364_525770459893692,Sovan Jana আমিও ঠিক এই কমেন্ট করতে আসলাম
822927463355364_1188261605802444,বিরোধীরা বাংলার বদনাম করতে উঠে পড়ে লেগেছে এই ধরনের খবর আরো সামনে আসা উচিত।
822927463355364_873924941465553,"POCSO আইন থাকা সত্ত্বেও এতবছর লাগলো, তাহলে এই আইনের কি দরকার?নামেই স্পেশাল কোর্ট।"
822927463355364_1186699555980908,Already 10 years gone !!!! Justice delayed justice denied
822927463355364_2868047493372240,Good work sir..
822927463355364_1545462909724201,"Well done batchman,  I'm very happy & proud.  Thanks"
822927463355364_852936233597736,Great job jethu 😊
822927463355364_7909711735803824,"ধর্ষকদের এমন শাস্তি দেওয়া উচিত যাহা দেখে বাকি দুষ্চরিত্র মানুষগুলোর রুহ কেঁপে উঠবে, ভবিষ্যতে ঐরকম জঘন্য অপরাধ করতে অন্তত দশবার ভাবতে বাধ্য হবে ।"
822927463355364_1046793060449142,মাওলানা okমোঃ ইসমাইল ফাতেহী
822927463355364_373260435821347,পুলিশের তৎপরতা এমন ই হওয়া উচিত
822927463355364_1157439788645478,Salute sir
822927463355364_402330516205961,Good job sir
822927463355364_385194201266314,West Bengal Police সাজাপ্রাপ্ত লোকটির নাম জানতে চাইছি? যদি নাম না দেওয়া হয় বুঝতে হবে কারনটা কি!
822927463355364_1234418414239847,"আমার জীবনে ভালো সৎ পুলিশ আজ ও দেখিনি , আমার নিজের সঙ্গে এমন অনেক কিছুই হয়েছে ,জানি না অন্য কেউ হলে বিপথগামী হতো হয়তো"
822927463355364_1028245505083262,"Siddhartha Halder কেন??
কি হয়েছিল"
822927463355364_7984002281648146,Kuntal Day সে সব ২০২১ সালের ঘটনা
822927463355364_1685784505514830,"আর কাঁদা ঘেঁটে কী লাভ আমার মতো গরিব সাধারণ মানুষের জন্য আইন আদালত নয় , মাষ্টারমশাই ছাত্রদের যে শিক্ষা দেন তা আসলে আমাদের সমাজে সবই মিথ্যা, সমাজে পদে পদে মানুষকে অসৎকাজে উৎসাহিত করে"
822927463355364_1038418584345279,এরকম police কে দেখলে এমনিতেই respect বেরিয়ে আসে মনের ভিতর থেকে
822927463355364_1226366878384474,Ekta bichar pete eto bachor lege gelo? Er theke to south er police onek better
822927463355364_549094194345440,Great job sir
822927463355364_819769123664978,Great job Sir 👍
822927463355364_508614331749262,Great  Job sir 🙏
822927463355364_862359052480598,Great job sir
822927463355364_499164269509482,Well done and salute to you
822927463355364_371274836018563,Well done sir
822927463355364_1402618320415771,Salute You Sir
822927463355364_327529897020939,👍👍
822927463355364_495788666490159,Great salute to you
822927463355364_515691330916201,Great  Job sir 🙏
822927463355364_808800144577384,"🙏🙏🙏🙏🙏পুলিশ সেবা একটা সন্মানীয় পদ,সৎ ও সাহস থাকলে পুলিশই পারে সমাজকে শুদ্ধ করতে। 
আপনারা ২৪×৭ প্রহরারত-রক্তক্ষয় করা ডিউটি।"
822927463355364_1215268956558365,Good work sir
822927463355364_491119560226706,কোথা থেকে অপহরণ করলো?
822927463355364_1013957377183767,পুরো গ্ল্প  টা কি?
822927463355364_519869400550417,Good job sir 🙏
822927463355364_1191691355210758,Good Job Sir 🙏
822927463355364_473947898766591,Good job sir
822927463355364_1077679560445181,Good job sir
822927463355364_858411319765145,Good job👍
822927463355364_390790927061157,Good job sir
822927463355364_1186392782573050,"আপনাদের দ্বারা কিচ্ছু হবে না আর হয় ও না.... Kolkata Police কে ওদের official fb page এ sms করলাম যে বিভিন্ন পেজ নির্যাতিতার ছবি দিয়ে social media তে post করছে, link tao share করলাম.....18 hours পার হয়ে গেল গর্বের স্কটল্যান্ড ইয়াডের পুলিশের নজরই পড়ল না, আবার সকালে sms করি , অনেক কষ্টে reply এলো thanks for reporting.....basss ওই টুকুই দিব্বি এখনও সে সব পোস্ট social media te আছে....এই পুলিশ আবার লোক দেখাতে প্রচার করে নাম, ছবি দেবেন না...লজ্জা থাকা উচিত"
822927463355364_835574918678885,Great job 👍
822927463355364_826085942925736,Good job sir.......
822927463355364_342717008808956,Good job... 👍
822927463355364_1241955917702573,Good job sir.. ❤️❤️
822927463355364_450388208001259,Good job sir.
822927463355364_1233264757862733,Well done sir
822927463355364_7872348479557181,Good job sir
822927463355364_1908310266327990,10 year delay 😥
822927463355364_1908995639507762,Great job
822927463355364_1224864571859737,Congratulation
822927463355364_1624838371705679,Great
822927463355364_1033885548148724,Commendable job 👏🏻
822927463355364_913664707263076,"১০ বছর লাগলো, এর পর হাই কোর্ট সুপ্রিম  কোর্ট যাবে না তো।"
822927463355364_808064597844649,"ধন্যবাদ, খুব ভালো কাজ, মাত্র ৪৩ দিনে charge sheet দিয়ে ও দোষীর শাস্তি দিতে ৯ বছর লাগলো , কারণে।"
822927463355364_556390530170403,Please all' case Quek action
822927463355364_1023541899232251,West Bengal police Amader Garboo Onader Opor Purnoo Biswas Chilo Achee Thakbe
822927463355364_1022156049619429,সব অপরাধিরা যেন উপযুক্ত শাস্তি পায়
822927463355364_1278649613101083,Greatwork
822927463355364_1203853204288178,Sob kichui jokhon hoye geche asamir saja sunate 9 years laglo keno? Karo jana thakle janaben?
822927463355364_1183783776007347,সুন্দর উদ্দেশ্য
822927463355364_1036375301370570,"আওয়াজ উঠুক, ধর্ষণের একটাই ফাঁসি , প্রকাশ্যে মৃত্যুদণ্ড।"
822927463355364_1523039815081052,"পুলিশ যে ভালো কাজ করে তার ভিডিও তুলে সোশাল মিডিয়া দিতে বলেন নিজ নিজ আইডিতে ,,সব পুলিশ জেলা এবং থানাগুলিতে এতে মানুষ পুলিশের সাথে বেশি যুক্ত হবে ,,অপরাধ কি মানুষ বুঝতে পারবে ,,অন্যায় কমবে ,,পুলিশ সম্পর্কে মানুষের ধারনা আরও ভালো হবে।।বিষয়টি বিবেচনা করবেন দয়া করে,,ভালো থাকুন ও সুস্থ থাকুন সবাই।।
                        ❤️❤️❤️"
822927463355364_509893161755614,Good job sir
822927463355364_1242762967074750,"20 বছর কেনো।,? এর শাস্তি আরো কিছু হওয়া উচিত কঠিন এর থেকেও কঠিন,"
822927463355364_1180142509713454,Etodin somoy lege gelo...
822927463355364_1180845293162240,তোর এই echivment এ খুশি হলাম
822927463355364_1582518112680097,10 bochor?????asob na bole mrituudondo doya uchi dosi hole on the spot...
822927463355364_1683302112445628,all girl learn karate
822927463355364_2504596233073112,স্যার ৯ বছর লেগে গেলো ?
822927463355364_516850007685113,দারুন 💗 তবে 2/1 টাকে ফাঁসির মঞ্চে দার করিয়ে দিলে আরো ভালো হবে 😊
822927463355364_535358165537937,ইনস্ট্যান্ট ধরা পড়লে যদি প্রমাণ পাওয়া যায় ডিরেক্ট মৃত্যুদণ্ড হোক কোনও বিচার ছাড়া। এতটাই ভয়ানক মৃত্যুদণ্ড হোক যাতে এই কাজ করার আগে কারোর যৌনাঙ্গ যেন শক্ত না হয়!
822927463355364_373962702417248,এমনই কাজ চালিয়ে যান। রাজনৈতিক রং না দেখে।
822927463355364_1022752492802569,কি দাবি করেছিল?
822927463355364_2165868990455482,ভীষণ সুন্দর কাজ ।।
822927463355364_536363052293030,বেরিয়ে আবার Same Kaj Korbe
822927463355364_939801221189516,Remember 2015
822927463355364_1515896846477315,Eta holo na . encounter on public & media
822927463355364_1921101885020532,অপরাধীর নাম নেই
822927463355364_2435092360015995,ডেলি আসামির পিছনে 200টাকা খরচ   বছরে 72000**   20 বছরে  14 48000 খরচ **  এই  টাকা খরচ করে লাভ নেই ***খুনি ও ধর্ষণ কারী দের। 3মাসের মধ্যে  মৃত্যু দণ্ড দেওয়া হোক
822927463355364_3690467907833012,"সারা দুনিয়া ধর্ষিতার নাম জেনে গেল.. 
কিন্তু ধর্ষকের নাম জানানো যাবে না.. কতদিন করবে ? যাদের আড়াল করছো, তারাই সিস্টেমে ঢুকছে .. কি বুঝলে ?"
822927463355364_1364726724915015,
822927463355364_868243294726596,
822927463355364_1463235201036766,🙏
822927463355364_545984661271389,
822927463355364_516295480877403,🙏🙏🙏
822927463355364_479561874508447,🙏
822927463355364_1570916783493959,🙏🙏🙏
822927463355364_1613527859507998,🙏🙏🙏🙏
822927463355364_1061411308909522,👍
822927463355364_870717654415894,🙏🙏🙏
822927463355364_8401295769962173,✊✊✊
822927463355364_376247402002462,Kailas Das
822927463355364_1650103555772240,"পশ্চিমবঙ্গ পুলিশ কত্ত ভালো , কত্ত দায়িত্ববান , কত্ত দায়িত্বপরায়ন।।"
822927463355364_862693718805134,Great 👍 thanks 🙏
822927463355364_711953341120799,Excellent sir
822927463355364_1107459867469198,"Oc

Oo"
822927463355364_1165489067892225,Good job sar
822927463355364_537731712019430,@highlight
822927463355364_1153477202428831,Excellent
822927463355364_2231074020592472,Good sir
822927463355364_1716782112466510,Good work
822927463355364_897377535614837,Good job
822927463355364_850633707159874,Great
822927463355364_1048907586844743,Salute
822927463355364_489715807243718,justice for  R G K
822927463355364_461498360058853,"স্যার, একজনকে কয়েকজন মিলে ওপেন খুন করে 2021এ, এখন সেই খুনিগুলো সেই মৃতের স্ত্রীকে হুমকি দিচ্ছে কেস তোলার জন্য,,,, কেনো স্যার জানতে চাই স্যার????
😭😭😭😭😭😭😭😭😭"
822927463355364_439435672460286,WBP লরি থেকে টাকা তুলতে ভালো পারে
822927463355364_1054697582669466,মমতা ব্যানার্জি একজন ভালো মানুষ! প*দত্যাগ করতে‌ হলে‌ নরেন্দ্র মোদীকে ক*রাতে হবে!
822927463355364_853786746369970,Write Solution নিজের দেশ খেয়ে এখানে চুলকাতে এসছিস ......আগে নিজে দাঁড়া। আর তুই এত দরদ দেখাচ্ছিস কেন সেটা সবাই জানে....
822927463355364_1692206541597214,Write Solution ভাই রাজনীতি করতে আসিস না
822927463355364_1302796744223581,https://www.facebook.com/share/p/BuEtqo7JMHWjPcFh/?mibextid=WC7FNe what about this case
822927463355364_1025351802193620,"#justiceforRGKar
#moumitadebnathrgkarmedical"
822927463355364_1051202416623299,"ওয়েস্টবেঙ্গল পুলিশ কে আমার অনুরোধ আপনারা কি সত্যি পুলিশ না, অন্য কিছু আপনারা তো সব আগে থেকে জানতে পারেন তো চার মাস পেরিয়ে গেলো আমার একটা বাইক চুরি হচ্ছে পশ্চিম মেদিনীপুর এর শালবনি থেকে কোই সেটা তো আজও শালবনি থানার পুলিশ বের করতে পারলো না সব থেকে হাস্যকর বেপার হলো যে বাইক টা চুরি করে নিয়ে গেছে সেটা পুলিশ জানে তাও বের করতে পারছে না কেন। সব জানার পরেও পুলিশ হাতে চুরি পরে আছে নাকি। পারলে কমেন্ট এর রিপ্লাই দিবেন না হলে পুলিশ পরিচয় টা দিবেন না"
822927463355364_1970438073394230,Ai madar chod k Bchia rekhe ki hobe  ..mare dau. Jale rekhe kono lav nai
822927463355364_913089730863305,"খুউব ভাল, কোর্টের virdict টা collect kore SP Pla কে through RO পাঠাবার ব্যবস্থা করুন"
822927463355364_489547063934737,"সারাজীবনে ১ টা সফলতা ফলাও করে তুলে না ধরে কত জায়গায় ব্যর্থ হয়েছো, তার হিসেব টা দাও। 14th pay নাও, এটা সবাইকে বলো।"
822927463355364_483053031152723,"Proud of westbengal police ....
But oi je choti chat te suru korle promano lopat hoye jay .....
Police ke Freedom deoya Uchit tobei Ora 🐅 tiger.......
Political cahpe oder ei kharap obosta ...."
822927463355364_808559764767133,ইন্ডিয়ান পন্য এমন ভাবে বয়কট করা হবে যে বাংলাদেশের পোকামাকড় ও সে পন্যের গন্ধ পাবে না।
822927463355364_1678191756248499,"দয়া করে পূর্ব বাংলার মানুষদের দিকে একটু তাকান। বন্যায় সব শেষ। মসজিদ, মন্দির, স্কুল, মাদ্রাসা, ও মানুষের বাড়িঘর সব পানির নিচে। একটু তো বাংলার মানুষের জন্য আওয়াজ তুলুন।"
822927463355364_472209048947854,https://www.facebook.com/share/v/NtKhFTydsiuKw91t/?mibextid=oFDknk
822927463355364_26303719385941795,"১৫ থেকে ২৪... পুরো ৯ বছর লেগে গেলো, একটা দোষী সাব্যস্ত করতে।
এই বিচার ব্যবস্থা প্রক্রিয়ার থেকে তো গরুর গাড়ি দ্রুত ছোটে।"
822927463355364_805423135130997,Non political case gulo to valoi solve koren political case gulow ektu merudondo bikri na kore to valo kore solve korte parten r koto neta der pa chatben supreme court kal ki bollo apnader k ghurie to opodartha police bollo ki man somman thklo desh er samne West Bengal police er shame on west bengal police
822927463355364_512783927956699,Thank you kaku police amra  ei moto chai
822927463355364_1170414070861406,আইন আরও কড়া হোক। ২০১৫ থেকে ২০২৩ রায় বেরাতে ৮ বছর অতিক্রান্ত।
822927463355364_1221736725935527,আপনারা আপাতত নিজেদের পিঠ চাপড়ানো বন্ধ রাখুন।
822927463355364_1521241868467673,"10 bachhor por justice keno? Ar ekhon ei talmatal obosthyay nijeder glorify korar chesta na kore asol doshi ke sasthi din, manush bichar chay, RG kar purono howar agei nispotti chai, asol matha der khuje ber korun, manush er kachhe sanman phire paben ekmatro taholei, nirob darshak hoye toh anek holo, sadharon manush ke harras na kore doshider najehaal korte parle tobei nijeder glorify korben ar puro paschimabango basider kachhe apnader sanman abar punorudhhar hobe."
822927463355364_518016780905196,Pavel Bhattacharya এত দেরী কেন তা জানতে মহামান্য আদালতের দ্বারস্থ হোন।
822927463355364_27214728871459493,তুমি আমাদের গর্ব বড়ো মামা ❤️
822927463355364_2405573112979989,"Eta dekhiye kichu lav nai meyeder protection din
Kau bhulben aj 8 din hote chollo RG kar incident kono jobab nai"
822927463355364_1372008700869444,"আচ্ছা এটাই করা উচিত তাইনা? 
অবশ্য মাঝে মাঝে সুবিচার মেলে রাণীর রাজ্যে! তাই এসব হয়তো 6 মাসে 9 মাসে একবার ঘটে। যদিও এসব কেস রোজ হচ্ছে তবুও একটা সুবিচার পেলে মাইলস্টোন হয়ে যায় সেটা কারণ আর বাকি দিন গুলোয় তো সুবিচার মেলেনা....."
