,Unnamed: 0,POST_ID,CAPTION,REACTION_COUNT,COMMENT_COUNT
0,0,692583847600758_823153019999475,"নারী-সুরক্ষায় 'উইনার্স'-বাহিনীর সঙ্গে বাইকে টহলদারি বারাসতের পুলিশ সুপারের 

স্বয়ং পুলিশ সুপার রাতের শহরের গলি থেকে রাজপথে ঘুরছেন বাইকে, নারী-নিরাপত্তার তদারকিতে। কথা বলছেন মহিলাদের সঙ্গে, শুনছেন সমস্যার কথা। সঙ্গে রয়েছেন অতিরিক্ত পুলিশ সুপার, তিনিও সওয়ার বাইকে। 

এমনটাই ঘটল গতরাতে বারাসাত এবং মধ্যমগ্রামে। নারীসুরক্ষায় রোজ রাতেই বিভিন্ন এলাকায় বাইকে টহল দেয় রাজ্য পুলিশের বিশেষ প্রশিক্ষিত 'উইনার্স'-টিম। গতরাতে তাঁদের সঙ্গে কাঁধে কাঁধ মিলিয়ে টহল দিলেন বারাসাত পুলিশ জেলার পুলিশ সুপার প্রতীক্ষা ঝারখারিয়া, আইপিএস। সঙ্গী হলেন আরেক আইপিএস, জেলার অতিরিক্ত পুলিশ সুপার স্পর্শা নীলঙ্গী। ছবি ভাগ করে নিলাম কিছু। 

#BarasatPoliceDistrict",3373,261
1,1,692583847600758_822927463355364,"নাবালিকার যৌন নির্যাতন, শাস্তি ২০ বছর

পুরুলিয়ার নিতুড়িয়া থানা এলাকা, ২০১৫ সালের ১০ ফেব্রুয়ারি। থানায় অভিযোগ আসে, ১৫ বছরের একটি মেয়েকে অপহরণ করেছে থানার অন্তর্গত ডুমুরহির গ্রামের এক ব্যক্তি। অভিযোগ পেয়েই অপহরণের মামলা দায়ের করে নিতুড়িয়া থানা।

মামলার তদন্তকারী অফিসার সাব-ইন্সপেক্টর নির্মল কুমার পান্ডে দ্রুত অভিযুক্তকে গ্রেফতার করে উদ্ধার করেন নাবালিকাকে। তবে তদন্তে প্রকাশ পায়, নাবালিকাকে শুধু অপহরণই করেনি, তার উপর যৌন নির্যাতনও করেছে অভিযুক্ত। তদন্ত শেষে মাত্র ৪৩ দিনের মাথায় আসামীর বিরুদ্ধে ভারতীয় দণ্ডবিধির ৩৬৩/৩৬৫/৩৬৬এ ধারা ও পক্সো আইনের ৪ ধারায় চার্জশিট দাখিল করেন নির্মল।

গত মাসের ৩১ তারিখে অভিযুক্তকে পক্সো আইনের ৬ ধারায় ২০ বছর কারাবাসের আদেশ দিয়েছেন আদালত, সঙ্গে ১০ হাজার টাকা জরিমানা, পাশাপাশি ধার্য করেছেন ভারতীয় দণ্ডবিধির ৩৬৬ ধারায় ৫ বছরের কারাদণ্ড ও পাঁচ হাজার টাকা জরিমানা। অনাদায়ে আরো ছয় মাসের কারাদণ্ড।",1443,139
