,Unnamed: 0,POST_ID,CAPTION,REACTION_COUNT,COMMENT_COUNT
0,0,692583847600758_812238527757591,"লক্ষ্যভেদ 

লক্ষ্যভেদ করতে গেলে কী লাগে? একাগ্রতা, দক্ষতা, মনঃসংযোগ? সব ঠিক, তবে সঙ্গে লাগে একটা সাহায্যের হাত। সেই হাত বাড়িয়ে দিয়েছে ঝাড়গ্রাম জেলা পুলিশ। তাই নিয়েই আজ আমাদের সংক্ষিপ্ত ভিডিও প্রস্তুতি। 

যাত্রা শুরু ২০১৯ সালে। ঝাড়গ্রাম জেলা পুলিশের কমিউনিটি পুলিসিং বিভাগের উদ্যোগে কেরিয়ার গঠন ও কর্মসংস্থানের লক্ষ্যে চালু হয় ‘লক্ষ্যভেদ’। উদ্দেশ্য, সরকারি চাকরির বিভিন্ন প্রবেশিকা ও নিয়োগ পরীক্ষার প্রস্তুতি নিচ্ছেন এমন প্রার্থীদের বিনামূল্যে উচ্চমানের কোচিং এবং অন্যান্য সাহায্য প্রদান করা। 

সংক্ষিপ্ত বিরতির পরে ২০২২ সালে নতুন উদ্যমে ঝাড়গ্রামের পুলিশ সুপার শ্রী অরিজিৎ সিনহা, আইপিএস-এর উদ্যোগে পুনরায় চালু হয় ‘লক্ষ্যভেদ’, যার ব্যাপ্তি এখন ঝাড়গ্রাম জেলার সমস্ত থানা জুড়ে। আজ পর্যন্ত আমাদের কোচিং কেন্দ্রে প্রশিক্ষণ নিয়েছেন ৩০০-জনেরও বেশি প্রার্থী, বর্তমানে ক্লাস চলছে অনলাইন এবং অফলাইন, দুই মোড-এই। 

গত ২৭ জুলাই থেকে শুরু হয়েছে বর্তমান ব্যাচ-এর প্রশিক্ষণ। ক্লাস হবে প্রতি শনি ও রবিবার সকাল সাড়ে দশটা থেকে দুপুর দেড়টা। ছয় মাস ধরে প্রশিক্ষণ দেওয়া হবে বিভিন্ন বিষয়ে। মাসে একবার হবে ‘মক টেস্ট’। প্রযত্নে ঝাড়গ্রাম পুলিশের সেইসব কর্মরত অফিসার, যাঁরা নিজেরা এক বা একাধিক প্রবেশিকা পরীক্ষায় উত্তীর্ণ হয়েছেন।

ভিডিওটি ভাল লাগলে শেয়ার করবেন, অনুরোধ 

Jhargram District Police",1255,33
