COMMENT_ID,COMMENT
834094738905303_1036719214785428,পশ্চিমবঙ্গ পুলিশের পক্ষেই সম্ভব এত দ্রুত তদন্ত শেষ করে দৃষ্টান্ত মূলত শাস্তির ব্যবস্থা করা।। ধন্যবাদ জানাই পশ্চিম্বঙ্গ পুলিশ কে 🙏🙏🙏🙏
834094738905303_805032318195718,Manirul Islam Choti na Chatle westbengal police valoi kaj korte pare prove that.....praud of westbengal police......
834094738905303_1028493682104413,"Manirul Islam 
খোঁজ করে দেখবেন আব্বাস কোন প্রভাবশালী ব্যক্তি নয় বা তাদের নিকট আত্মীয় ও নয় ঐ আর জি করের প্রাক্তন অধ্যক্ষের মতো, আবার এমনটাও হতে পারে আব্বাস ঐ সময় ঘটনাস্থলের আশেপাশেই ছিলেন না"
834094738905303_1174909836914613,Rana Pom Riyanshi Apni ki chaten bolun to.....nijer swarter janno kichu na kichu to apni nischoi chaten
834094738905303_508355565263841,Arunava Saha kato janen kintu ektuo ahonker nei apnar
834094738905303_936676828271796,"Sanjay Chatterjee 
কোথায় আর জানলাম, জানে তো বঙ্গে শুধু একজন, দিদিমনি ছাড়া আর কোন জন। কোন বিষয়ে খামতি নাই তার তাই তো নাম তার সবজান্তা ভাই।
মাথায় রাখবেন আপনি কিন্তু সঞ্জীব ঘোষ নন্। তাই যে কোন সময় আব্বাস হয়ে যেতে পারেন"
834094738905303_859419116288295,"""পশ্চিমবঙ্গ পুলিশের"" পক্ষেই আমিও একজন পুলিশ কর্মচারী হয়ে এখন নিজেকে ধন্য মনে হচ্ছে, এত দ্রুত তদন্ত শেষ করে দৃষ্টান্ত মূলত শাস্তির ব্যবস্থা করার জন্য।। ধন্যবাদ জানাই ""পশ্চিমবঙ্গ পুলিশ"" স্যালুট জানাই 🫡🫡🫡."
834094738905303_790419749702937,"Sudhangshu Malik,,, রাজ্য পুলিশ যখন ব্যর্থ প্রমানিত হয়, তখন সিবিআই তদন্ত হয়।।।।"
834094738905303_1238366753864280,Sudhangshu Malik 13 month long time .
834094738905303_1072577294236123,Sudhangshu Malik স্যালুট জানাবেন ঠিক আছে পুলিশ বিভাগের কর্মচারী হয়ে নিচে লেখা পশ্চিমবঙ্গ বানান টা একটু ঠিক করে নিন পারলে🙏
834094738905303_1033314395188912,West Bengal police er  কাজ দেখে খুব ভালো লাগলো..আমি একজন police officer. আমার গর্বিত অনুভব করছি l justice দেওয়া সঠিক investigation er পরে হয় l সেটা হয়েছে l victim এর বাড়ির লোক বিচার পেয়েছেন..আমি খুশি l ধন্যবাদ সবাই কে l
834094738905303_381323741684415,"R Chowdhury এই জাস্টিস টা কি আরও আগে করা যেত না ,"
834094738905303_918605010077711,Good Job sir
834094738905303_1472774244116786,Congratulations
834094738905303_1000302255175827,অভিনন্দন জানাই পুলিশ প্রশাসনকে 🙏
834094738905303_337645149430006,Great job 👍
834094738905303_3702489513304322,Good job Paresh da 👏
834094738905303_1026001835896279,"West Bengal Police zindabad ❤️ 🙌
জয় বাংলা ❤️
জয় হিন্দ🇮🇳"
834094738905303_930304095573549,পুলিশের কাজ সত্যি প্রশংসনীয়। জাস্টিস এর জন্য ধন্যবাদ। আপনারা আছেন বলেই আমরা নিশ্চিন্ত আছি।
834094738905303_1623636054867090,Great job 👍
834094738905303_994835675774586,Good job sir
834094738905303_1711880446236123,জয় হিন্দ
834094738905303_390468017197277,Very good job salute
834094738905303_525659469847626,"I love only West Bengal Police, great job 🫡 স্যালুট"
834094738905303_1052000569818641,শিলিগুড়ির পুলিশ প্রশাসনকে। ধন্যবাদ
834094738905303_1242895580486050,Great Job 👌👌 thanks #WBP
834094738905303_414609311228948,Very good news
834094738905303_534009895826442,Jai Hind
834094738905303_1031750551780193,Much needed Justice....congratulations to team 👏👏
834094738905303_1580020499277921,Good job Siliguri PC...Big Big Salute 🫡 IO @ Matigara PS
834094738905303_855134452968028,"খুব সুন্দর একটা খবর পেলাম, অপরাধী শাস্তি পেয়েছে, এটা শুনে খুব ভালো লাগলো, এবং ধন্যবাদ জানাই সাব ইন্সপেক্টর পরেশ বর্মনকে, সাধারণ জনগণের পুলিশের উপর থেকে বিশ্বাস এখনো হারিয়ে যায়নি, বিশ্বাসটা সব সময় ছিল এবং থাকবে, ধন্যবাদ অল ওভার ওয়েস্ট বেঙ্গল পুলিশ"
834094738905303_8458738607524170,"দেখবেন যদি  উচ্চ আদালতে যায়, যেন সাজা কম না হয়।"
834094738905303_882170253834506,Good work by IO and great achievement by West Bengal Police.
834094738905303_555159956946961,Great job!!!
834094738905303_3756688331255139,Congratulations to the Matigara Police Station officer SI Paresh Barman and all his colleagues who worked with him in this case. Good job done 🙏🏻
834094738905303_3690372084559016,"Great job, congratulations"
834094738905303_3714772255442113,Congratulations
834094738905303_1242257230125237,Great grand salute to West Bengal Police
834094738905303_1720293045419756,Cops of Siliguri police commissionerate have given a speedy and much coveted justice to the departed victim and her family.The team members have set an example of their dexterity and professional skill.A big salute for all of them.
834094738905303_891962916126231,Good Job WBP & SPC & specially Matigara Police.
834094738905303_388850070922677,"Great job, congratulations"
834094738905303_890778276279430,Congratulations
834094738905303_1289577019079405,Good job 👏🏻
834094738905303_3754076461472942,Great job 👏 Feel proud for West Bengal police
834094738905303_539530175120929,Great job sir.
834094738905303_1683963989066324,Great job
834094738905303_536080552286085,Great success and achievement bondhu
834094738905303_510187471741018,Great job sir
834094738905303_407343511997123,Great job
834094738905303_820075706975967,Congratulation to Siliguri Police Commissionerate.
834094738905303_428233733602789,Great job sir
834094738905303_824782533059038,Salute sir
834094738905303_1225642092035265,"We r proud of you sir.
Congratulation 🎉"
834094738905303_430668556689460,Great job.. salute sir
834094738905303_409290431797103,West Bengal police great job
834094738905303_8773995665985005,"Great job, congratulations"
834094738905303_969166344965289,Great job WBP
834094738905303_8175082325918624,Great job sir
834094738905303_717303440583985,Great job 👏 Sir
834094738905303_3737312769817372,Great job sir
834094738905303_1019390066230897,Congratulations
834094738905303_1046327403595608,অনেক অনেক ধন্যবাদ 🙏
834094738905303_1463549690876773,Congratulations sir..
834094738905303_1730933577738724,Great job WBP
834094738905303_325112037290502,Great job sir
834094738905303_804086421802664,Great job Sir 👏
834094738905303_1505571296832229,অকুন্ঠ অভিনন্দন জানাই শিলিগুড়ি পুলিশ কমিশনারেটকে। অভিনন্দন জানাই  তদন্তকারী অফিসার  পরেশ বর্মণ মহাশয়কে।  আপনাদের সুচারু  কর্মপদ্ধতি   দ্রুততার সঙ্গে  উপযুক্ত প্রমাণ সহ তদন্ত সমাপন ও চার্জশিট দাখিল  আদালতকে  এগিয়ে দিয়েছে বিচারপ্রক্রিয়া সমাপ্ত করে রায় দানের দিকে। মাননীয় আদালত যে রায় দিয়েছে  তা  দৃষ্টান্তমূলক হয়ে রইলো। শ্রদ্ধা জানাই মাননীয় বিচারককে।   উপকারীর ছদ্মবেশে   অপরাধী একটি মেয়ের জীবন কেড়ে নিয়েছে। পরলোকগতা মেয়েটির পরিবারকে জানাই আন্তরিক সহমর্মিতা।🙏
834094738905303_1458723818134880,"Great job  ,congratulations"
834094738905303_1149815479429531,Great job
834094738905303_1206145274028400,Good job sir
834094738905303_1676958642842633,Great job sir
834094738905303_2022348718204226,Great job
834094738905303_485698617763480,Great job
834094738905303_1054157936330714,Great job 👏
834094738905303_1312198666820772,Excellent job 🙏
834094738905303_1723311845105214,"Great job sir, Jai hind 🫡🫡🫡"
834094738905303_562050466160510,Great job
834094738905303_1197519531490032,Great job...
834094738905303_1700740114078349,Wow big congratulations 👏👏🎉👏
834094738905303_509044401724030,Great job sir
834094738905303_828112772642049,Great job
834094738905303_875474360688914,"Great job, 👍"
834094738905303_885928253583369,Good job sir
834094738905303_519465973969538,Great job 👍
834094738905303_2285277831642688,Salute W.B Police for such a speedy justice.
834094738905303_510915511886832,Great Job
834094738905303_3835233660098508,Great job sir
834094738905303_362453790270671,🙏🙏🙏
834094738905303_440198989031933,Great job 👍
834094738905303_1966822750458012,পশ্চিমবঙ্গ পুলিশ প্রশাসন সফলতার সাথে এগিয়ে চলেছে l ধন্যবাদ জানাই 🙏🏻
834094738905303_1208782313762111,Congratulations 💐
834094738905303_528815199608457,"Great Job, Salute sir"
834094738905303_420276450601884,Great job Bhai paresh keep it up
834094738905303_2175828162798724,Excellent work 👏
834094738905303_390672307170389,Very good work and good performance 👏
834094738905303_484477744485048,Great job 👏
834094738905303_1187747979172394,"Great  job the West Bengal, salute Sir"
834094738905303_433495089144179,প্রত্যেকটা পাপির এমন শাস্তি পাওয়া উচিত। স্যালুট জানাই ওয়েস্ট বেঙ্গল পুলিশ কে👍👍
834094738905303_1332036534262562,Great job sir Ji
834094738905303_8158656487550815,Great Job Sir..
834094738905303_541698408201256,Great job🙏🏼
834094738905303_500549482729478,Great job batchman
834094738905303_530316096119321,Great job
834094738905303_484141661161619,Great achievement....
834094738905303_2302630530087648,স্যালুট
834094738905303_456516920721454,Good job 🙏🏻Sir
834094738905303_948422097088775,Congratulations Batch
834094738905303_8428316813898734,Great job
834094738905303_1675681073231987,Good job sir
834094738905303_3554563674798946,Great job👏👏
834094738905303_353649041047578,Exceptional excellence. Congratulations to Investigator for his good work.
834094738905303_488878367289737,Good job sir
834094738905303_1191488265404685,Great job
834094738905303_1455356225856418,Congratulations Jay Hind
834094738905303_813979100892143,Great job🙏🏻
834094738905303_2203055463410709,Good job sir
834094738905303_1163946531382786,We salute to our Police Force 🚔
834094738905303_486126131054775,Excellent!!!!...#WBP 🫡🫡
834094738905303_2779721102206477,Thank you so much Siliguri Police 🙏❤️
834094738905303_1694057664725869,"যাক!! আপনারা ট্রেন্ড ভেঙে নাম গুলো প্রকাশ করছেন দেখে ভালো লাগলো! 
Good job"
834094738905303_1549467722621340,"Very Good job sir, 👏"
834094738905303_1223945899031239,Good job sir
834094738905303_528525406524424,Great job wbp
834094738905303_525529263302609,Great Job
834094738905303_1862451657571542,Great sir
834094738905303_1542496006692573,Great job congratulations
834094738905303_1051645023004073,Great job
834094738905303_1443852246300827,Great job ❤️❤️
834094738905303_1921402341669002,Good job sir
834094738905303_1219463995756475,great jób sir
834094738905303_1072635940957298,Good Job Sir ..
834094738905303_1304559760412874,Excellent performance.
834094738905303_528341422924638,Great job
834094738905303_1055574639562434,"Good job, congratulations and kudos to Siliguri Commissionerate Police."
834094738905303_1158288375275736,Good job sir
834094738905303_486089760969097,Congratulations
834094738905303_1451568165544683,Congratulations sir .apnar sate kaj karar sujog peye ami donno sir God bless u sir apnar susthota kamona korci
834094738905303_1189378318948982,Congratulations sir
834094738905303_1029775748726499,Congratulations
834094738905303_3816367138648659,Good job SILIGURI POLICE COMMISSIONERATE
834094738905303_1993951394359464,Congratulations sir
834094738905303_882505619986822,Congratulations
834094738905303_419737781222935,Very good  news
834094738905303_845846181015285,Good job 👍
834094738905303_1305687617506833,"Congratulations Sir,i hope the entire Nation gets inspired from ur act of valour and commitment...."
834094738905303_898066285507017,", good work"
834094738905303_499030682768919,Great job!!
834094738905303_1202267297713757,Congratulations
834094738905303_1594777101448038,Good job mama
834094738905303_2262922210744693,স্যালুট IO Sir 🪄🫡
834094738905303_1027426402014740,Congratulations
834094738905303_530609136029836,Great job 👏🏻
834094738905303_1702597180499662,Extremely happy to hear the news...Salute to you Sir 🙏
834094738905303_456817430652149,Great job
834094738905303_985871916671596,Congratulations sir 👏🏻👏🏻
834094738905303_403047102822583,Congratulations
834094738905303_536981938795296,Good job sir
834094738905303_1643302839851800,Good job 👍 sir
834094738905303_867041432025614,Good job sir
834094738905303_512210208078231,Congratulations sir
834094738905303_1220658425785742,Good Job Sir👍
834094738905303_2487798144944397,Good job SIR
834094738905303_3613830015532868,Good job sir
834094738905303_1224966545301371,Great Job
834094738905303_481545414849950,Good job Sir
834094738905303_1263212948005520,Congratulations
834094738905303_3610511039211004,Good job 👏
834094738905303_992588252673432,Congratulations bandu your work is commendable.
834094738905303_882003380658208,"Justice for the victim. Thanks to Matigara Police Station. Special regards for the SI, Paresh Barman. 🙏🏽🙏🏽🙏🏽"
834094738905303_381094255042304,Great kob Sir..👏👏🫡
834094738905303_1037494677857646,Good job Sir
834094738905303_870886614950065,Good job
834094738905303_3910029765896300,Congratulations
834094738905303_1734046167421322,Good job sir
834094738905303_501032452654161,Good job sir
834094738905303_1585787842296555,Good job
834094738905303_396183553511407,Big congratulations to Matigara PS & Siliguri PC
834094738905303_524502336933509,জয় হিন্দ
834094738905303_1073808601087464,🙏🏻🙏🏻🙏🏻
834094738905303_1174638153649087,"Sir,
Very good work."
834094738905303_429071049629923,Good job sir
834094738905303_7918571491605903,"Very good sir 
Joy Hind"
834094738905303_859611972792561,Good job sir
834094738905303_1217574002728516,Very good job WB police
834094738905303_1544539696489927,Salute Sir
834094738905303_1209247740383647,Good job sir
834094738905303_1194214678484330,Congratulations 👍🏻
834094738905303_8386713974747064,Good job sir
834094738905303_8090196924432662,সমস্ত ধর্ষক অপরাধীদের এভাবেই ফাঁসি কাঁঠে ঝোলানো হোক 🪄
834094738905303_371297829366631,🙏🙏🙏
834094738905303_1889125154885367,Good performance
834094738905303_1286412412328048,Good job sir
834094738905303_1010756960844357,Good job sir
834094738905303_1204689267326319,Good Job Sir
834094738905303_891616745686440,Good job sir
834094738905303_544318774841562,Congratulations 🙏🌹
834094738905303_1068300034800036,Congratulations Team Matigara 👏
834094738905303_1233848657626629,Good work sir 👏👏❤️❤️
834094738905303_1190201422265819,Good Job
834094738905303_540602571811525,Very good
834094738905303_390268753878681,We are proud to be a part of WBP.
834094738905303_2291269947880684,প্রকাশ্যে ফাসি দেয়া উচিত যেন বাকিগুলো ভয় পায়।
834094738905303_508134151978610,At last we got the result. Thanks to Justice
834094738905303_568137929017754,Good job
834094738905303_515999987680667,Good job sir.
834094738905303_1968215160288965,Good job sir
834094738905303_1722749688534326,Good job
834094738905303_1923162144818995,Great work
834094738905303_844804361119737,Congratulations sir.
834094738905303_3742677606007396,Good Job....
834094738905303_533544655781237,Great decision 👍
834094738905303_1337503420559950,Good job sir
834094738905303_413775264658389,Good job sir
834094738905303_1488410925128811,Great work
834094738905303_510376278356165,Good job sir
834094738905303_1441132759910069,Good job Sir 🙏
834094738905303_841346278191241,congratulation
834094738905303_1425667444787426,Good job
834094738905303_1055089849320893,Good job sir.
834094738905303_1634404027128324,Good work
834094738905303_1067235511643286,Congratulations for your best investigation 👍
834094738905303_825805802875878,Good job sir
834094738905303_928563695747999,Good job sir
834094738905303_873184498083973,Congratulations sir
834094738905303_1056009135912334,"IO expedite excellent investigation & Ld. Court took the initiative to make a speedy trial, hence the judgement ended in conviction."
834094738905303_1258911775475939,Congratulations......
834094738905303_1058033035937766,Good job 👍
834094738905303_1196497251471665,Etai sunte chai porinoti hok prottek rapist gulor…
834094738905303_471378702553501,Good  job
834094738905303_1233718124331677,"Justice Mehta madam needs standing ovation. Law can give only this much gentle penalty, he might have deserved worse termination."
834094738905303_469306362766406,🙏🏻🙏🏻🙏🏻
834094738905303_1192659438518544,Salute Sir.
834094738905303_1055093746206582,Good job paresh da.........
834094738905303_407352898664498,Good Job
834094738905303_892995429400024,Good job
834094738905303_895157085817584,Good job sir
834094738905303_1572351843356531,Good job ( honest wbp officer )🙏🏻
834094738905303_1027398202464258,Good job sir
834094738905303_1199840134776903,সেলাম জানাই কলকাতা সহ বাংলার পুলিশ কে
834094738905303_1211655713425675,Congratulations sir
834094738905303_893894079269712,Good work sir🙏🏻🙏🏻🙏🏻
834094738905303_1551504978773691,SALUTE SIR
834094738905303_532035519481877,Good work sir 👍👏
834094738905303_528142599685243,Very Good job 👍
834094738905303_494529266781690,Good job sir
834094738905303_1904555673346086,"#KhelaHobe 
#WestBengal police salute"
834094738905303_1076115373965485,অনেক ধন্যবাদ ও শুভেচ্ছা
834094738905303_2684857211695735,Great job sir
834094738905303_1222519388898311,Good job শিলিগুড়ি পুলিশ কমিশনার এবং ওয়েস্ট বেঙ্গল পুলিশ
834094738905303_477354801834537,This is what police can do. Wide  circulation of such type good job  is required.
834094738905303_1705907066823161,Great sir 👍🫡🫡🫡🫡
834094738905303_1047837563058197,Good  job
834094738905303_1056317386147133,Good job sir
834094738905303_2946264235531347,Good work
834094738905303_532608939243186,"Good job 
Salute west bengal police"
834094738905303_1024287779174932,Good job salute sir..
834094738905303_1876853076153854,Great job ❤️❤️
834094738905303_872894228123851,Congratulations Paresh Da
834094738905303_421949413957028,Nice job sir 👏👏
834094738905303_1160882584981842,Great job poresh sir joy hind
834094738905303_1739476013487418,Salute Sir
834094738905303_493406053543086,"Great job 👏🏻 
I proud of you Sir & West Bengal police 🚨🙏🏻"
834094738905303_896456572389191,Good work sir
834094738905303_534553038948056,অনেক অনেক ধন্যবাদ পশ্চিমবঙ্গ পুলিশকে। ধন্যবাদ জানাই S I Paresh Barman কে দ্রুত দোষীকে সাজা দেওয়ার জন্য।
834094738905303_532056679477288,Good work
834094738905303_492572373637740,Salute sir 🙏
834094738905303_1682964402245086,Good job
834094738905303_2062388047525592,"বাঃ, খুব ভালো খবর। তদন্তের সঙ্গে যুক্ত সকল কে জানাই আন্তরিক অভিনন্দন ও শ্রদ্ধা।🎉🙏"
834094738905303_8200728113340911,Sir good jab
834094738905303_486813467651906,good job
834094738905303_1960383507741957,"কুর্নিশ পুলিশ বিভাগ কে 🙏
এটা যেন দ্রুত কার্যকর হয় সেটাও দেখুন অনুগ্রহ করে।।"
834094738905303_3907057166192549,Good job sir 👏
834094738905303_1874392043026945,Congratulations Sir🥰🥰
834094738905303_553987147022335,Well done Sir.
834094738905303_1866591850418383,Congratulations
834094738905303_482943967896064,Feel Proud
834094738905303_1576866496575264,Congratulations
834094738905303_492227577070895,Perfect justice.Salute the I.O & team
834094738905303_509912145321492,Good job
834094738905303_1259606482071991,এই খবরগুলো দেখলে ভালো লাগে।‌প্রশাসনের ওপর আস্থা অটুট থাকে। নিশ্চিত করুন কোনোভাবেই যেন মৃত্যুর সাজা রদ না হয়। তাহলেই এরকম অপরাধ করার আগে অপরাধী বারবার ভাববে। নাহলে এরকম ঘৃণ্যতম অপরাধ দিন দিন বাড়তেই থাকবে।
834094738905303_2220273421674092,#wbpolice প্লীজ আপনারা ফাঁসির ভিডিও করে লাইভ করে দেখান জনগণ কে....নাহলে এই ধরনের ঘটনা ঘটতেই থাকবে....
834094738905303_1212746889967573,Well done wbp
834094738905303_430590796700362,Congrats Paresh Da
834094738905303_859590782810794,Good Job
834094738905303_862326818942545,Justice delivered
834094738905303_805935268382044,Arindam BhattacharjeeSalute to you and your team .. 🙏
834094738905303_545084528193177,Jai Hind
834094738905303_1894921470989230,Kudos !👏 💐
834094738905303_505481735410100,West Bengal Police ❤️ 🫡
834094738905303_8194361313946518,Bah bah bah 👌👌👌
834094738905303_1039556157272249,"We are proud of WBP ,,,,,,,"
834094738905303_809408401065807,congratulation.
834094738905303_1582091189007433,Good job sir
834094738905303_1278601943296723,Congratulations sir
834094738905303_480098801668403,"পুলিশ যথাযথ ব্যবস্থা নিতে সফল হয়েছে, ধন্যবাদ।"
834094738905303_1658612984683303,Good job sir
834094738905303_1049032620267678,Great job W.B.police 🙏
834094738905303_872957271047566,Good job sir
834094738905303_1049833019716670,Good job sir
834094738905303_8099491053432645,স্যালুট 🙏
834094738905303_516604034389241,This judgement is a milestone of Siliguri Police Commissionerate's history
834094738905303_1033988751280427,Good job
834094738905303_1712879986190685,Well done..
834094738905303_26556809873966702,"Great achievement of police department, Punishment of a miscreant through due process of law.🙏"
834094738905303_1532904920649262,khub valo justice sir .
834094738905303_1589145448380252,Thanks to WB police
834094738905303_974670984418765,Good job sir
834094738905303_826891122900123,Good job sir
834094738905303_1066281651726885,Good job sir
834094738905303_1036040437739707,Very Good job. Keep it up.
834094738905303_537523018806528,Good work done 👍
834094738905303_1413236860079060,Good job sir
834094738905303_433317803089243,Good job
834094738905303_866047245116993,Selute sir
834094738905303_1199829674685695,Good job sir 👏
834094738905303_1035382197802796,Good jobs
834094738905303_381364621522319,Sir অনেক অনেক ধন্যবাদ 🙏❤️
834094738905303_3478416212288896,Good job sir
834094738905303_1057102729209698,Good work. Hats off.
834094738905303_875372147501570,Salute 🙏🏻
834094738905303_1661057511344729,Good job sir
834094738905303_812151934409128,Good job
834094738905303_1054885932716605,Good work
834094738905303_522724320277698,Congratulations sir
834094738905303_1412875589670589,Good job sir 🙏
834094738905303_1042466967603044,Congratulations Paresh Da ❤❤
834094738905303_1926682311174767,Salute to you sir jai hind jai bangla
834094738905303_1196301374983820,এই সাজা যেনো বজায় থাকে। পশ্চিমবঙ্গ পুলিশ কে স্যালুট এই কাজের জন্য।
834094738905303_309754892199943,"পশ্চিমবাংলার পুলিশকে সালাম জানাই। 
সঠিক তদন্ত করে ফাঁসি দেওয়া কে।"
834094738905303_8112557238856801,খুব ভালো
834094738905303_1914930488984809,Congratulations sir
834094738905303_429289376334917,Big congratulations to all entire team of SPC & I.O
834094738905303_2228955394130535,ভাল কাজের প্রচার হোক। আমরাও সজাগ আছি।
834094738905303_1060367355503582,"অপরাধীর বিরুদ্ধে এই রায় বহাল থাকুক,
বাবা, মার বুক থেকে মেয়েটাকে ছিনিয়ে নিয়েছে, সেতো আর ফিরবে না, কিন্তু তার ধর্ষণ, হত্যাকারী উপযুক্ত সাজা পেলো এটা দেখে বাংলার যত মায়ের কোল খালি হয়েছে তারাও যেনো একটু আশার আলো দেখতে পারেন।
যায় হোক বাংলার পুলিশ অপরাধীকে চিহ্নিত করে উপযুক্ত শাস্তি পাইয়ে দিয়েছে এটাই কাম্য,
আশা করব এই রায় বহাল থাকুক 🙏"
834094738905303_2876752662476635,Great job sir🙏 আপনাকে কুর্নিশ জানাই।🫡
834094738905303_499461866040765,Good job wbp
834094738905303_433238525836517,Good job Wbp 👏
834094738905303_1078114757363547,"এই খবরটি যত টা সম্ভব ভাইরাল হওয়া প্রয়োজন। নারীদের ওপর কোনো রকম নির্যাতন করার আগে যেন এই নর - পিশাচরা একবার হলেও চরমতম শাস্তির কথা ভেবে থমকে যায়। 
কুর্নিশ জানাই আমাদের পুলিশ ফোর্স কে। আপনারা পারবেন, স্যার। আপনারাই পারবেন।

#salutetowestbengalpolice"
834094738905303_1027264482060885,যথাযথ কর্তব্য  পালনের জন্য ধন্যবাদ
834094738905303_1197409078242203,Congratulations advocate sir keo 👏🏻👏🏻👏🏻jini ai Cass er jonno lorechen
834094738905303_908300744459252,Good Job WB Police 👍
834094738905303_491939213830574,"Great work sir, অপরাধী তার উপযুক্ত শাস্তি পেয়েছে"
834094738905303_1239873273672867,শাস্তি এখন পায়নি। সাজা শোনানো হয়েছে মাত্র। Make sure করুন as early as possible যেন ফাঁসি exicute করা হয়।
834094738905303_1840367709819364,"আমি খবর টা পড়ে আনেক খুশি হলাম, স্যালুট জানাই পরেশ sir ও ওনার টিম কে 🫡🫡 ।"
834094738905303_8031089816968559,Good job sir
834094738905303_1687416142096519,Police 🚨
834094738905303_1398598238196332,সেলুট জানাই পশ্চিমবঙ্গ পুলিশ কে।
834094738905303_873193017631404,Very Goood
834094738905303_1189943932216443,Good job
834094738905303_1023308876158533,ধন্যবাদ
834094738905303_8565711220125717,"স্যালুট স্যার,"
834094738905303_1159967388416673,SI Paresh Barman sir er sathe ami bes koydin duty korechilam uni khub valo manus
834094738905303_484830811017996,Khub valo sir
834094738905303_1442843303093257,পরেশ। বন্ধু তোমাকে অনেক ধন্যবাদ।
834094738905303_878777783679589,Good job
834094738905303_1143146366788429,Great job 👏👍💯
834094738905303_1684571628984311,🙏 আমরা যেন আপনাদের থেকে অনুপ্রাণিত হই
834094738905303_877285283839933,Proud of you
834094738905303_1422962255060232,"অসংখ্য ধন্যবাদ জানাই আমাদের গর্ব পশ্চিমবঙ্গের পুলিশ কে, অতি সুদক্ষ ভাবে তদন্ত করে, অতিদ্রুত বিচারপ্রক্রিয়া শেষ করে, শাস্তি ঘোষণা করার জন্য আন্তরিক ধন্যবাদ জানাচ্ছি আমাদের পুলিশ কে,,"
834094738905303_1263914861238873,আপনাদের মত সৎ সাহসী অফিসার আছে বলে এখনো আইনের প্রতি সাধারণ মানুষ আস্থা রেখেছে। আগামী দিনে আপনার মত যেন পশ্চিমবঙ্গের সমস্ত  পুলিশ অফিসারদের সুন্দর মানসিকতা এবং কাজ করার মানসিকতা তৈরি হয়।
834094738905303_8412698778790740,Same kind of intent require from kolkata police too.
834094738905303_1217066479478977,"এইভাবে দ্রুত তদন্ত প্রক্রিয়া শেষ করে সাজা দেওয়া দরকার, যাইতে মানুষ সচেতন হয়।"
834094738905303_499466392868870,স্যালুট স্যার
834094738905303_514831424630334,Kudos!👏 💐
834094738905303_1056760832482873,Congratulations
834094738905303_2277480792604884,"Well Done 👍🏻
West Bengal Police 🫡"
834094738905303_832606702385040,জব্বর। মোগাম্বো খুশ হুয়া।
834094738905303_3895054480760873,ফাঁসি কার্যকর হোক দ্রুত। আবার তো উচ্চ আদালতে আপিল করবে আসামি।
834094738905303_891652156192661,মাননীয় IO কে ধন্যবাদ। এই করম সক্রিয় ভাবে পশ্চিম বঙ্গের থানা গুলিতে অপরাধের  দ্রুত সাজার ব্যবস্থা হলে অপরাধিরা অপরাধ করতে ভয় পাবে। রাজ্যে অপরাধ প্রবনতা কমবে।
834094738905303_2792065310971180,স্যালুট জানাই ঐ স্যার কে।
834094738905303_840026171618446,"Good job, এটাই চাই apnader থেকে"
834094738905303_2949053505234122,🇮🇳⚖️🙏 JAI HIND SATYAMEV JAYATE 🇮🇳⚖️🙏
834094738905303_1295931145149767,Good job sir
834094738905303_1194816208292144,সেল্টু স্যার
834094738905303_1189919285662493,দারুন ❤️
834094738905303_2452425771613894,Thank you পরেশ বর্মন স্যার
834094738905303_1672643696865959,West Bengal police amader Garbo.🙏
834094738905303_432219169874373,স্যালুট ❤️
834094738905303_1056297859197252,"Respected Sir 
আপনাকে এবং আপনার পুরো টিম কে আন্তরিক শুভেচ্ছা জানাই  💐💐💐💐"
834094738905303_866537885426747,পশ্চিমবঙ্গের পুলিশ ভারতের সেরা 🙏🙏
834094738905303_1427695761254998,"সঠিক বিচার পেয়েছে 
পশ্চিমবঙ্গ পুলিশ কে ধন্যবাদ"
834094738905303_880767283934812,Jai hind
834094738905303_1561279457929221,ধর্ষণের এটাই উপযুক্ত শাস্তি হওয়া উচিত
834094738905303_1039767004210177,Good Job Sir
834094738905303_1286724172705635,"Well done, আরও একটা কেসের জন্য বসে আছি যে"
834094738905303_826311069623399,Great job
834094738905303_822005376659686,Nice jobs👍🏻
834094738905303_2157464554654481,Very good
834094738905303_1605712369979746,Thanku sir
834094738905303_813935694281881,Great work 👏 👍.  Bharotborsher ain jindabad.
834094738905303_871703841130101,"প্রাথমিক তদন্ত ঠিক ভাবে হয়েছে 🙏Good job sir
উচ্চ আদালতের দ্বারস্থ হলেও সাজা কম না হয়!!!"
834094738905303_935387075271620,Khoob valo khobor
834094738905303_483032521273432,"ফাঁসি দিয়ে ভেজাল মুক্ত করেন
নইলে শুধুশুধু সময় নষ্ট"
834094738905303_1643371496208860,Khub valo evabei jeno sob dosi ra uchit sasti paay r police neutrally emon kaaj korle sobai nischinto hoy j justice ta jaate hoy.
834094738905303_538159402211046,"ফাঁসির সাজা অনেক কম, তিলে তিলে রোজ মারা উচিত ওকে। মরতে না দিয়ে রোজ আধ মরা করা উচিত।
সেলুট শিলিগুড়ি পুলিশ কে।"
834094738905303_1545662766326657,ধর্ষণকারীদের একটাই শাস্তি হওয়া উচিত সেটা হলো ফাঁসি।
834094738905303_529247799476222,Good Job 👏
834094738905303_878470727509903,Anando pelam
834094738905303_1619144405298229,খুব ভালো
834094738905303_1565307787751611,এই ফাঁসি প্রকাশো দেখতে চাই
834094738905303_542286215127834,দোষী দের সাজা হোক
834094738905303_1221814555525706,Eisob aporadher jonno sathik sasthi
834094738905303_504972425731404,অত্যন্ত ভালো কাজ ধন্যবাদ ওয়েস্ট বেঙ্গল পুলিশকে। 🙏🙏❤️❤️
834094738905303_921144233178589,এভাবেই প্রতিটি অপরাধের বিচার হোক।
834094738905303_1043790727281367,এইরকম কাজ করলেই পুলিশের প্রতি সাধারণ মানুষের আস্থা ফিরে আসে।
834094738905303_989119093258441,"ফাঁসির আদেশ দিলে 24 ঘন্টার মধ্যে ফাঁসি দিতে হবে 
না হলে পরের দিন হাইকোর্ট তার পরে সুপ্রিম কোর্ট"
834094738905303_481086391462703,Good job.
834094738905303_1282040079829595,Hats off to you Sir...🫡
834094738905303_1845691259291803,পরেশ বাবুকে কুর্নিশ।এত বর একটা পিয়াসকে ধরবার জন্য । আমরা রাজ্য বাসি ।এই পুলিশ বাহিনী দেখতেই অভ্যস্ত নমস্কার স্যার ভালো থাকুন।
834094738905303_746564917571455,মৃত্যু দন্ড যেন তাড়াতাড়ি বলবৎ হয় l
834094738905303_541134864961130,ফাঁসিটা কার্যকর করুন।
834094738905303_485508420946428,Jai Hind sir 🇮🇳🇮🇳🇮🇳
834094738905303_517267837563917,Kobe fasi hobe? Date dakte chai
834094738905303_1224537422069487,গ্রেট। পারফেক্ট
834094738905303_1169557094117287,শুভেচ্ছা অভিন্দন
834094738905303_513070034705389,"শুধু পশ্চিমবঙ্গ নয় সারা দেশে যত ধর্ষণ করে খুন করা হয়েছে, সব্বাইকে ফাঁসির সাজা শোনানো হোক 🙏"
834094738905303_1028353891932482,Well done ✅💯
834094738905303_390904330487327,Choti na Chatle westbengal police valoi kaj korte pare prove that.....praud of westbengal police......
834094738905303_1528630951108722,অভিনন্দন West Bengal Police
834094738905303_3658974484393197,ওকে আরও যন্ত্রণাদায়ক মৃত্যুর স্বাদ দেওয়া উচিত৷ নরাধম পশুু জাহান্নামে যাক৷
834094738905303_503998365571081,Thanks for everyone 💕💕🙏🙏🙏
834094738905303_827942929408749,Kub valo lagca
834094738905303_1184472742821068,13 months 🙂
834094738905303_511036861534230,পরেশবাবুকে অভিনন্দন
834094738905303_1052114833213367,"খুব ভালো 👌
তবে এতদিন তো এরকম পোস্ট দেখি নি হঠাৎ কি হলো ?"
834094738905303_1891375908029396,"ভালো কাজ অধিকাংশ মানুষ ভালো চোখে দেখতে পারেন না, তারা বাঁকা চোখে দেখতে ভালোবাসেন। যাই হোক আমি তাদের দলে নয় সাদা কে সাদা, কালো কে কালো বলতে স্বাচ্ছন্দ্য বোধ করি। আমরা সাধারণ মানুষ সব বুঝি কোনটা রাজনৈতিক কোনটা অরাজনৈতিক, তা সত্ত্বেও আমরা সব দোষ নন্দ ঘোষ অর্থাৎ পুলিশ। অসংখ্য ধন্যবাদ ওয়েস্ট বেঙ্গল পুলিশ।"
834094738905303_1060848332311781,"Commendable.... proper evidence exhibits kore, conviction koraro is really commendable. The conviction is not only the best reward for an IO but also a message to these criminals... Congratulations to the entire Siliguri Police Commissionerate."
834094738905303_843906344552008,❤️❤️❤️❤️ Salute Baba Paresh Barman
834094738905303_1047145090257057,"Same justice is demanded for Abhaya di..
#justiceforRGKar 
#justicefortilottama"
834094738905303_1690814844828111,ধর্ষনের রায় ফাঁসি হওয়া চাই।। Congratulations #WBP
834094738905303_2816124555207228,West Bengal Police  এখনো ভরসা এবং আশা ।
834094738905303_1173927356999571,"সাবাস West Bengal Police 
ধর্ষকের একটাই শাস্তি হচ্ছে মৃত্যুদণ্ড,"
834094738905303_409888842210006,"Great job done , Matigara Police should be facilitated by the citizens of Siliguri."
834094738905303_1932121693925115,Good job sir🙏
834094738905303_1477366486308141,Salute 🫡🫡 proud of you Sir
834094738905303_1088587276029807,Good job sir
834094738905303_1424104818284993,Good job
834094738905303_366107086565281,13 মাস নয় এদের মত নর পশু দের 13 দিনের মধ্যেই চৌ রাস্তায় দাঁড় করিয়ে গুলি করা উচিত
834094738905303_500489175950073,"আপনাদের হয়ে প্রার্থনা করছি, উচ্চ আদালতেও যেন এই রায় বহাল থাকে--রে*পিসটেরও 'ফিউচার' আছে বলে কেউ ছাড় না দেয়। তা হলে আপনাদের এত পরিশ্রম বৃথা হয়ে যাবে"
834094738905303_2451804985023224,Great sir
834094738905303_1089812709156308,ফাঁসি চৌরাস্তার মোড়ে অনুষ্ঠিত হোক এটাই এই সময়ের দাবী
834094738905303_1202240694352989,"ফাঁসিই যেন হয়,উচ্চ আদালতে আবেদন করে যেন যাবজ্জীবন না হয়ে যায়,দয়া করে দেখবেন"
834094738905303_403078422447471,আমরা এমন পোস্ট প্রতিনিয়ত দেখতে চাই।
834094738905303_1028077282307041,Fasi ta public er samne dite hobe jate voy thake sobar mone.
834094738905303_806281224913942,"আদালতে যখন ফাঁসির আদেশ‌ হয়েইছে, তখন‌ শুভ কাজে বিলম্ব কিসের? অসুর নিধন হোক এই পুজোর আগেই।"
834094738905303_1486805045279847,ফাঁসির আদেশ শুনে কি করবো!!!! ফাঁসিটা হবে কবে??? আবার আজ কাল পরশু করবে না তো????
834094738905303_1816306285563623,Great job 👏 ❤️🙏Feel proud for police
834094738905303_879512214118652,
834094738905303_2252447645105186,
834094738905303_8466459030042841,
834094738905303_494626513346339,
834094738905303_1207043266995512,
834094738905303_1862691064225783,
834094738905303_436388782187851,"Excellent job Sir,"
834094738905303_2552835821586003,
834094738905303_522778570403933,
834094738905303_8178955772231421,
834094738905303_8303656409714343,
834094738905303_857204593178521,
834094738905303_1659634441273870,
834094738905303_1033485537980548,
834094738905303_509437808351650,
834094738905303_502742379043808,
834094738905303_1660997521414166,
834094738905303_872914727644704,
834094738905303_518714274183235,
834094738905303_553311133935148,
834094738905303_1632714577654203,
834094738905303_868712991886194,👍👍
834094738905303_1622068228378617,
834094738905303_405362872232692,🙏🙏🙏
834094738905303_860118489427256,
834094738905303_529876716252394,🙏
834094738905303_1044734943873888,🫡🫡🫡👍
834094738905303_1597821767746861,#BengalShowsTheWay
834094738905303_8279705502105444,
834094738905303_848586990573855,
834094738905303_1676940696404676,
834094738905303_2877899369025480,🙏🙏🙏
834094738905303_1068125428008885,👍
834094738905303_1055252586331321,🙏🙏🙏🙏
834094738905303_1924855517935880,❤️
834094738905303_502960736020252,🙏🙏🙏
834094738905303_1564255307519026,#friends
834094738905303_807206617979915,👍👍👍
834094738905303_527292009830362,🙏🙏🙏🙏🙏🙏🙏💐💐💐💐💐💐💐
834094738905303_845265187334574,🙏🙏🙏
834094738905303_2165820317122260,🙏🙏🙏
834094738905303_1550055762576093,🙏🙏
834094738905303_439819539103005,🙏🙏
834094738905303_1517114079178980,🙏🙏🙏🙏
834094738905303_864005095700838,🙏🇮🇳🙏
834094738905303_1457487508291655,🙏🙏🙏
834094738905303_420708311030517,🙏🙏
834094738905303_2027045011084574,🙏
834094738905303_520312183977540,Biplab Sarkar
834094738905303_1175844440370858,🙏🙏🙏🙏🙏
834094738905303_439848688437359,❤️❤️
834094738905303_888288436488340,🙏🏾🙏🏾🙏🏾
834094738905303_513965894752222,🙏
834094738905303_1285452552808257,🙏🙏
834094738905303_922051749746091,🙏🙏🙏🙏🙏
834094738905303_1276548326675491,👍👍👍
834094738905303_491082780480362,🙏🙏🙏
834094738905303_490821303729483,🙏🙏🙏🙏
834094738905303_840907224887543,🙏🙏🙏🙏
834094738905303_823847439949205,👍👍🙏
834094738905303_1726754261434695,🙏
834094738905303_496457123127740,🙏
834094738905303_1230806114772247,🙏🙏
834094738905303_2752961491527582,
834094738905303_1063807512020527,Debasis Banerjee  Debasish Baidya
834094738905303_1019665299952428,
834094738905303_2613536758840864,🙏
834094738905303_1753098938428272,"ফাঁসির লাইভ ভিডিও করে দেখাতে হবে যেন আগামীতে ধর্ষণের আগে শত বার ভাবে এই শাস্তির কথা প্রতিটি ধর্ষক।
আদালতের এই রায় কে স্যালুট জানাই।"
834094738905303_3709638299296013,Very good
834094738905303_1060192098839201,পশ্চিমবঙ্গ পুলিশের পক্ষেই সম্ভব এত দ্রুত তদন্ত শেষ করে দৃষ্টান্ত মূলত শাস্তির ব্যবস্থা করা।। ধন্যবাদ জানাই পশ্চিম্বঙ্গ পুলিশ কে 🙏
834094738905303_1174262790469762,Great job 👏 Feel proud for West Bengal police 🚨
834094738905303_525145976737596,Congratulation to Siliguri Police Commissionerate.
834094738905303_1028077238773861,"I Love West Bengal Police ❤️❤️❤️
Great Job 🙏🙏🙏🙏🙏"
834094738905303_1720121388798794,স্যার দের কে অনেক অনেক ধন্যবাদ
834094738905303_1590718844852252,Great job thanks to west bengal police 👍🏼
834094738905303_1179928366396583,"13 mash er komiye byaparta 6 masher moddhe korte hobe,, ar phasir asamider tv te dekhate hobe jate erkm manush der mone voi toiri hoy।"
834094738905303_409406508449070,Congratulations Sir.❤️❤️❤️❤️❤️🙏🙏🙏🙏💐💐💐💐💐🍫🍫🍫🍫
834094738905303_1619902985249784,অনেক অনেক ধন্যবাদ আপনাকে স্যার
834094738905303_817246033822214,Matigara police Great Job sir
834094738905303_3686984064849371,অনেক অনেক ধন্যবাদ জানাই রাজ্য পুলিশকে
834094738905303_546896024441154,Great job sir congratulations
834094738905303_435159229542064,Good job
834094738905303_1212652879870163,Congratulations Paresh Da... Good job.
834094738905303_1981469842316702,"এইবার দুর্গাপুজো তে যে যে সিনেমা গুলো রিলিজ হওয়ার কথা তার অধিকাংশ সিনেমার নায়ক নায়িকা পরিচালক RG Kar ইস্যু তে পথে নেমেছেন !দিনের পর দিন !  সুবিচারের লড়াই তারা করেছেন ! তাদের লড়াই কে কুর্ণিশ ! 

তাদের ইচ্ছে কে লড়াই কে  মর্যাদা দিয়ে সুবিচারের দাবী তে এবার  পুজোর কয়েকদিন শহরের সব মাল্টিপ্লেক্স ও সিঙ্গেল স্ক্রীন বন্ধ রাখা হোক ! এ সময় শোকের সময় ! সিনেমা দেখার নয় ! 

এবার পূজো উদ্যোক্তা দেরও বলবো ! গনেশ পূজো থেকে দুর্গাপুজো সহ সব সংস্কৃতিক অনুষ্ঠান কমিয়ে দিন ! যে টুকু পাড়ার শিল্পীদের বাচ্চাদের নিয়ে নিজেদের মধ্যে যেটুকু হয় সেই টুকুই করুন ! 

বড় নামী শিল্পীরা সকলে শোকস্তব্ধ তাদের এই সময় গান বাজনা করতে ডেকে অসম্মানিত করবেন না ! পেশাদার শিল্পীদের সন্মান জানিয়ে তাদের অব্যাহতি দিন ! 

দাবী উঠুক ! 

তিলোত্তমা বিচার পাক 
গান সিনেমা বন্ধ থাক !"
834094738905303_496333619841433,Siliguri police good job 👍👍👍
834094738905303_842265268100938,"This is West Bengal administration,, Salite.."
834094738905303_3626597080921795,উচ্চ আদালতে গেলে এই রায় বদলে যাবে
834094738905303_874311764192464,"সদিচ্ছা থাকলে বর্তমান আইনেই মহম্মদ আব্বাসের মতো ধর্ষকদের ফাঁসি দেওয়া সম্ভব ।
ধন্যবাদ পশ্চিমবঙ্গ পুলিশ।"
834094738905303_550105277370036,I love you West Bengal police ❤️🙏
834094738905303_1657184598185094,Very good news
834094738905303_1568719754049637,Congratulations 👏 West Bengal Police
834094738905303_455449000822671,Thank you.
834094738905303_3870678269855906,Great job 👏 Feel proud for West Bengal police 🚨
834094738905303_1238495177173527,ফাসি হবে তো?
834094738905303_1553146045560727,"Well done IO, congratulations"
834094738905303_1227470438437667,Salute 🙏
834094738905303_1316051446037555,Good 👍
834094738905303_376964585453531,Great job
834094738905303_533545615795808,Honest and Disciplined  officer Thank you
834094738905303_1534594457449612,Salute
834094738905303_819470500361823,"Nice, thanks 👍"
834094738905303_860660222709180,WBP ❤️
834094738905303_1981261712349038,Well done 🫡🫡🫡
834094738905303_3233357130127577,Sir
834094738905303_883333100383414,Thank you so much
834094738905303_1034107445387509,Good j👍
834094738905303_1226518868479681,Excellent
834094738905303_8675244885840349,Thanks WBP
834094738905303_821872280145190,Great sir
834094738905303_544070798189077,Salute
834094738905303_1580663072546158,Great
834094738905303_1943562562812106,"Exemplary judgement ... 
Good investigation..
Justice delivered.."
834094738905303_539755965384095,Great super
834094738905303_478576438346379,Good
834094738905303_1248358719516836,Super batch
834094738905303_1002839811621359,Good job
834094738905303_3351029381700717,Salut
834094738905303_1017884033312463,Good job  WBP 👌
834094738905303_1738083840342621,Congrates Sir 👍👍👍
834094738905303_490069337142824,Great
834094738905303_483208998009389,Good Judgement
834094738905303_8096118857108998,Good
834094738905303_815258540475088,Police👆🏻👆🏻👌🏻💞
834094738905303_882530127092721,GOOD WORK
834094738905303_932662748668970,Excellent
834094738905303_1208118297095510,Excellent💯👍
834094738905303_1614682122443660,Great
834094738905303_536779678692660,Jay hind
834094738905303_529401929471873,Good job
834094738905303_1547657706178431,Salute
834094738905303_1085704169581467,Great
834094738905303_493520383456991,Very Good
834094738905303_1268158744196594,Salut sir
834094738905303_1538875673386663,Salut
834094738905303_1577132709539132,Very good
834094738905303_480751341523192,Great 👍
834094738905303_1115561763302897,Heartiest thanks Pareshda  n all other Police personnel involved in this case 🙏🙏
834094738905303_533068712471802,Salute 🫡🫡🫡
834094738905303_1036808567849574,Sir good
834094738905303_861776496087771,Good job
834094738905303_1585322435663458,Justice
834094738905303_8254924091212753,Great job
834094738905303_1087080542984301,Excellent
834094738905303_2035208260268467,Very good
834094738905303_2312850645717168,Justice
834094738905303_8715062115190793,Very good
834094738905303_1549499009301630,Justice 🫡
834094738905303_525492579862475,Excellent
834094738905303_1035936764889549,Justice Prevails
834094738905303_1181324199836325,Excellent
834094738905303_1564240087802740,very good
834094738905303_1062421978941800,Hats off Sir
834094738905303_3026418617498305,Good job 👍
834094738905303_1037704427755676,Very good
834094738905303_1229141804876017,Anindita Das
834094738905303_1214925532947069,Well Done ✅
834094738905303_823977693128136,Good job 👏
834094738905303_1060868584880182,
834094738905303_494515826872677,"খুব ভালো খবর । কিন্তু একটা প্রশ্ন আছে ?
কেস টা হাই কোর্ট এ গিয়ে রায় চেঞ্জ হবে না তো??
কামদুনির দোষীদের ও কিন্তু নিন্ন আদালত ফাঁসির রায় দিয়েছিল উচ্চ আদালত এ গিয়ে তার পরিবর্তন হয়েছিল।"
834094738905303_1174351610347350,ফাঁসি হলো ইজিলি মারা কঠিন শাস্তি দিয়ে মারতে হয় এগুলোকে
834094738905303_1775888626550685,যেখানেই কোনো নেতা মন্ত্রীর হস্তক্ষেপ থাকবে না সেই কেশর তাড়াতাড়ি বিচার হয়ে যাবে। এটা আমার বিশ্বাস । যেকোনো রাজ্যের পুলিশ হোক না কেন।
834094738905303_1053834326345609,"Tahole ki bojha gelo, kolkata police police,cbi, ghumachhe kaz korchhe na .R na hoi namer karone eto Deri hochhe oporadhi k samne ante, kolkata police ki sot loker ovab holo ?,,R kolkatar dayitto si poresh babu k diya hok."
834094738905303_1213702883105369,"খুবই ভালো কাজ পুলিশের, এসব খবর আপনারা না পোষ্ট করলে পাবলিক জানতেই পারবে না পুলিশের মেরুদন্ড বলে একটা পদার্থ আছে। কারন পশ্চিমবঙ্গের পুলিশ তো জনগণ জানে টেবিলের তলায় ফাইলের আড়ালে থাকে। আর অবশ্যই আব্বাস নিশ্চিত কোন প্রভাবশালী নয় বা প্রভাবশালী ব্যক্তির নিকট লোক নয় ঐ আর জি করের প্রাক্তন অধ্যক্ষের মতো কিংবা পার্ক স্ট্রিট ঘটনা ঘটানো সেই ব্যক্তিদের মতো"
834094738905303_1662068404637622,"Westbengal police & kolkata police তোমরা এতটাই ব্যার্থ যে এখন পর্যন্ত R.G.KAR Hospital ডাক্তার ""Rape & Murder"" কেসে অভিযুক্তদের গ্রেফতার করতে পারলে না|যদিও 5 দিন পর CBI ইনভেস্টিগেশন নিয়েছে| 
 জানিনা, সত্যিই কি ডাক্তার বোনটি বিচার পাবে??"
834094738905303_8159826524086810,মৃত্যুদণ্ডের আইন যখন অলরেডি আছে তখন মনোনীয়া নতুন কী আইন পাস করালেন কে যানে !!!
834094738905303_929315135683891,"অসসাধারণ পুলিশের কাজ সত্যি খুব প্রশংসনীয় পুলিশ রা সব পারে যদি সে নিজের ইচ্ছে মতো কাজ করতে পাই।অনেক সময় পুলিশ দের সঠিক ভাবে কাজ করতে দেয় না কিছু নেতা মন্ত্রীরা, পুলিশ চাইলে ধর্ষণ ও খুন তো দূরের কথা কোনো অপরাধী মন্দির এর সামনে থেকে এক জোড়া চপ্পল ও চুরি করতে পারবে না।"
834094738905303_524330916755542,"Very nice praisable work, salute to the officer. Exactly we the common  people  expect  this type of quality  actions  from Police  Dependent. But unfortunately  under  various  pressure  Police  can not  do their  job accurately. Time has come Police  Dependent  should  do all their  responsibilities  with out any fears  n pressure."
834094738905303_2244487895911268,"মনে রাখতে হবে যে,,, আর জি কর কান্ডে ধর্ষক ও খুনি কিন্তু পুলিশ।।।।  আর সেই সব প্রমান লোপাট করে আত্মহত্যা বলে চালিয়ে দেওয়ার চেষ্টা করেছিল পুলিশ।।।। এই কারনেই এই তদন্তটা সিবিআইকে দেওয়া হয়েছে।।।।"
834094738905303_551444320556109,এই কাজ সত্যি প্রশংসনীয়। জাস্টিস এর জন্য ধন্যবাদ। তবে আরো যেই সমস্ত চটি চাটা কিংবা টাকা নিয়ে সত্তকে চাপিয়ে রাখে ভুল জিনিস কে সমর্থন করে তাদের কি বলবেন ? আমাদের পুলিশ যদি সব দিক থেকে এগিয়ে থাকতো তাহলে আমাদের রাজ্যে এতো রেপ হতো না ।
834094738905303_1148420192911887,গরীব মানুষই তাড়াতাড়ি বিচারে সাবস্ত হয়।
834094738905303_2729736457196175,R ekhan police praman lopat korche
834094738905303_887869356728473,১৩ মাসটা মাত্র!!??
834094738905303_498251416157434,Kolkata Police এর আপনাদের দেখে শেখা উচিত বলে মনে করি।
834094738905303_1270967170941489,কে যেন বলেছিল পুলিশ পারে না । ঐ শালাদের কিছু দিলে নেতা গিরি ঠিক হয়ে যাবে ।
834094738905303_1049658823392668,"Delayed Justice is No Justice!!!

After getting all the evidence properly why this delay Sir ??! West Bengal Police"
834094738905303_1061224918166917,প্রভাবশালী নয় বলেই শাস্তি হলো নিশ্চয়
834094738905303_2396031157394908,"Monojit Bag ekdum, tobe eta sune khusi holam"
834094738905303_1269971644445796,হাসি দেওয়ার ভিডিওটা লাইভ দেখালে ভালো হয়। এরকম শুয়ো*রেরবা*চ্চা গুলো আগে থেকেই বুঝতে পারে ধর্ষণের পরিণতি কি হতে পারে।
834094738905303_883546250362797,"আর সিবিআই কি করছে,  বিজেপি r কেনl গোলাম হয়ে  ghumochhe,   এই হল nikamma সিবিআই"
834094738905303_527852699728988,এখানে অপরাধীর নাম লেখেন নি কেন? এর আগের একটা পোস্টে দেখলাম অপরাধী আসিনাথ সরেন তার নাম লিখেছেন অথচ এইখানের অপরাধি মহম্মদ আব্বাসের নাম না লিখে কনভিক্টেড লিখলেন কেন?
834094738905303_8532556373457616,Riddhiman Kunti ভাই এইসব ধর্ষণের সঙ্গে যারা যুক্ত থাকে আমার তো মনে হয় না কোন ধর্মের হতে পারে তারা । তারা যেই ধর্মেরই হোক না কেন সবগুলোই বেজ*ন্মা। সে যেই ধর্মের হোক না কেন ধর্ষণ করলে তার শাস্তি ফাঁসি চাইতে হবে আর এগুলো আমাদের হিন্দু-মুসলিম কোন ধর্ম ভেদাভেদ না রেখে করতে হবে।
834094738905303_968400764973778,আপনারা কী চাইছেন rgkar এর কেসটা আবার আপনাদেরকে দিয়া হোক 🤔
834094738905303_1580937935970301,"বলছি আপনাদের সহ কর্মীরা দুর্গাপুরে কোটি টাকা ডাকাতি করতে গিয়ে ধরা পড়েছে tv নিউজ চ্যানেল গুলো দেখাচ্ছে সত্যি ❓❓

একবার পোস্ট করুন 🙄"
834094738905303_810156821199579,"আমার এলাকায় , কয়েক জন বাংলাদেশী এসেছে ,,,
সেটা আমি আমার লোকাল থানা তে complain করি,, pundibari police station....

Sa** গুলো , কোনো action e নিলো না ।।।

মুখে টাকা গুঁজে রেখেছে ।"
834094738905303_882481727131798,Tahole R G Kar er case tay eto time lagche keno ??
834094738905303_398392912994933,"If the rapist belongs to any political party, then.............................................
After 13 years because of lack of proof this man moves around in our society.
Yes, this is done so quick because the rapist is not too much rich if he is rich, then............
I don't have to say anything. This is West Bengal and this is WBP."
834094738905303_2254701974902546,Salute kaku 🫡
834094738905303_1066829371617794,"অত্যন্ত ভালো কাজ। অভিনন্দন ওই অফিসার দের। 
কিন্তু কামদুনি এর জঘন্য অপরাধের ছাড় ও মেনে নেয়া যায় না।"
834094738905303_1667644247365967,তার মানে এটা তো মানলেন যে পুলিশ চাইলে সব হয়। অভয়া  কেস এ পুলিশ নিজেই সব প্রমাণ লোপাট করেছে। বুঝতে পারছেন মানুষ আপনাদের ওপর কেনো ক্ষেপে আছে । শিলিগুড়ি পুলিশ কে ধন্যবাদ এতো তাড়াতাড়ি এরকম শাস্তির ব্যবস্থা করার জন্য।
834094738905303_1172209237220414,"Moumita Debnath   case ta   samadhan kore dekhan.  .....
Chulkani post bandho karun.
Ei post diye ki bojhate chaichen ? Je police justice dey.  
Justice kora apnader Duty. 
Janota ke volanor chesta karchen. 
Nijer booke haat rekhe balun na , amader Desh ta kato ta Corruption e vore geche."
834094738905303_876955614534626,"সারা বাংলার একটাই স্বর
""Justice for RG KAR"""
834094738905303_1563711541226489,"Dhonyobad. Ei SI , Kolkata Police er theke bohugun e intelligent o dayittosil. Emon manush keu amra police er moddhye chai. Promaan Lopat Goyal er moto lok istofa Dik CP er position theke. Uthe asuk, sot o dayittyoporayon officer ra. I'm sure there will be lot in Kolkata Police. IPS porikkhya is one of the toughest. But bohudin sashokdol er choti chant le jeev e ghaa hoy. Justice er swad ar paoa jay na.. tokhon corruption er molom lagie lagie stroiner moton benche thakte hoy. Supratim Sarkar babur eirokom dol e bhir e jaoa nie ami khub e asahoto. Emon chomotkar lekhok, sompurno asthaguloi haralen."
834094738905303_1222530925561415,RG kor er ta dekhte parbo asha kori apnader kache..... thank you 🙏
834094738905303_1526250281431412,Tahole moumitar case e justice nei keno?
834094738905303_819900830329486,The Convicted had obviously no strong political background
834094738905303_1196340298260148,Sir Ji RG Kar mamla taa Solve kore din naa apanara to sb jananen
834094738905303_2290486504635413,"সম্পূর্ন কৃতিত্ব সরকারী আইনজীবীর..  
পুলিশ সব মামলাতেই তদন্ত করে চার্জশিট জমা দেয়.. সবেতে কি সাজা হয়??"
834094738905303_1598279374435569,Nischoi political kono jorito chilo na tai eto tara tari holo political thakle eto tara tari hoto na 🙏🙏🙏
834094738905303_8007806995984401,Rg kor niye kichu bolun
834094738905303_541551551606161,"পুলিশ পারে না, এই কথা আমি বিশ্বাস করি না। রাজনৈতিক প্রভাব থেকে বেড়িয়ে এসে আপনার আপনার সত্য নিষ্ঠার শপথ অনুযায়ী কর্তব্য পালন করে যান। এই তদন্ত সুসম্পন্ন করে মৃতার পরিবারকে উপযুক্ত সাজা প্রদানের জন্য শিলিগুড়ি পুলিশ কমিশনার স্যার ও কমিশনারেটের সমস্ত কর্তব্যনিষ্ঠ পুলিশ অফিসারদের আমার কুর্নিশ।"
834094738905303_1973601926390858,"পুলিশের এমন সাফল্য কোনো সংবাদ মাধ্যম দেখায় না। 
পুলিশের অনুমতি ছাড়া কোনো আন্দোলন রাস্তা অবরোধ হলে তখন শুধু পুলিশের দোষ বার করতে ভালো পারে।"
834094738905303_566387605713734,"ছোট মাথাগুলোকে শাস্তি দেওয়া হয়.
আর বড় মাথাগুলোকে বিশেষ ছাড় দেওয়া হয়.

হোক সেটা অপরাধ একই.
এটাই আমাদের পশ্চিমবাংলা"
834094738905303_1030478191733864,"Salute 🙏

#justiceforRGKar
#sandipghoshpunishment
#moumitadebnathrgkarmedical"
834094738905303_2841588249343613,"ফটো তে SI পরেশ বর্মনের নাম থাকলেও মহম্মদের আব্বাসের ফটোতে ব্যাস Convicted লিখেই দায় সাড়া, ভাসুরের নাম নিতে নেই না কি !!

দোষ কবুল করে নেয় এটা কোন শব্দ? পেজ কি কোন বাংলাদেশী মুমিন চালায় ?? লেখার ভাষা তো তেমন-ই।

পরিশেষে নিরপেক্ষভাবে কাজের জন্য প্রশংসা ও সাধুবাদ জানাই 🙏"
834094738905303_3459909394152439,Etodin por janachen kno... bpr ki
834094738905303_1432354727452475,"খবর শুনে মনে হলো, 
মাননীয় পরেশ বর্মন মহাশয় পৃথিবী জয় করলো।। ইতিহাসে উল্লেখ আছে মুঘল সম্রাট আওরঙ্গজেব সিংহাসনের লোভে তার পিতাকে বন্দী করেছিল , ভাতৃ হত্যা করেছিল। আর সেই কলঙ্ক ঢাকতে জনহিতকর কাজে মনোনিবেশ করে।।
  আর এই পোস্টটাও সে রকম একটা কলকাতা পুলিশের জনহিতকর কার্যাবলী।"
834094738905303_916398376952004,আজ কাল তাহলে S. I ও তদন্ত করতে পারে।
834094738905303_769631151871000,আপনারাই পারেন। পুলিশ কমিশনারকে অন্য সবাই মিলে আপনারা বলুন যাতে আর জি করের মেয়েটিও সুবিচার পায়
834094738905303_498793959419930,"খুব সুন্দর, অনেকটা খারাপের মধ্যে হঠাৎ এক সুন্দর ঘটনা ঠোঁটের কোণে কিছুটা হাসির ফোটায়।

আবার একটু ভেবে  ফেললে খুশিটা যেন দুঃখে রূপান্তরিত হয়। পলিটিক্যাল ব্যাকগ্রাউন্ড নেই, খুব বেশি শক্তিশালী ও নয়, তাই হয়তো পুলিশ এত সক্রিয়। কথায় বলে না যেখানে নরম পাই সেখানে গরম দেয়।
আবার এই পুলিশ, দোষীদের আড়াল করতে ব্যস্ত, টাকা দিয়ে বাপ মাকে চুপ করানো, প্রমাণ লোপাট, আর জি কর হামলায় সুযোগ করে দেওয়া, শত মিডিয়া তথা গোটা দেশের সামনে হেসে হেসে মিথ্যাচার, না জানি আরো কত অভিযোগ। শুধুমাত্র পলিটিকাল ব্যাকগ্রাউন্ড সংযোগ ও রাজনৈতিক দাপট থাকার জন্য।

পুলিশের সক্রিয়তা সমস্ত স্তরের মানুষের জন্য যদি সমান হতো, তাহলে হয়তো আমাদের এমন দুর্দিন দেখতে হতো না, নিজের কাজ বিরত রেখে ঢলে ঢলে মানুষকে রাস্তায় নামতে হতো না। ধন্যবাদ। 💔"
834094738905303_407493578648763,"কিন্তু সে এবার হাই কোর্ট যাবে 
তার পর সুপ্রিম কোর্ট যাবে 
তার পর রাষ্ট্রপতি কাছে যাবে 
সাজা এখনো বাকি আছে 
আর এর থেকে সহজ উপায় ছিল যেটা ইউপি পুলিশ এখন ব্যবহার করছে 
ইউপি পুলিশ এর পথ অবলম্বন করার অনুরোধ রইলো"
834094738905303_978661460731993,বা। এখন দেখছি পুলিশরাই পুলিশ কে বাহবা দিচ্ছে। 😃
834094738905303_1409962259700011,Good ebar RG kar kande jukto somosto doshi k hang till death korte hobe.....
834094738905303_1033601051350428,ভালো বিচার কিন্তু নাবালিকা আসিফাকে সাতদিন মন্দিরের ভিতর যে গণধর্ষণ করা হয়েছিল  তার বিচার কি আমরা পাবো না ।😥😥
834094738905303_1563044374556209,Fasi deoa hoyeche ki?? Eto kritito neyaor post kore ki proman korte chaiche??? Kamduni Teo to fasir order hoyechilo tahole se chara pelo ki kore?? Apnader nirlojjatar post bondho korun?? Aar kichu khepa kukur ke treatment korar moto sirdara rakhun!!
834094738905303_1060685159066760,"আব্বাস, alhamdulillah"
834094738905303_1055356426204418,ছেলেটি যদি নেতার ছেলে হতো শাস্তি পেত না।
834094738905303_904804268361104,"choto matha, tai bichar kora gelo,
boro matha hole bichar kora jeto na,"
834094738905303_1052232736582584,R G kar solve kore dekhan
834094738905303_403313685776696,"ধর্ষণে অভিযুক্তদের শাস্তি না দিয়ে, নির্যাতিতা-এর বাড়ির লোকের হাতে তুলে দেওয়া দরকার"
834094738905303_1781876829296702,স্যার এই কথা টা বলতে বাধ্য  হলাম যে 13 মাস টা মাত্র হয়না।।।।  যদি 13 দিন  তদন্ত শেষ করতে পারতেন আজ আমরা গর্ব করে বলতে পারতাম।।।।
834094738905303_1495783901052068,গতকাল সিঙ্গুরে যে রেপ হয়েছে ওটার খবর কি
