COMMENT_ID,COMMENT
833827768932000_1072077801153927,Great Initiative 👍🏻
833827768932000_867512275479971,Good idea 💡
833827768932000_528348839586573,Very  nice
833827768932000_3838407803070257,VERY GOOD INFORMATION
833827768932000_8711979002169246,"Well done, , than"
833827768932000_2152674638436609,Good job 👍🏻👍
833827768932000_545447337918722,"Good job, aro sochesto hon, crime free India hoy na ,kintu komano jay"
833827768932000_461119383587515,"Great initiative, একদিনে সব পাল্টাবে না
কিন্তু একদিন সব পাল্টে যাবে।"
833827768932000_543281128055329,খুব সুন্দর
833827768932000_441883502226401,ও
833827768932000_2172340916480297,💚💚💚
833827768932000_1975078943006394,❤
833827768932000_2679872865508060,🙏🙏🙏🙏
833827768932000_2820867774744963,👍
833827768932000_1077209450495382,Good.
833827768932000_1698071900951082,Very nice
833827768932000_1680307592733675,Good
833827768932000_507944472097339,👍 great
833827768932000_1234320687721548,
833827768932000_874010974669616,"আশা রাখি সিঙ্গুর/হারিপাল ঘটনার দ্রুত অ্যাকশন হবে, আসা রাখছি এই উইনার্স বাহিনী উইন হবে।। আর চাইনা এমন ঘটনার পুনরাবৃত্তি।।"
833827768932000_488746817453872,"jeta apnader kaj seta to krte parchena..

Winners der ghare bondhuk rekhe chalachchen, jate lok ektu kom khisti maare"
833827768932000_438438768586373,বাহ ভালো উদ্যোগ. আশা করি দুর্নীতিগ্রস্হ পুলিশমন্ত্রীর কোনো effect আপনাদের কাজকে বিঘ্ন করবে না.
833827768932000_545732324551341,এনারাই বারাসতে বিক্ষোভকারীদের মেরেছেন? না তাঁরা অন্য লোক?
833827768932000_397368406472934,"আমার এলাকায় , কয়েক জন বাংলাদেশী এসেছে ,,,
সেটা আমি আমার লোকাল থানা তে complain করি,, pundibari police station....

Sa** গুলো , কোনো action e নিলো না ।।।

মুখে টাকা গুঁজে রেখেছে ।"
833827768932000_534579929016052,https://www.facebook.com/share/v/iVAZZQAoDNQeXa4a/?mibextid=xfxF2i
833827768932000_2001882503577397,https://www.facebook.com/share/p/E5Mu5RMc5KeKHuHf/?mibextid=xfxF2i
833827768932000_431992189311516,"মহাশয়,
আমি বেদরাজ চ্যাটার্জী ,পিতা প্রদ্যুৎ চ্যাটার্জী ,সাং :-  পাটুলী ঘোষপাড়া, কলকাতা -৭০০০৯৪
আপনাকে কিছু বিষয় সম্পর্কে অবহিত করতে চাই যা নিম্নরূপ:- 
নেতাজী পাঠাগারের  উত্তরদিকে যে খালি জমি রয়েছে ,তার পশ্চিম দিকের শেষ প্রান্তে একটি পিচ ঢালাই রাস্তা রয়েছে I এই রাস্তাটির উপরে স্থানীয় বটকৃষ্ণ দাসের 
বাড়ির ঠিক সামনে প্রতিদিন একটি নীল রঙের গাড়ি (vide no. WB 02 AQ 7159)  দাঁড় করানো হয় I  প্রতিদিন সন্ধে থেকে রাত ১টা বা ২টা  পর্যন্ত  গাড়ির চালক এবং তার বন্ধুবান্ধব  প্রথমে গাড়ির পিছনের ডিকি খুলে এবং পরে প্রকাশ্যেই মদ ও অন্যান্য মাদক দ্রব্য সেবন  করে চলেছে I Chowman নামক সংস্থার গেঞ্জি পরিহিত কিছু ছেলে প্রতিদিন  বাইকে করে এসে উক্ত গাড়ির চালক এবং তার বন্ধুবান্ধবদের সাথে যোগ দেয় এবং মদ ও মাদক সেবন করে I এর সাথে গভীর রাত পর্যন্ত চলে কোলাহল আর অশ্রাব্য গালিগালাজ I.এদের দৌরাত্ম্যে উক্ত রাস্তাটি দিয়ে চলাচল করা এবং এলাকায় শান্তিতে বসবাস করা কঠিন হয়ে পড়ছে I কোনও কোনওদিন দুপুর থেকেই উক্ত গাড়িটিতে এবং রাস্তায় প্রকাশ্যে মদ ও মাদকসেবন চলতে থাকে I রাত বাড়লেই  তারা সামাজিকতা ,নীতি নৈতিকতার পরোয়া না করে রাস্তায় সর্বসমক্ষে নেশা করছে ও শোরগোল করে জনশান্তি শৃঙ্খলার ব্যাঘাত ঘটাচ্ছে I গভীর রাত পর্যন্ত এমনকি দিনে দুপুরেও অচেনা ছেলেদের আগমনে ও প্রকাশ্যে এভাবে নেশা ও উপদ্রব চলার কারণে  ব্যক্তিগত নিরাপত্তা ও শান্তি বিঘ্নিত হচ্ছে I
        এমতাবস্থায় আপনার কাছে বিনীত অনুরোধ আপনি দ্রুত এবিষয়ে পদক্ষেপ গ্রহণ করে এলাকায় প্রকাশ্যে মদ্যপান  ও মাদক সেবন প্রতিহত করুন ও জনশান্তি শৃঙ্খলা সুনিশ্চিত করুন I

 আপনার অনুগত
বেদরাজ চ্যাটার্জী"
833827768932000_2017573862015159,নাটক কম করো প্রিয় ধর্ষণের প্রমাণ গুলো সব লোপাট করে দিয়ে এখন নাটক
833827768932000_1114466870409859,"সাবধানে থাকবেন, চারদিকে যা দেকছি, তাতে আপনাদের রাতের অভিযান কোনো হাসপাতাল গিয়ে যেনো শেষ না হয়"
833827768932000_1246133276521943,মেয়েটা তো চলে গেল কিন্তু 😥 অপেক্ষায় আছি অসুস্থ সমাজ কবে পাল্টায়
833827768932000_1760364927828134,শুনলাম দুর্গাপুরে কোন থানার asi ar bomb স্কোয়াড এর কনস্টেবল নাকি এক ব্যবসায়ীর থেকে টাকা চুরি করেছে🤣🤣🤣🤣🤣🤣😱
833827768932000_483649277877496,"ঠিইক, ঠিইক।
শুধু একটাই খটকা। ঠিক যেখানে 'উইনার্স'রা থাকলে হয়তো একজন অন-ডিউটি ডাক্তারকে বাঁচানো যেতো ধর্ষণ ও /খুনের থেকে, বা এইরকম আরো অনেক অনেক ভিক্টিমদের...সেই জায়গাগুলোতে কিছু উচ্চ পদাধিকারী লুজার্স এসে খুনটা যাতে ঠিকঠাক করে হয়, এবং প্রমাণ যাতে না থাকে, সেসবের পাকা বন্দোবস্ত করেন।
তখন উইনার্সরা কী করবেন?"
833827768932000_1194878658500721,আপনাদের চিন্তা ধারা কত সুন্দর।কিন্তু অভয়ার যে বিচারের জন্য আর্তনাদ সেটা কি শুনতে পারছেন?নাকি কান দুটো হাওয়াই চটি দিয়ে বন্ধ করে রেখেছেন ?
833827768932000_557874376674688,কতদিন winner team thake সেটাই দেখব।  RG kor কেস চাপা পোরেগেলে winners team nea MARKETING করা ও শেষ হয়ে যাবে ।    আপনাদের চরিত্র ফুলের থেকে ও পবিত্র 😆🥴
833827768932000_375191222296969,"অনবদ্য দুরন্ত ভাবনা।আমাদের সচেতনতাই আমাদের সুরক্ষিত রাখবে।একদিন না একদিন অশুভ শক্তির বিনাশ ঘটবেই।রাজ্য পুলিশ ও কলকাতা পুলিশ প্রশাসন এর শ্রীবৃদ্ধি কামনা করি
প্রীতিপূর্ণ অভিবাদন।"
833827768932000_489176620647915,"বেচারি অসীম চক্রবর্তী, এস আই, দুর্গাপুর, এক ব্যবসায়ীর কাছ থেকে ১ কোটি টাকা তোলা তুলতে গিয়ে গ্রেফতার হলেন, ব্যবসায়ীর লড়ে যাওয়া মানসিকতায় । গ্রেফতার আরো ৫, যাদের মধ্যে আরো দুই পুলিশ কর্মী আছেন ।

মমতা অভিষেক পুলিশকে কোথায় নামিয়েছেন, এটা আরো একটা উদাহরণ ।

ঘটনা হল সোমবার আবার প্রশাসনিক বৈঠকে পুলিশকে আবার বুস্ট আপ করবেন মুখ্যমন্ত্রী   । রাজীব, বিনীত, সুপ্রতিম আরো কলার তুলে যাতে কাজ করে তার ব্যবস্থা করবেন । 

আমরা এত কিছুর পরও তাকিয়ে তাকিয়ে দেখব । পুলিশ মন্ত্রীর জ্ঞান শুনব । 
একটি অনুরোধ, পুলিশ ঘুষ চাইলেই খবর ছড়িয়ে দিন । ছবি তুলে পোস্ট করুন । নাম, থানা উল্লেখ করে ।
আমাকে দেবেন, পুলিশের শুদ্ধিকরণ, পুলিশ মন্ত্রী করবে না । জনতাকেই করতে হবে । ভয় না পেয়ে ।

সন্ময় বন্দ্যোপাধ্যায়
(৯৮৩০৪২৬০৭৮)"
833827768932000_885669326768309,গোটা বিশ্বের মধ্যে সব থেকে অকর্মণ্য পুলিশ ফোর্স। এই সব পোষ্ট করতে লজ্জা ও করে না এদের।
833827768932000_3668799016598663,যে ভাবে পোস্ট গুলো করেন সেই ভাবে যদি কাজ করতেন তাহলে আজ পশ্চিমবঙ্গের সবাই আপনাদের ভালোবাসতো। কেউ ছি ছি করতো না।
833827768932000_1221681952200999,"বারাসাতে কি পশ্চিমবঙ্গ পুলিশের আওতায় পড়ে? যদি পড়ে তাহলে আগের দিন রাতে যে হামলা করেছিল আপনাদের বাহিনী, তার বর্তমান স্টেটাস কি?"
833827768932000_379300971892302,তাহলে গতকাল হরিপালে ওই নারকীয় ঘটনা ঘটলো কিভাবে?
833827768932000_415539624450178,Tarporeo haripal er case kikore holo? Er dae kar?
