,Unnamed: 0,POST_ID,CAPTION,REACTION_COUNT,COMMENT_COUNT
0,0,692583847600758_834094738905303,"নাবালিকাকে অপহরণ করে ধর্ষণ, ফাঁসির আদেশ আদালতের 

ঘটনা মাত্র ১৩ মাস আগের। শিলিগুড়ি পুলিশ কমিশনারেটের মাটিগাড়া থানার এক বাসিন্দা অভিযোগ করেন, তাঁর ১৬ বছরের স্কুলছাত্রী মেয়ে ২১ অগস্ট রোজকার মতো স্কুলে যাওয়ার জন্য বেরিয়েছিল সকাল সাড়ে ৯ টায়। আর বাড়ি ফেরেনি, এবং মেয়েটির মৃতদেহ আবিষ্কৃত হয়েছে বিকেল সাড়ে ৫ টা নাগাদ রবীন্দ্রপল্লীনগরের কাছে মোটাজোল নামের এক নির্জন এলাকায়।

তদন্তে নামে শিলিগুড়ি কমিশনারেটের পুলিশ। তদন্তভার পান মাটিগাড়া থানার সাব-ইন্সপেক্টর পরেশ বর্মণ।ময়নাতদন্তে জানা যায়, মেয়েটিকে ধর্ষণ করে খুন করা হয়েছে। শরীরে ২১ টি আঘাতের চিহ্ন। 

তদন্তে নেমে মেয়েটির স্কুল থেকে শুরু করে দেহ আবিষ্কারের জায়গা পর্যন্ত সমস্ত সিসিটিভি খুঁটিয়ে দেখে তদন্তকারী অফিসার পরেশ চিহ্নিত করেন মাটিগাড়ার লেনিন কলোনি নিবাসী মহম্মদ আব্বাসকে। যার সাইকেলের পিছনে বসে মেয়েটি ঘটনাস্থলের দিকে যাচ্ছে, এই ফুটেজ হাতে আসে পুলিশের। 

আব্বাসকে গ্রেফতার করা হয় দ্রুত। জেরার মুখে সে কবুল করে অপরাধ। জানায়, স্কুল থেকে ফেরার সময় মেয়েটিকে সাইকেলে 'লিফট' দেওয়ার প্রস্তাব দেয় সে। তাড়াতাড়ি বাড়ি পৌঁছতে পারবে, এই সরল বিশ্বাসে মেয়েটি রাজিও হয়ে যায়। এরপর ওই 'নরপশু' আব্বাস মেয়েটিকে রবীন্দ্রপল্লীনগরের নির্জন জায়গায় নিয়ে গিয়ে ধর্ষণ করে, এবং তারপর খুন। মেয়েটি বাধা দিতে চেয়েছিল প্রাণপণ, আব্বাস ইট দিয়ে বারবার মেয়েটির মাথায় আঘাত করে চিরতরে চুপ করিয়ে দেয়।

এই নারকীয় ঘটনার সুবিচার যাতে মেয়েটির পরিবার পায়, সে বিষয়ে তদন্তকারী অফিসার তো বটেই, শিলিগুড়ি পুলিশ কমিশনারেটের বিশেষ টিম তদন্তের প্রাথমিক পর্যায় থেকেই অত্যন্ত সক্রিয় ছিল। নেতৃত্বে ছিলেন কমিশনারেটের সিপি সি. সুধাকর স্বয়ং। সমস্ত সাক্ষ্যপ্রমাণ সংহত করে জমা দেওয়া হয় নিশ্ছিদ্র চার্জশিট। তারপর শুরু হয় 'ট্রায়াল মনিটরিং', বা বিচারপ্রক্রিয়া বিষয়ে সমন্বয়।

মামলার বহুপ্রতীক্ষিত রায় বেরিয়েছে আজ। মাননীয় আদালত অভিযুক্ত মহম্মদ আব্বাসকে দোষী সাব্যস্ত করে প্রাণদণ্ডে দণ্ডিত করেছেন। ঘটনার ১৩ মাসের মধ্যে ফাঁসির আদেশ। 

তদন্তকারী অফিসার পরেশ বর্মণ এবং তদন্তপ্রক্রিয়ার সঙ্গে যুক্ত শিলিগুড়ি পুলিশ কমিশনারেটের প্রতিটি সহকর্মীকে জানাই আন্তরিক অভিনন্দন।

মেয়েটি বিচার পেয়েছে, এটুকুই সান্ত্বনা আমাদের। অভিযুক্ত 'নরপশু' চরম শাস্তি পেয়েছে, এটুকুই প্রাপ্তি।

#SiliguriDistrictPolice",3207,668
1,1,692583847600758_833827768932000,"'উইনার্স'-এর নৈশঅভিযান 

ওঁরা 'উইনার্স'। বিশেষ ভাবে প্রশিক্ষিত নজরদারি টিম আমাদের মহিলা পুলিশের। রাজ্যের বিভিন্ন জেলায় ওঁরা রোজই মোটরসাইকেলে চষে বেড়ান দিনভর। রাস্তায় মহিলাদের উত্ত্যক্ত করার অভিযোগে প্রায় রোজই আমাদের 'উইনার্স' বাহিনীর হাতে আটক হন একাধিক। যাঁদের কেউ হয়তো পার্কে গোপনে মহিলাদের ছবি তুলতে গিয়ে নজর এড়াতে পারেননি 'উইনার্স'-দের। কেউ হয়তো একটু নির্জন এলাকার আশেপাশের রাস্তাঘাট বেছে নিয়েছিলেন মহিলাদের উদ্দেশ্যে অশোভন অঙ্গভঙ্গির জন্য, এবং হাতেনাতে ধরা পড়েছেন।

গত কয়েক দিনে রাজ্য জুড়ে 'উইনার্স'-এর নৈশঅভিযানের কয়েক ঝলক ভাগ করে নিলাম।

#Winners #WomenSafety #WBP",670,41
