,POST_ID,CAPTION,REACTION_COUNT,COMMENT_COUNT
0,692583847600758_831927429122034,"সাইবার-জালিয়াতির ৭০লক্ষ টাকা ফেরত প্রতারিত মানুষের কাছে। 
সারা রাজ্য জুড়েই চলছে সাইবার-প্রতারকদের বিরুদ্ধে পশ্চিমবঙ্গ পুলিশের লাগাতার অভিযান। প্রায়ই প্রতারিত হচ্ছেন বহু মানুষ। কষ্টের টাকা জলে যাচ্ছে সাইবার-সতর্কতার অভাবে। জালিয়াতদের ফাঁদে পড়ে খোওয়া যাওয়া টাকা উদ্ধার করে প্রতারিত মানুষের কাছে সেই টাকা ফিরিয়ে দেওয়ার প্রক্রিয়াও চলছে নিরন্তর। গত কয়েক দিনে ৭০লক্ষ  টাকা এভাবেই রাজ্য পুলিশ ফিরিয়ে দিয়েছে প্রতারিতদের কাছে। ছবি ভাগ করে নিলাম কিছু।
বিনীত অনুরোধ, সতর্ক থাকুন। অচেনা লিঙ্ক বা মেসেজে  সাড়া দেবেন না। আপনার পরিশ্রমের টাকা যেন প্রতারকরা হাতিয়ে না নিতে পারে, সে বিষয়ে সতর্ক থাকুন প্রতি মুহূর্তে।

#CyberSecurity #WBP",610,32
