COMMENT_ID,COMMENT
822591870055590_1733245060851396,Good job 👍👍👍🙏🙏🙏
822591870055590_527338779777188,এনাদের ফোন নাম্বার থাকলে আমাকে দিন।
822591870055590_471693859169023,Dustu Misti Susmita Dutta এনারা চাকরী করে+ লক্ষীর ভান্ডার ও পায় । আমি আমাদের ক্যানিং এর কিছু কিছু মহিলাকে দেখেছি যারা চাকরী করছে+ ভান্ডার এর টাকা ও পাচ্ছে ।
822591870055590_3897626257190811,ভাল কাজ
822591870055590_506900291716105,Good Job WBP... 🙏🙏🙏
822591870055590_1024464295999715,"উইনার্স বাহিনী কে বলুন সমস্ত সরকারি অফিসে অভিযান চালাতে, মহিলারা নিজেদের কর্মক্ষেত্রেই ধর্ষণ হচ্ছে।"
822591870055590_480404418190035,"Bhoy paben na meyera Mohila police  amarder r shte chilo ache thkbe.ajotha kichu na jene Bujhe ,polic ke galagal deyoa ta bondho hok"
822591870055590_1239349883746756,Rupa Paul পুলিশ কিছু কাজ করেই গাল khawar মতো
822591870055590_1077395870574118,"ভালো, কিন্তু এই পরিষেবা টা দীর্ঘস্থায়ী হবে তো? আর বাংলার সমস্ত ভৌগোলিক অবস্থানে বহাল থাকবে তো?

তা নাহলে এটা একটা 'night ride fun' হয়ে যাবে🤔।"
822591870055590_1015463553385407,Soumitra Chatterjee sera 😂😂
822591870055590_1146583979974624,Soumitra Chatterjee আমাদের কালিয়াগঞ্জ একটি ছোট্ট নামমাত্র শহর এখানে গত প্রায় ২ বছর থেকে উইনার পরিষেবা দেখতে পাচ্ছি।। খুব ভালো একটি পরিষেবা
822591870055590_1235523934287182,F Rahaman ভালো লাগলো। কিছু লোক অন্তত অনেক দিন ধরে এই পরিষেবা পাচ্ছে। আমি আরো আশাবাদী হলাম। ভবিষ্যতে বাংলার সব জায়গায় এই পরিষেবা স্বতঃস্ফূর্ত ভাবে দেখাবে।
822591870055590_875437141163444,"West Bengal Police 
Kolkata Police 
মহিলা পুলিশের গ্রুপ এরম বহুদিন ধরেই ঘোরেন। সেইজন্য - কলকাতায় / Howrah তে রাত্রি ১১ টার পরও IT সেক্টর কিম্বা কর্মস্থল থেকে মেয়েরা অচেনা OLA/UBER/RAPIDO বাইকের/ ক্যাবের পিছনে বসে রোজ বাড়ি ফিরছেন। 
রোজ মানে রোজ !! আজও ফিরেছেন !!! 

ফেক নিউজ ছড়িয়ে বাংলার বদনাম, বাংলার পুলিশ শ্রেণীর বদনাম, বাংলার পুলিশের শারীরিক ক্ষতি করে দেওয়ার এই যে ঘৃণ্য প্রচেষ্টা - এর বিরুদ্ধে সকলে এক হয়ে প্রতিবাদ করুন।"
822591870055590_524362220043548,Tmc Pranab Acharya RG Kar e chilo nki oi din?
822591870055590_950043820122583,"এই উদ্যোগ সত্যিই প্রশংসনীয়! আমাদের মহিলা পুলিশ বাহিনীর এই বিশেষ টিম 'উইনার্স' দিন-রাত পরিশ্রম করে মহিলাদের সুরক্ষা নিশ্চিত করতে যে ভূমিকা পালন করছে, তা নিঃসন্দেহে অত্যন্ত গুরুত্বপূর্ণ। রাস্তাঘাটে নারীদের নিরাপত্তা দেওয়া এবং উত্ত্যক্তকারীদের ধরতে এই ধরনের নৈশঅভিযান অত্যন্ত কার্যকরী। এই সাহসী নারীদের জন্য শ্রদ্ধা রইল, যারা আমাদের সমাজকে আরও নিরাপদ করে তুলছেন। #Respect #WomenPower"
822591870055590_829041819338336,ওয়া সিম আপনার পেমেন্ট কি অনলাইনে ঢোকে ?? এমনি বললাম ﻿😉
822591870055590_994525499023815,অভিনন্দন। পুলিশের ওপর মানুষের ভরসা ফিরুক।
822591870055590_531938499269490,ধন্যবাদ West Bengal Police 🙏🏻 আপনারা এভাবেই বাংলার মা বোনেদের সুরক্ষিত রাখুন। ভবিষ্যতে যাতে এধরনের ঘৃণ্য কাজ আর না ঘটে সেদিকে সজাগ দৃষ্টি রাখুন।
822591870055590_8300160010041514,Amader Siliguri teu #Baghini bole chilo kintu recently ar dakha jai na....problem hochhe egulo shuro to hoi but long time continue hoi na ...egulo shothik bhabe porichalona korar jonno mone hoi jothesto infrastructure nei....!!
822591870055590_1555309392089712,"We really need the #winners for women's safety. Our West Bengal Police always try to help and support and devote themselves to serve for the duties. 
#SaluteAndRespect 

Warm regards #sangbadpravahabarta"
822591870055590_524586590099372,"Thanks for this great initiative WBP POLICE 💝
Now for those people who blindly uses rough languages and blaims police for each and everything Please stop it..it's high time now and it also doesn't make any sense..🙏🏻"
822591870055590_1026635645803720,🌹🌹🌹🌹
822591870055590_368694212944533,🙏🏻
822591870055590_2267379490301272,"যেরকম দিনকাল পড়েছে তাতে বাবা মা সময় মেয়েদের পাশে থাকতে পারে না তাই এরকম বাহিনীর অবশ্যই প্রয়োজন ছিল, আছে এবং ভবিষ্যতেও থাকবে ।স্যালুট দিদি আপনাদের🙏🙏🙏"
822591870055590_1031152845179306,বাব্বা আমি তো সবেমাত্র শুনলাম। তা বলছি ২০০৮ থেকে কলকাতার রাস্তার নিত্য যাত্রী আমি। রাত বিরেতে এখনও একাই বাড়ি ফিরি। কিন্তু কোনো দিন তো এনাদের দর্শন পেলাম না !!!﻿🤔  ﻿🤔 তবে এবার কি পাব ???
822591870055590_534110728956425,Well done and continue the good job .
822591870055590_1057070502614740,❤️❤️
822591870055590_1052996166333784,Very good
822591870055590_8497001936991303,Jara ai joghono kaj koreche tader fasi din ... future kno ai rokom ghotona jate na hoi....
822591870055590_2837646813052461,Very good 👍
822591870055590_300472203124827,"আশ্বস্ত করলেন,, ধন্যবাদ জানাই সকলকে। 🙏"
822591870055590_413007388558798,Good job
822591870055590_477745691743420,Great Job ❤️❤️❤️
822591870055590_1010575303873275,দারুন উদ্যোগ স্যালুট জানাই
822591870055590_1546669316245585,Very good job sir 🙏🏻
822591870055590_1605118966730232,Good job
822591870055590_1005123064434755,Very good initiative. Please continue it. Thank you
822591870055590_3899194053647789,Winners must be real Winners.
822591870055590_874519971212958,Good move. Keep it up for women safety
822591870055590_532829455745157,Great job 😊🙏 ❤️
822591870055590_1671283470298128,"Best way to empower women!
In the times when everyone is talking about role of police , i still believe as a normal citizen that we sleep safely, bcoz police personnel are there to protect our houses and life....
#my #respect #to #all #people #in #urdi......"
822591870055590_819271653659266,Good job
822591870055590_2721431254681621,Very nice sir
822591870055590_1011402950629896,Great work
822591870055590_1527386101200340,"ভালো, কিন্তু এই পরিষেবা টা দীর্ঘস্থায়ী হবে তো...?"
822591870055590_525269159961776,"Salute sir apnader 🙏
Ar jara Danga choranor chesta kor6e amader banglar moddhe tader jonno kora step neoa dorkar police er gaye hat deoa ta banglar matite akta dhikkar jonok !!"
822591870055590_1019768946084062,Good job
822591870055590_410300604931059,Great 👍
822591870055590_824056406526203,"খুবই ভালো উদ্যোগ নেয়া হয়েছে, এবং দেখে ভালোই লাগলো,,,,, তবে যা যা ছবিগুলো দেখতে পাওয়া গেলো সবই ঝকমকে আলোতে,,,, পারলে ওনাদের বলুন যেখানে আলো কম বা অন্ধকার জায়গায় টহল দিতে কেননা চালাক বাছাধন আলোয় এসে কোনও অপকর্ম করবে না,,,,,, অন্ধকার রাস্তায় তেনারা সুযোগ খোঁজে।
বাদবাকি সব ঠিক আছে,,,,,,
আপনাদেরকে জানাই আন্তরিক ধন্যবাদ ও অভিনন্দন 🙏"
822591870055590_3837359786589235,Good efforts । please keep it up
822591870055590_513166761087606,Good job
822591870055590_1691052701648111,খুবই ভালো প্রয়াস ।
822591870055590_1218584165821141,Good job wbp🙏🙏
822591870055590_418708274549709,Good job
822591870055590_1023346622366712,Very good initiative ❤️❤️❤️
822591870055590_733008542284215,Salute to KP Winners Wing. Keep it up.
822591870055590_1213573569675529,"গ্রাম গুলোতে দেখুন। ভয়ানক আকার নিয়েছে, sir,,,,"
822591870055590_837862374990949,সরসিজ শুভ gramer manus der ora patta dei na vai..
822591870055590_508428668344944,"Soumen Mukherjeeআমার গ্রামে একটা ঘটনা ঘটেছিলো আমি প্রশাসনকে জানিয়েছিলাম,  এসেছিলেন।  কিন্তু স্কুল গুলোর সামনে, ভয়ানক"
822591870055590_414685691723515,Good job
822591870055590_1660436661468075,Good job
822591870055590_1210060543521870,Darun
822591870055590_472832982388050,"আসলে দরকার আমাদের উন্নত সরকারি শিক্ষাব্যবস্থা। যেখান থেকে শিক্ষার্থীদের সঠিক শিক্ষা দেওয়া যেতে পারে। তার জন্য সরকারের সদিচ্ছা ও শিক্ষা খাতে বাজেট সময়ের সাথে বাড়ানো একান্ত কাম্য। এবং বিদ্যালয় থেকে বিশ্ববিদ্যালয় পর্যন্ত "" জীবনশৈলী"" কে পাঠক্রমে অন্তর্ভুক্ত করা এবং যথাযথ পড়ানো হয় কিনা তার নিরবিচ্ছিন্ন মুল্যায়ণ করা। এইভাবে আমরা অবরাধ কমাতে পারি দীর্ঘস্থায়ী ভিত্তিতে।"
822591870055590_3786558598248676,Very good decision. But This service is always continu for the whole year
822591870055590_386209390904933,Good job
822591870055590_849863756806182,Good job
822591870055590_856078403140929,Good job wbp 🙏🙏
822591870055590_1549260669301200,Congratulations
822591870055590_299837653188732,Salute to Winners team
822591870055590_1025276279255888,Good job
822591870055590_2275199696173946,Good Job
822591870055590_1021477729263892,Good job
822591870055590_1213274836686852,Good job
822591870055590_443130152060910,Good job
822591870055590_1455923398397807,'WE CARE WE DARE' ❤️❤️❤️
822591870055590_1166717427967574,Good job
822591870055590_1236533477476924,low and order firiye anun west Bengal a.justic din public k.manus k andolon a na namte hoi tar aagei nirapokkho investigation korun .karon sobai police ar opor e dependable. ar jodi na paren toh bole din.
822591870055590_811697827809406,World best police 🚨 is kolkata police in parallel world 🤐🤐🤐
822591870055590_1045860063574659,বাহ্ 👍👍👍
822591870055590_1026017329187789,Kindly assign one squad in every public place
822591870055590_530137999457646,Good job
822591870055590_1442219816477257,Good Job WBP... 🙏🙏🙏
822591870055590_1166586964597169,২৪ঘন্টা একটা helpline পরিষেবা চালু করা হোক কারো যদি রাতে কোনো অসুবিধা হয় তবে ওই নং এর ফোন করে যাতে খুব তাড়াতাড়ি help পায়
822591870055590_495882303072001,আমাদেরকে #maharaja হতে হবে।
822591870055590_1653585831871557,9k vary good
822591870055590_361628670331926,Somoy moto kawk pawa jai na sir ...jodi pawa jato tahola state ato bhoyonkor bhoyonkor Rafe hotho na ...... police k pawa jai sudhu helmet bihin gari dhorta r vikharir moto taka nita hath pata....🙏
822591870055590_1367004744256027,It should be continued.
822591870055590_492849910277100,"পুলিশ যে ভালো কাজ করে তার ভিডিও তুলে সোশাল মিডিয়া দিতে বলেন নিজ নিজ আইডিতে ,,সব পুলিশ জেলা এবং থানাগুলিতে এতে মানুষ পুলিশের সাথে বেশি যুক্ত হবে ,,অপরাধ কি মানুষ বুঝতে পারবে ,,অন্যায় কমবে ,,পুলিশ সম্পর্কে মানুষের ধারনা আরও ভালো হবে।।বিষয়টি বিবেচনা করবেন দয়া করে,,ভালো থাকুন ও সুস্থ থাকুন সবাই।।
                        ❤️❤️❤️"
822591870055590_1215492536304332,Good work
822591870055590_851479326918897,উইনার্স বাহিনী তে recruitment বাড়ান।
822591870055590_3441607406136414,"Good
Job"
822591870055590_1182601453062334,Salute
822591870055590_1228827214960741,"খুব ভালো,  কিন্তু অপরাধী যদি তুনামিল এর নেতা হয় বা তাদের ধামাধারী হয় ??"
822591870055590_1670036470269673,Is this facility only for urban areas?I think rural areas need more women safety.
822591870055590_1905114276668780,Khub valo
822591870055590_866644578246293,Winners দের বাংলার Law & Order মেইনটেইন করার ক্ষেত্রে ভূমিকা নিতে হবে
822591870055590_8285585814796181,অসাধারণ ❤️❤️❤️
822591870055590_1224183745379541,জয় বাংলা 💚
822591870055590_2900264280125771,Darun উদ্যোগ
822591870055590_383011541505140,Great 👍🏾
822591870055590_1164738018088454,Good job
822591870055590_1259440328554961,Bhalo kaj
822591870055590_802295182071357,Khoob Sundar
822591870055590_357406497438281,"Koto din ar jonno,"
822591870055590_2838468119662646,Khub sundor
822591870055590_1660945571348984,Oi jonno amra mayara ma durga
822591870055590_537196058819712,Gram gulo dekhben
822591870055590_525010466644311,জয় গুরু।
822591870055590_461842820012968,"এখনও অবধি আপনাদের জন্যই কোথাও একটু হলেও বিশ্বাস করতে ইচ্ছে হয় সবাই সুরক্ষিত,🙏🙏
   কিন্তু একটু ভেবে দেখবেন যখন রিক্রুটমেন্ট হয় পুলিশ এ,তখন পুরুষ দের মতোই মহিলাদেরও কেনো সমসংখ্যক রিক্রুটমেন্ট হয় না 🙏🙏🙏🙏"
822591870055590_8174355389318257,Jai Hind 🙏
822591870055590_484510874468678,Valo But Park e Jara  Nongrami Kora Tader Kichu Hoba ?
822591870055590_1933691310438229,"আজকেই বারুইপুর এ দেখলাম টিম উইনার্স, দারুন উদ্যোগ West Bengal Police👏"
822591870055590_848101747386417,Joy Bangla
822591870055590_512659147907396,"প্রত্যেকদিন একাধিক ব্যক্তিকে উইনার্স বাহিনী ধরছে তা এই ১৮ টা ছবির মধ্যে ধরার একটা ছবি দেখতে পেলাম না। 
নারী সুরক্ষার জন্য কঠোর থেকে কঠোরতম আইন তৈরি করা প্রয়োজন।"
822591870055590_1469381060430295,"Once in a while, Facebook e photo debar jonno."
822591870055590_858168235869200,Eto koekdin er jonno...
822591870055590_1156038938813324,JAI HIND
822591870055590_1523172681639306,জয় বাংলা
822591870055590_901073065390973,Police ka bhi PR team hota hai kya 😂
822591870055590_474998665377367,"খুব খুশি হলাম , এটা যেনো দীর্ঘ স্থায়ী হয়"
822591870055590_1655708468608208,Etodin khotay chilo..??
822591870055590_1138828517213672,Jai bangla
822591870055590_1581300349150052,নারী নিরাপত্তা জোরদার করবেন
822591870055590_1441542619895808,আপনারও তো মানুষ। তাহলে একটু মানুষ এর পাশে দাঁড়ান।
822591870055590_862173762100583,খুব ভালো উদ্যোগ।
822591870055590_1019383046139085,ভালো উদ‍্যোগ
822591870055590_908868821058457,এটা আরো বেশি মাত্রায় দরকার
822591870055590_1518519685705094,eisob photo diye footage na kheye jara criminal tader security na diye law n order e Kaj korun
822591870055590_534339505601849,এইভাবে এগিয়ে যান আপনারা
822591870055590_1585538498765243,গ্রাম গুলো টা বেশি করে নজর দিয়া দরকার।
822591870055590_419073821185783,"Good Jobs, but koi din er jnno?"
822591870055590_1189092062412643,আমি আমার জীবনে এমন দেখিনি বাপু। এমন অপেরেশান কখনো শুনিনি। যাই হোক শুনে দেখে ভালো লাগলো 🥴
822591870055590_1808904739518540,কিছুদিনের।।। Acchya করুন।।।। তাও তোঃ কিছু করুন।।।
822591870055590_384398034677470,খুব সুন্দর ।।
822591870055590_1493399227980931,এই পরিষেবা মানুষ কতদিন পর্যন্ত পাবে?
822591870055590_854881253256599,all girl learn karate
822591870055590_487575034201691,স্যালুট
822591870055590_541559421557798,আমাদের থানার under এ নেই কেনো ?
822591870055590_529131629552792,পশ্চিমবঙ্গ পুলিশ অনেক কাজ জানে আরেকটি কাজ করো আর জি কর হসপিটালে সব দোষীদের encounter
822591870055590_1732230997528872,ভালো। সারাবছর রাজ্যজুড়ে চলুক
822591870055590_806888954929934,এনারা কি স্থায়ী সরকারি কর্মচারী??
822591870055590_1022969275885989,Enader k contact korbo kibhabe?
822591870055590_1082535500204145,Thanks Kolkata Police West Bengal Police
822591870055590_330406420062163,Excellent Job
822591870055590_466923972914373,ভালো উদ্যোগ ধন্যবাদ
822591870055590_1413072886049205,"মহিলা পুলিশ দেওয়া দরকার প্রত্যেকটা রেলওয়ে স্টেশনের বাইরে, কলেজে, মেডিকেল গুলোতে এইসব জায়গায়।
রাতে পুলিশের টহলদারি একটু বাড়ানো দরকার আর নজরে রাখা দরকার তারা ঠিক মতো কাজ করছে কিনা।
এগুলো আমার মতামত।।"
822591870055590_1204369144141612,Excellent Job🙏🙏🙏
822591870055590_1233757307807083,
822591870055590_906698994628179,
822591870055590_1436219457042606,❤️❤️❤️
822591870055590_435333156204034,🫡🇮🇳
822591870055590_352651391247033,❤️🙏
822591870055590_2268575323480841,❤️🫶
822591870055590_483163424480629,❤️❤️❤️
822591870055590_477686635228988,💚💚💚
822591870055590_2451954161650857,https://fb.watch/u4oZfnPqWt/?mibextid=RUbZ1f
822591870055590_523055093470798,👍👍👍
822591870055590_1023951425806055,🙏🙏
822591870055590_820236096962745,👍🏻👍🏻
822591870055590_1689390061849598,❤️❤️❤️
822591870055590_404931365940668,🙏🙏🙏🙏
822591870055590_1199955777854168,🙏💚
822591870055590_460867946945094,❤️❤️❤️
822591870055590_516007584341680,Good 👍
822591870055590_802456038723335,Good
822591870055590_546696937697980,বিচার কবে হবে অভয়ার আগে সেটা বলুন
822591870055590_3097052890435641,Great 🙏
822591870055590_1183597159528156,"Esob dekhiye RG Kar volano jabena sir.... We want justice....
#justiceforRGKar
#justiceformoumita"
822591870055590_384510301346575,Great Job
822591870055590_1023337656140858,Well done 👍✅
822591870055590_1033373637886246,",,,,, গোটা রাজ্যে কতো নিয়োগ হয়েছে বলবেন প্লিজ?"
822591870055590_1082210900421299,Commendable job 👍
822591870055590_1033017594979905,ধন্যবাদ West Bengal Police 🙏🏻 আপনারা এভাবেই বাংলার মা বোনেদের সুরক্ষিত রাখুন। ভবিষ্যতে যাতে এধরনের ঘৃণ্য কাজ আর না ঘটে সেদিকে সজাগ দৃষ্টি রাখুন।
822591870055590_1197492044909183,Good job West Bengal Police 👍🫡
822591870055590_1052729112887798,Please are failure. Not winners they are losser
822591870055590_1182105089895634,Thanks 🙏
822591870055590_1205202990522856,Good
822591870055590_1010825027719730,Good job
822591870055590_1231483758010753,We want Justice....
822591870055590_492532870201999,Good job
822591870055590_1184117882736138,GUD WORK
822591870055590_466192263078970,Good job
822591870055590_1222059788835885,Great job WBP
822591870055590_546714891039071,Great 👏
822591870055590_855086403226791,"অসংখ্য ধন্যবাদ।
তবে একটা গাড়িরও PUCC নাই।"
822591870055590_484610811151124,Nice
822591870055590_508797744974464,বলছি ওই যে CRPF / CISF এর ইউনিফর্ম গুল চেঞ্জ করুন কারন ওই ইউনিফর্ম পরার যোগ্য নয় এনারা
822591870055590_1743894209683510,"পুলিশ কোনো গাড়ির পলিউশন ফেল থাকলে সেই গাড়িকে ধরে, অথচ পুলিশের গাড়ির পলিউশন ফেল থাকলে কে ধরবে????? না পুলিশের গাড়ি বলে সব কিছু ছাড়? না পুলিশ আইনের ঊর্ধ্বে? পশ্চিম বঙ্গ পুলিশ আশা করি নিজেদের গাড়ির কাগজপত্র ঠিক করে সেই গাড়িকে রাস্তায় নামাবে।"
822591870055590_849676953469054,"Police hobo vabtam, porchilam o preparation o valo, vable ekhon lojja hochhe ki karone police hobo, jei case 2minute e solve Kora Jai, seta eto boro gonno manno ips hoye solve korte parche nah, police hoye sudhu helmet ke porche na oi sob dekhar kaj korle hobe na..."
822591870055590_803859144945794,"কোথায় ছিলেন এত দিন?
কোথায় ছিলেন আর জি করের ঘটনার দিন?"
822591870055590_1056531309327396,"সবই তো বুঝলাম,,,  কিন্তু এরা থাকতেও আসানশোলের সেই মেয়েটিকে কলকাতায় এসে পুলিশের কাছেই শ্লীলতাহানি হতে হলো কেন????  

এরা সেই রাতে কি সবাই একই সময়ে একই সাথে হিসু করতে গিয়েছিল নাকি??? 

আর জি করেরটা আর বলছি না।।।"
822591870055590_1473741859947085,"চিন্তা হচ্ছে, ওনারাও কারো মা,কারোর বোন,কারোর মেয়ে কিছু হয়ে গেলে বিচার পাবে তো ?"
822591870055590_927951015761155,"ধর্ষক দের খবর কি?? প্রশাসন জবাব দাও। সেদিন প্রশাসন থাকা সত্ত্বেও কিভাবে গুণ্ডা বাহিনী ভাংচুর করলো, জবাব দাও??"
822591870055590_1457911648168942,"এসব শো অফ করে কোনো লাভ নেই যে রাজ্যে মহিলাদের রাত দখলে নামতে হয় একটা যুগ ধরেও সুরক্ষা নিশ্চিত করতে ব্যার্থ, সেখান উইনার্স কেনো চ্যাম্পিয়ন টিম ও লুসার। যেটা আপনাদের দেওয়ার হয়েছে সঠিক বিচার পাবার জন্য আইন প্রয়োগ করতেই তো শীর্ষ থেকে নিম্ন আধিকারিক চূড়ান্ত ব্যর্থ।"
822591870055590_1018918573295619,"R G Kar এর আশেপাশে ছিল না নাহ? নিশ্চই ছিলনা।
এভাবে কি ইমেজ রিকভারি হয়? 

তবে ভালো উদ্যোগ।

#কেসদেবেননাপ্লীজ"
822591870055590_492737256840315,Aisb dekhie RG kar case ta dhamachapa dite chaichen seta sposto bujha jache
822591870055590_1213728506431419,কত দিন টিকবে?
822591870055590_1261619498201025,বিহারী অধ্যুষিত এলাকা গুলো বেশি করে নজর দিন ওরাই বাংলাকে বদনাম করছে
822591870055590_330086703518766,ফটো তোলা হয়েগেছে এবার চলে যাও
822591870055590_1226827358741623,14 Aug rate kothai chilo sob?
822591870055590_1146879616544727,"পুলিশ দিদিরা সাবধানে থাকবেন, জংলি জানোয়ারে সমাজ ভরে গেছে !"
822591870055590_3809320282675914,"Great 👍 
But oporadhi jodi TMC neta ba netar chele hoy?"
822591870055590_512707131164292,Sir apnader winers bahini-er sobay jeno night duty te surokhito thake🙏🙏🙏🙏
822591870055590_1153076212463927,বলছি অপরাধ নেবেন না... পুলিশের গাড়ির ইন্স্যুরেন্স... পলিউশন তো সব ফেল... এই গাড়ী নিয়ে ডিউটি করা কি বৈধ???
822591870055590_1173398230618536,চোর পালালে বুদ্ধি বারে
822591870055590_692184353114972,Wats the point of doing these fake feminism
822591870055590_843259274610486,"শুনেছি -দেখেছি উইনাস টিমকে তবে সেটা ফেসবুক/ টিভিতে 😁

বাস্তবে এরা সেদিন নামে যেদিন শুটিং হয়🤣
নেতা মন্ত্রী রা যেমন সাফাই অভিযান করে 🙄"
822591870055590_893098529515302,রেপিস্ট দের প্রমান লোপাট করি wb পুলিশ এর লোক দেখানো কাজঃ চলছে
822591870055590_1038254134320655,"ওয়েস্টবেঙ্গল পুলিশ কে আমার অনুরোধ আপনারা কি সত্যি পুলিশ না, অন্য কিছু আপনারা তো সব আগে থেকে জানতে পারেন তো চার মাস পেরিয়ে গেলো আমার একটা বাইক চুরি হচ্ছে পশ্চিম মেদিনীপুর এর শালবনি থেকে কোই সেটা তো আজও শালবনি থানার পুলিশ বের করতে পারলো না সব থেকে হাস্যকর বেপার হলো যে বাইক টা চুরি করে নিয়ে গেছে সেটা পুলিশ জানে তাও বের করতে পারছে না কেন। সব জানার পরেও পুলিশ হাতে চুরি পরে আছে নাকি। পারলে কমেন্ট এর রিপ্লাই দিবেন না হলে পুলিশ পরিচয় টা দিবেন না"
822591870055590_854463169959271,Akashleena kothai vai era ekhon kothai ?!!! Sob ke chatai kore diyeche naki
822591870055590_479699168289531,Anuja Halder kichu bollei abar chotichatara re re kore tere asbe
822591870055590_1512240229429042,"দয়া করে পূর্ব বাংলার মানুষদের দিকে একটু তাকান। বন্যায় সব শেষ। মসজিদ, মন্দির, স্কুল, মাদ্রাসা, ও মানুষের বাড়িঘর সব পানির নিচে। একটু তো বাংলার মানুষের জন্য আওয়াজ তুলুন।"
822591870055590_518645800633518,গত ২৫ বছরে কোত্থাউ তো এ গল্প শুনিনি কক্খনো !!!! এ আবার কোন নতুন পালা !!! ভালো হলেই ভালো ।
822591870055590_1037208451122754,Age tmcr pod chata bondho kor pore post de
822591870055590_1023479332302471,We want justice ⚖️ 🙏
822591870055590_8240816989310937,"আরজি কর এর দোষী দের ধরুন। একজন ডাক্তার কে রেপ আর হত্যা করেনি, তার সাথে আরও অনেকে আছে।"
822591870055590_1299702927660495,এরা কোনো রুলস মানে না দিদির রুলস এ চলে
822591870055590_1220620202468788,চোর পালালে বুদ্ধি বাড়ে
822591870055590_1023807956056203,এই পরিষেবা আরজি কর ধাকা দেয়া মাত্র।কই ঘটনা ঘটার আগেই মনে ছিল না ।
822591870055590_1272092813777594,"সাধারণ মানুষকে হয়রানি করান,আর আপনাদের ক্ষেত্রে আইন আলাদা কেন? পলিউশন ফেলের জন্য সাধারণ মানুষের কাছ থেকে পুলিশ কত টাকা জরিমানা ধার্য করে আপনারা নিশ্চই জানেন? West Bengal Police"
822591870055590_860523326025624,এনার শুধু ফটো তুলতে ব্যস্ত আছে কাজের কাজ কিছু হয়না । সরকারি বাইক আর সরকারি তেল দুটো আমাদের । এদের কোনো সমস্যা নেই সমস্ত সমস্যা সাধারন জনগন এর।
822591870055590_472276172305752,পলিউসান ফেল পুলিশ এর🤣🤣🤣
822591870055590_1270762147243389,"Thik ache, 17 tar jaygay 3 te chobi dileo hoto."
822591870055590_478796451745265,"Khub valo kotha, to sadin onara kothai chilen, jakhon e arakom ghotona ghote takhon e ader mukh dekha jai kichudin."
822591870055590_443042868755029,উইনার্সরা ঠিকই ডিউটি পালন করে কিন্তু কিছু অফিসার সঠিক ডিউটি পালন করে না। যেমন RG Kar ঘটনা আত্মহত্যা বলে চালিয়ে দিতে চেয়েছিল।
822591870055590_1961647004270285,"অনুরোধ করব পুলিশ কে আপনারা দয়া করে আরো সক্রিয় হন।আপনাদের প্রতি জনগণের ভরসা,প্রত্যাশা, সম্মান একেবারে তলানিতে এসে পৌঁছেছে।
এটা বললাম বলে আবার ধরতে আসবেন না প্লিজ।"
822591870055590_1555139938687675,"আমাদের এইখানে বোধহয় চষতে ভুলে গেছেন।

Btw পুরো রাজ্যের প্রতিটা অলিগলিতে এরকম চষতে হবে।"
822591870055590_862419665389731,"আমার বয়স প্রায় 30। খবরের কাগজ নিয়মিত পড়ি, টিভিতেও খবর দেখি, দেশের খবর, আন্তর্জাতিক খবর, সবই। জীবনে প্রথমবার এই 'উইনার্স' দের কথা শুনলাম। সাধু উদ্যোগ।
কিন্তু পুরো ব্যাপারটাই 'আমি কিছু জানিনা, আমার আর কোনো দায় নেই, এই দেখো' এই জাতীয় না তো?? আর এই সময়েই কেন এই উইনার্স দের নিয়ে এত প্রচার? আগে তো কোনোদিন দেখিনি!"
822591870055590_864444975178295,Chayan Royআমিও জীবনে প্রথম শুনলাম এদের কথা
822591870055590_875923744414163,"Chayan Roy এর আগেও ছিল ভাই, একটু ভুল হচ্ছে।শুরু হয়েছিল 12 ই জুলাই 2018. We care we dear. ❤️"
822591870055590_1331652884475158,"Pri Tam D Ey ভাই, ছিল হয়তো। হতে পারে আমার জানা নেই। আশে পাশে winners দের সক্রিয়তা দেখলে নিশ্চই জানতে পারতাম।আর সক্রিয়তা, এটা নিয়ে প্রচার দেখলে বাকিরাও কিছুটা বিশ্বাস,ভরসা পায়।"
822591870055590_521298397012769,Chayan Roy এটা তো পরিধির উপর নির্ভরশীল ভাই।
822591870055590_840743414822459,Pri Tam D Ey মানে পুরো রাজ্যে effective না বলছিস?
822591870055590_429851216755953,"Chayan Roy  জনসংখ্যার কথা বললাম,,"
822591870055590_300576563117933,Pri Tam D Ey হম্ম। বুঝেছি
822591870055590_2328725397466235,2din age dekhlam eder kono kaj chilo na tai Raj bhawan a duty te daoa hyeche eder...eto din kothai chilo
822591870055590_504193975724296,Shouvik Dey Guddu সেটাই তো কথা
822591870055590_485152097693781,Shouvik Dey Guddu ekhon দেখবেন নেতা মন্ত্রীর বোন ভাই কাকা জেঠা ইত্যাদি এখন অনায়াসে পুলিশ এর চাকরি পেয়ে যাবে
822591870055590_1705909550169536,স মী র ন manush jon sob boka tai ja pare tai bujhai sobai k sobai setai bojhe
822591870055590_473768112088581,কি দেখালে কা কা 😆😆
822591870055590_8422308157801171,"বেশ কয়েকটি স্কুটারের পলিউশন ফেল আছে, 
নজর দেবেন"
822591870055590_423585090150971,ল্যাদারু দা সেটা হবে না। আমাদের যেটা ফেল সেটাই দেখবে
822591870055590_535723708801942,ল্যাদারু দাতুমি সেদিন কিছু ফটোগুলো শেয়ার করেছিলে পলিউশন ফেল এর স্ট্যাটাস সমেত। ওগুলো এখানে পোস্ট করে দাও।
822591870055590_3634506433529730,"ছি ছি লজ্জা  কলকাতা  রাজ‍্য  কারো উপর আর  কোট ও বিশ্বাস করে না 
কেন্দ্রীয় নিরাপত্তা  
তাও ভালো বাথরুমে তো আর ডুকতে হবে না 
যাও মামা কাটিং খাও"
822591870055590_531195462611665,"যে সব মানুষ জন ভাবছেন এটা  মানে unit টা নতুন কিছু  এটা ভুল  এটা অনেক আগে ছিলো 
কিছু ছিলো না সেই দিন  আর সেই দিন"
822591870055590_2165814297135610,"সব তো বুঝলাম  কিন্তু কথা হলো সেই দিন  কোথায়  ছিলো  এতো সব সুন্দর নিরাপত্তাব্যবস্থা 
মানুষ তো খুবই  বোকা....."
822591870055590_1723282621747896,"কেন লোক হাসাচ্ছেন? লোক দেখিয়ে কিছু লাভ আছে?  একটা মেয়ে মরে গেল। হাসপাতালে হামলা হল। একজন পুলিশকর্মীর রক্ত দেখিয়ে সহানুভূতি কোরানোর চেষ্টা করলেন। লজ্জাও করে না। পুলিশে কাজ করবেন, আমাদের করের টাকায় বেতন পাবেন আর বিপদের সময় যখন বুক চিতিয়ে পরিস্থিতি সামলাতে হবে তখন লুকিয়ে পড়বেন। একজনের রক্ত পড়লে সেটা নিয়ে সহানুভূতি কুড়োবেন। নমস্কার আপনাদের। তিন জন সাসপেন্ড হয়েছেন, সেই খবরটাও একটু বড় করে দিন।"
822591870055590_1244103040279600,Hyaa RG KAR er somoy tokhon ena der r dekha paoa jaay naa.. infact police e tokhon kothay lukiye jaay..
822591870055590_1230494727961514,"সবই তো ঠিক আছে স্যার ঘটনাটা ঘটার আগে এতটা তৎপর হলে খুবই ভালো লাগতো। 
পুলিশের উপর ভরসা এখনো কিছু মানুষ করে আমিও করি হাত জোড় করে বলছি। নিজেদের বিকিয়ে দেবেন না 🙏🙏🙏🙏"
822591870055590_1233588604343839,এখন করে কি হবে যেটা হওয়ার হয়ে গেছে আগে যদি আপনার কাজ টা এই ভাবে করতেন ভালো হতো গোটা পশ্চিমবঙ্গবাসীর চোখে কলকাতা পুলিশ খারাপ হয়ে গেল। 😂👍 এখন ভালো সাজতে গেলে কোন লাভ আছে?? আর মহিলারা তার কর্মসংস্থানে r*p হচ্ছে আগে ওই জায়গা গুলোয় বহাল করুন
822591870055590_1070917647995207,আপনারা যেটা করার সেটা ছাড়া সব কিছু করেন.
822591870055590_911721170985722,Aaj ke 1st dekhlam Supreme court er order er por
822591870055590_806477424673073,"রাস্তা ঘাটের কথা বাদ দিন নিজের অফিসে, নিজের কর্মস্থলে যদি আমাদের বোন রা, দিদি রা, মায়েরা safe না থাকে, যদি নিজের কর্মস্থলে রেপ হয়ে মার্ডার হতে হয় , তাহলে আর কি বলবো বলুন। খুব হতাশ লাগে নিজেদের কে।"
822591870055590_1184709532650767,"মেকআপ করে অন্ধকার ঢাকা দেওয়া চেষ্টা। 

শাসকের দালালি না করে, নিজেদের কাজ নিষ্ঠার সঙ্গে করুন মানুষ নিজেই নিরাপদ অনুভব করবে , ছবি তুলে প্রচার করার প্রয়োজন হবে না ।"
822591870055590_1026004996196123,Ta Ato din kothy 6elen sob... Akon ke tonok norlo naki ata 2/4 din er jonno notun jatrapala suru holo
822591870055590_355967524251381,Atogulo police aksathe scooty te asche dekhle criminal dur theke dekhei alert hoye jabe... Ar theke better hobe plain cloth ba civil dress a thaka... Keu jeno bujhte na pare ase pase police ache o tara najar rakhche..
822591870055590_1508273123116936,"যে থাপ্পড়  সুপ্রিমকোর্ট আজ দিয়েছে কলকাতা পুলিশের গালে,সেই থাপ্পড়ের একটা অংশ রাজ্য পুলিশের গালেও পড়েছে।এখনো সময় আছে চাটুকারিতা ছেড়ে সঠিক কাজ করুন।"
822591870055590_2487059001683300,Ai sob post kore reputation thik kora jby na bujlen... kolkata chara r kothao to dekha jay na ai department er women's der...why...?
822591870055590_1285244406183604,Civic gulo k o traffic e na lagiye ladies safteyr jonne lagan 🙂🙏
822591870055590_1232100068238272,rg kar kando holo kyano atoi jokhon apnara kormo dokho. amar dumdum amar 40 bochore konodin dekhini
822591870055590_510273251404276,"কিন্তু উনি তো বলছেন মেয়েদের নাইট ডিউটি না করতে দিতে! সেই মেয়েদের ঢাল করেই নিজেদের ভূলুণ্ঠিত সম্মান পুনরুদ্ধার করতে নেমেছেন!

এখনও সময় আছে, মানুষের আবেগকে সম্মান করুন, নিজেদের বিবেককে জাগান, যদি সেটা এখনও থেকে থাকে তো!"
822591870055590_1022253239556592,"পুলিশের থেকে সবাই সাবধান থাকবেন কারন, এরাই সবচেয়ে বড়ো চোর এখন, কেউ যদি রে@ করে আর 5 লাক্ষ ফেলে দেই ব্যাস প্রমান লোপাট
ধিক্কার  #westbengalpolice 🤮🤢"
822591870055590_1268220114616898,"পুলিশের থেকে সবাই সাবধান থাকবেন কারন, এরাই সবচেয়ে বড়ো চোর এখন, কেউ যদি রে@ করে আর 5 লাক্ষ ফেলে দেই ব্যাস প্রমান লোপাট
ধিক্কার West Bengal Police 🤮🤢"
822591870055590_3850395398568643,😡😡😡😡😡😡 gali kora baron tai emoji dilam.
822591870055590_1059302582534167,এতো দিন কি ঘুমিয়ে ছিল 🤔🤔
822591870055590_1201982657486826,Bah sob to dekhtei pelam Amra ki cholche sob dekhchi r bujchi 🙂
822591870055590_545605751221234,কিন্তু অপরাধী তৃণমূলের প্রভাবশালী নেতা বা নেতার আত্মীয় হলে ?
822591870055590_1140716777511972,উইনার্সরা তো মহিলা। রাজ্য সরকারের নির্দেশের পরিপন্থী।
822591870055590_1187609029142298,koto din 1 thaka 3 manth
822591870055590_1426941341302760,Eye wash
822591870055590_2250660375305961,We need justices for #RGkar
822591870055590_470020839206414,"TMC tomake kaj korte debe tobe to, 🤔"
822591870055590_870035397888832,"সমস্যা এই পুলিশ মহিলাদের ও কিছুদিন পরে এই নাগরিক মহিলারা স্বার্থে ঘা লাগলে দোষী বলবে। পশ্চিমবঙ্গের শিক্ষিত নাগরিকরা, অধিকারবোধ সম্বন্ধে জেনে গেছে, কিন্তু নাগরিক হিসেবে দায়িত্ব বুঝে উঠতে পারে নি। মূল সমস্যার জঠর এটাই।"
822591870055590_530522246038770,"#কালদিঘী পার্কে দেখো আগে 

West Bengal Police"
822591870055590_426874209760305,"গুটিকয়েক অফিসিয়ালদের জন্য আজ আপনাদের ওপর সাধারণ মানুষের ভরসা একদম তলানিতে। সেটা ফিরিয়ে আনতে যা যা করণীয়, প্লিজ করুন। 🙏🙂"
822591870055590_1049914783328223,সেটাই তো আমরা দেখতে পাচ্ছি দিন কি দিন।
822591870055590_1571343250486872,Atodin winers ra kothai chilo jokhni Kno oghoton atyachar hbe....tokhni public mind divert kora hocche....shame on .. police dariye theke dekhlo.... hospital lotpat vangchur R.G KAR ghotona....kichu bolar..nei....amr family members Medical student
822591870055590_1645861912925308,3/4 din moto nijeke police vebe kaj kore Jan tarpor abr ghumiye jaben
822591870055590_1067370244428674,Arijit Biswas thik bolechen
822591870055590_1564824027800500,Arijit Biswas right
822591870055590_1577524313144513,এসব  দুই তিন দিনের জন্য পরে এদেরকে খুঁজেই পাওয়া যাবে না
822591870055590_1018711006248163,Arijit Biswas akdom
822591870055590_525376889910203,Dudiner natok... Tarpor nake tel diye ghumaben... Lojja lagena?
822591870055590_2188026514899485,আর জি করের ভেতরে কয়েকজনকে পাঠিয়ে দিন তবে
822591870055590_533690459218547,"আলের উইনার্স
হাসপাতালে চার দেওয়ালের মধ্যে রেপ হয়ে মার্ডার হয়ে যাচ্ছে জ্যান্ত মানুষ অন ডিউটি তে আর এরা উইনার্স দেখাচ্ছে"
