,Unnamed: 0,POST_ID,CAPTION,REACTION_COUNT,COMMENT_COUNT
0,0,692583847600758_822591870055590,"'উইনার্স'-এর নৈশঅভিযান 

ওঁরা 'উইনার্স'। বিশেষ ভাবে প্রশিক্ষিত নজরদারি টিম আমাদের মহিলা পুলিশের। রাজ্যের বিভিন্ন জেলায় ওঁরা রোজই মোটরসাইকেলে চষে বেড়ান দিনভর। রাস্তায় মহিলাদের উত্ত্যক্ত করার অভিযোগে প্রায় রোজই আমাদের 'উইনার্স' বাহিনীর হাতে আটক হন একাধিক। যাঁদের কেউ হয়তো পার্কে গোপনে মহিলাদের ছবি তুলতে গিয়ে নজর এড়াতে পারেননি 'উইনার্স'-দের। কেউ হয়তো একটু নির্জন এলাকার আশেপাশের রাস্তাঘাট বেছে নিয়েছিলেন মহিলাদের উদ্দেশ্যে অশোভন অঙ্গভঙ্গির জন্য, এবং হাতেনাতে ধরা পড়েছেন।

গত রাতে রাজ্য জুড়ে 'উইনার্স'-এর নৈশঅভিযানের কয়েক ঝলক ভাগ করে নিলাম।

#Winners #WomenSafety #WBP",4142,285
