COMMENT_ID,COMMENT
830656415915802_1350267289075030,এদের যাবজ্জীবন জেল কেন ❓️এরা বেঁচে থেকেই কী করবে ❓️এদের প্রতি এত দয়া কেন দেখানো হয় কেউ একটু বুঝিয়ে বলবেন ‼️
830656415915802_321807834287785,Munmun Chatterjee  মহিলাদের ফাঁসি দেওয়া যায় না। এতে সমাজে খারাপ বার্তা যায়।
830656415915802_334850296287991,Soumya Dutta If all types of patients are given the same medicine then why not all criminals are given the same punishment ❓️Why are women and men divided ❓️
830656415915802_914229480532471,Munmun Chatterjee রাষ্ট্রের পয়সা ধ্বংস করবে
830656415915802_1037891614462147,Oder o angul kete deoa utchit chilo
830656415915802_398296126343873,এ কটা প্রাণ এর মৃত্যুতে শুধু যাবজ্জীবন??? ছিঃ ছিঃ
830656415915802_399197936198540,"Good job.. aro baro punishment darkar , tobei manush voy pabe ei rakom ghatona ghotanor age 100 bar vabe... Nahole ei samaj ke change kra khub kothin..."
830656415915802_1896196334183064,"আহা রে😥, সকাল সকাল চোখে জল চলে আসলো খবর টা পড়তে পড়তে। ছোটো বাচ্চা টাকে কি ভাবে কষ্ট দিয়ে মেরেছে এরা, এরকম জঘন্য ঘটনা কি করে কোনো মানুষ ঘটাতে পারে? ছি ছি । 😥"
830656415915802_1257417618583512,We are proud he proved that he is good IO of Police Department. Even police do good work for the people thanks
830656415915802_856337510020579,যে তান্ত্রিক এই পরামর্শ দিয়েছিল তাকে আগে গ্রেফতার করা হোক। তার কথামতোই তারা এই কাজ করেছে। ফাঁসি দিন।
830656415915802_2508966055971587,এমন নোংরা অপরাধের সাজা যাবজ্জীবন হলে চলবেনা। কঠোরতম শাস্তি দিতে হবে। দরকার হলে নতুন আইন আনা দরকার। ছিঃ ছিঃ
830656415915802_495160013229039,Great work 🙏
830656415915802_528317033187773,Fashi dorkar chilo dujon er e.
830656415915802_1199393874716015,"GG west bengal police! 
Keep up the good work! 🫶🏽"
830656415915802_834704328806853,Era ki adoteo manus chilo.. Chi era nijera maa hoye parlo 1ta bacchar pran kere nite
830656415915802_1666479984185717,Era manush???
830656415915802_413209631784859,মহিলারা মায়ের জাত এই কথাটি বোধ হয় বর্তমান সমাজে আর গ্রহণযোগ্য নয়।
830656415915802_1503319623631135,"ইস!!!
এই শাস্তির সাথে এদের চারটি করে আঙুল কেটে নেওয়া উচিত ছিল।।।"
830656415915802_1864465910723159,"ষাট বছর তো হয়ে গেচ্ছিলো আর কতদিন বাঁচটিস নিজে বাঁচার জন্য অন্য কাউকে মারে দিল এরা জানোয়ার 
এরা যেন জেলেই পঁচে যায়"
830656415915802_435512139511759,Oder o oi vabei mora uchit. Otai hoto uchit shasti
830656415915802_1241697600163131,"Sir,
ধন্যবাদ আমাদের রাজ্যের পুলিশ প্রশাসনকে 🙏
অন্ধবিশ্বাসকে পাথেয় করে একজনকে বাঁচাতে আরেকজন নিষ্পাপ ছোট শিশুকে এই ভাবে যারা নিশংস হত্যাকাণ্ড চালিয়েছে তাদের এই শাস্তি ছোট হয়ে গেল ওদের পুরো জীবন কারাদণ্ড হলে ভালো হতো।"
830656415915802_1219521609185491,Great job sir
830656415915802_487365497405604,"Era manush hote pare na.....era amanush 😠
#WBP 🙏🙏"
830656415915802_1523463285199230,"ওরে বাপরে,,,,,,,,,,,,,, এসব তো সিনেমায় দেখেছি স্যার।।।।।।।।।।।।।।।। ☹️☹️☹️☹️☹️☹️☹️ স্যালুট আপনাদের স্যার।।।।।।।।।"
830656415915802_1168868190888270,Great job sir
830656415915802_432008882605679,আমাদের চারপাশে এমন অনেক সুপ্ত অপরাধী আছে৷ তাই সদা সতর্ক হয়ে থাকাটা জরুরী।
830656415915802_3891433421182049,Great job
830656415915802_1059987485485783,Great job
830656415915802_453969520976350,🙏🙏🙏
830656415915802_421773707578804,Great job done.. 🙏🙏
830656415915802_3356713637971688,দারুন কাজ করেছেন। Hats off. এই রকম ভাল কাজ এত করূন যে জনগন এমনিতেই দেখতে পান। কষ্ট করে আপনাদের ফেসবুকে পোস্ট করতে না হয়। না হলে ব্যতিক্রমী ঘটনা হিসেবেই রয়ে যাবে।
830656415915802_1276601850384568,Congratulations all of team members 🙏🙏
830656415915802_1238496103853213,Great job sir...
830656415915802_1032329144741051,Great job sir....
830656415915802_887210993343735,"পৃথিবীটা এতো নিষ্ঠুর কিভাবে হচ্ছে........ মানবিকতা, মায়া, মমতা সব কি হারিয়ে যাচ্ছে!!!"
830656415915802_1427123234630733,"জানি আইন আইনের পথে চলে কিন্তু আরো বেশি শাস্তি দিতে হতো এদের দুজনকে। বাচ্চাটাকে যেমন ভাবে মেরেছে একই ভাবে এদেরও আঙুল কেটে দিতে হতো আর তাতে লঙ্কা লাগিয়ে দিয়ে লাঠি নিয়ে দাঁড়িয়ে থাকতে হতো , ব্যথায় চিৎকার করলেই পিঠে লাঠির বাড়ি।"
830656415915802_522684186784395,Good job 👏
830656415915802_2578254539048069,"মানুষ রুপি জানোয়ারেরাই এই ধরনের জঘন্যতম পৈশাচিক কাজ করতে পারে। যদিও এই দুঃখ ভুলার নয়, তবুও সমবেদনা রইলো প্রীতির পরিবারের প্রতি। 😭😭"
830656415915802_534023512363374,Good job
830656415915802_915510727078074,Fasi dei na kano eder
830656415915802_1063100902482694,Khan Sultan Ali mohila to. Tai r ki
830656415915802_1791416551264184,কি ভয়ঙ্কর 😧 ভাবতেই গায়ে কাঁটা দিয়ে ওঠে!
830656415915802_870654144534501,"Karadondo na diye,,eder ke mrityudondo dewa uchit chilo.....salute sir"
830656415915802_865413508481064,ভয়নাক। 🙏🙏
830656415915802_466830399682920,"Keno mitthy kotha bolchen???? Eta 9 bchor ager ghotona 2015 r ghotona.... Ekta case solve korte apnader 9 bchor lege jaay... Lojja laga drkr, kotota niskorma kolkata police"
830656415915802_821145253172041,Khub valo laglo salut
830656415915802_501604372578742,"Great Job...
আজীবন সশ্রম কারাদণ্ড হোক।"
830656415915802_1160245398373801,Salute sir Ai vabe amra legal justice oo investigation asha Kori apnader kache. Thanks for police officer.
830656415915802_487536030903338,আমাদের পুলিশের ওপর ভরসা আছে !!
830656415915802_482581454591319,এদের কারাদণ্ড না দিয়ে ডায়রেক্ট হেড শর্ট এর অর্ডার দিলে বেশি ভালো লাগতো
830656415915802_481095891391114,ছি এদের ফাঁসি সাজা দেওয়া দরকার।
830656415915802_978101514359556,"Akjona police kormi hisebe apnar ai kaje amra gorbito sir..
Valo thakben..sustho thakben."
830656415915802_1461362384500631,হাই ভগবান কি ভয়ঙ্কর।  🤯 ভিতর টা কেঁপে উঠলো।
830656415915802_1020441879737430,কঠোর থেকে কঠোরতম শাস্তির উপযুক্ত। যায় হোক নিউটাউন থানার পুলিশকে অন্তরের অন্তঃস্থল থেকে ধন্যবাদ।
830656415915802_1237713057408614,"আপনাদের অসংখ্য ধন্যবাদ দোষীদের ধরে শাস্তি দেবার জন্যে।

কিন্তু ওই ছোট্ট মেয়েটির জন্যে আমার বুক ফেটে কান্না পাচ্ছে।
আমারও দুটো ছোট্ট দুটো মেয়ে আছে, তাদের হারানোর ভয় আমাকে সবসময় তারা করে বেড়ায় আজকের সমাজের জন্য।"
830656415915802_1197831328087413,Fasi daua ucit chilo.
830656415915802_1244513740329948,"Mohila manei ekebare snehashila hoben, eta aar dekha jai na. Jai hok eder fanshi te jholano uchit"
830656415915802_1259373115251436,এরা মানুষ রুপি শয়তান.. কিভাবে পারল এমন কাজ করতে 🥹
830656415915802_1896472677503080,Proud of you
830656415915802_1056518872596361,Daini buri 60 bochor boyose nije beche thakar koto sokh.....je ekbar o baccha tar kotha chinta korlo na...😥😥😥
830656415915802_546525854379651,Hay vagoban Tumi acho manuser su budhi dao
830656415915802_494324560163094,ধন্যবাদ পুলিশ কে। কিন্তু এই কুসংস্কার ও অন্ধবিশ্বাস মানুষ কে কোথায় নিয়ে যেতে পারে।
830656415915802_1538170593477843,মানুষ কি পিশাচ
830656415915802_1177479143513243,মর্মান্তিক ও বেদনাদায়ক
830656415915802_356796950837558,ফাসি হলে ভাল হত।
830656415915802_1490314111612210,এদের ফাঁসি কেনো হয় না।
830656415915802_1556094748367527,"কতটা মর্মান্তিক বেদনাদায়ক কল্পনা করা যায় না.....😭😭
তদন্তকারী সকল অফিসারদের ধন্যবাদ 🙏🙏 
আমাদের দেশের আইন পরিবর্তন না হলে এই জঘন্য অপরাধগুলো বাড়তেই থাকবে। এদের যদি ফাঁসি না হয় তাহলে কাদের হবে ?????"
830656415915802_524420023426850,পুরোটা পড়লাম। এবং কি বলবো ভাষা হারিয়ে ফেলেছি। মানুষ পারে?? 😭😭😭😭😭😭😭
830656415915802_2413726135483885,Manush ki nisthur 😭😭..oi tuku chotto sishu ke koto kaste mere fello
830656415915802_1213930799652460,"ধন্যবাদ Sir❤️
এনাদেরকে আরো কঠিন শাস্তি দিতে হতো।"
830656415915802_2012789625840060,Tader j oi angul kete boli dewoa gyan ta diechilo take o dhora dorkar chilo
830656415915802_963161042230072,"দুজনের একই শাস্তি দেওয়া হোক 
বাচ্ছা টার সাথে যে ভাবে ওরা করেছে"
830656415915802_1201276517740753,এই কাজের জন্য আমি আপনাদের সমস্ত টিম ম্যানেজমেন্ট কে আমার মন থেকে সাধুবাদ জানাই।।
830656415915802_891836329476202,আপনাকে অনেক অনেক শুভেচ্ছা ও আন্তরিক অভিনন্দন স্যার। আপনার কর্মময় জীবন সুখের হোক সৎ পথের পথিক হয়ে থাকুন সুস্থ থাকুন ভালো থাকুন।
830656415915802_476811151850221,"Salute 🫡 
Sir"
830656415915802_1574156829836449,"Khub kaster  ara ki manush,?"
830656415915802_884776700164985,Eder saja ses hole fasi deoua dorkar
830656415915802_1521103032101873,যে ওই সব করার জন্য ওই মহিলাদের বিধান দিয়েছিল তার কি শাস্তি হয়েছে ????
830656415915802_2421483518049070,Keep it up !!!
830656415915802_876874177694180,জেলের ভাত নষ্ট।
830656415915802_353344084538559,খুব কষ্টের। এমন কঠিন শাস্তি পাক যা মৃত্যু যন্ত্রণা থেকেও বেশি।
830656415915802_1497300217844421,"এই ধরনের মানুষদের যাবতজীবন শাস্তি,খুব কম হয়ে গেলো,এদের আরও কঠোর শাস্তি হওয়া উচিৎ, ভাবুন তো একবার,ওই বাচ্চা মেয়েটি কতটা কষ্ট পেয়েছে,আমার তো ভেবেই হাড় হিম হয়ে যাচ্ছে"
830656415915802_1248613879392346,"এরা মানসিক বিকারগ্রস্ত, খুব সহজেই প্রভাবিত হওয়া লোকজন। অবাক করা ব্যাপার।"
830656415915802_1181174183142131,"এদের যাবজ্জীবন নয় সরাসরি ফাঁসিতে ঝুলানো উচিৎ হত !

আহারে কতই না কষ্ট পেয়েছিল নিষ্পাপ মেয়েটা !"
830656415915802_1534428047164773,"এই পিশাচ দের ফাঁসি হলে খুশি হতাম! ছিঃ, ওই টুকু শিশুকে! 😔"
830656415915802_483013761365259,"🙏 পুরো টিমকে হার্দিক অভিনন্দন 🙏
শিশুটির মর্মান্তিক পরিণতির কথা ভেবে শিউরে উঠলাম । তার পরিবারের প্রতি সমবেদনা রইল । 😭"
830656415915802_947847084035988,"ধর্মের নামে পিশাচ হয়ে যাচ্ছে , অমানুষ মহিলা সব ছি ছি । ঘটনা শুনে চোখে জল চলে এল ,😢😢"
830656415915802_839433958314115,"অবশ্যই প্রশংসনীয়,  তবে আজকাল পুলিশ এতটাই দলদাস হয়ে গেছে যে কিছু ভালো কাজকে সোস্যাল মিডিয়ায় তুলে ধরে নিজেদের ভাবমূর্তি অক্ষুন্ন রাখার চেষ্টা করছে !!"
830656415915802_1863356440841795,স্যালুট জানাই আপনাকে
830656415915802_497406979667427,"👏👏🤝 well-done hat's off 
This is West Bengal Police 
ভালো লাগলো। শুধু এটাই চাই সমাজ অপরাধ মুক্ত হোক।"
830656415915802_882336837096707,ইস..এরা কি মানুষ??
830656415915802_436427719432724,"West Bengal Police As a member of the investigation team of this case in 2015, today feeling really proud."
830656415915802_1165215157886551,congratulations Kazi Rafikul Islam  Sir
830656415915802_1626827447883018,Choti na chete erom case solve korun. Dekhben jonogon kamon proshongsha korche. Nijeder jonno nijeder buk ta fule uthbe
830656415915802_485064517708314,শ্রদ্ধা  West Bengal Police @IO SI KRI
830656415915802_485043464405403,এই কুসংস্কারের ছড়াবার জন্য কাদের দায়ী করবেন?
830656415915802_856318046167182,এরা মানুষ?????
830656415915802_882893527085756,"দেশ এখনও কোথায় পড়ে আছে,ভাবলে চমকে উঠি।Hat's off Police deptt"
830656415915802_1159835161979540,"পড়ে মনটা সাংঘাতিক দুঃখে ভরে গেল। এই কয়দিন আমরা নকল কিছু প্রতিবাদ দেখছি রাজনৈতিক উদ্দেশ্যে অথচ সমাজে কত সাংঘাতিক ঘাতক লুকিয়ে আছে, ভাবলেও গা শিউরে ওঠে !!! কিছু বছর জেল খাটার পর এরা হয়তো ছাড়া পেয়ে যাবে তারপর আবার কার ক্ষতি করে কে জানে"
830656415915802_1444268106282520,Salute sir
830656415915802_872531950987830,এদের এই শাস্তি যথেষ্ট নয়।
830656415915802_500813579230108,Eder fasi diye maro
830656415915802_556395463385275,"কোনো কথা হবে না..., শুধু ফাঁসি হওয়া দরকার।"
830656415915802_551786083946968,এদের একটা হাত ও একটা  পা কেটে নেওয়া উচিত
830656415915802_539862925380124,🥺
830656415915802_1709586009795556,🙏🏼
830656415915802_813593654265071,🙏
830656415915802_366582949840479,🙏🙏🙏
830656415915802_880596970677192,🙏🙏🙏🙏🙏
830656415915802_3749511155331941,"ফাঁসি চাই,সমাজে থাকার যোগ্য না এরা"
830656415915802_544240274928292,West Bengal Police
830656415915802_1055584189488993,Animesh Goswami Src Sharanya H
830656415915802_2813371228823308,Praveen A H Pundarikakhya baire thakle enarao 'we want justice' bole pothe naamten...
830656415915802_836701085112481,😥😥
830656415915802_1552342655658461,"কবিরাজ তুক তাক এর কারনে বহু মানুষ শিকার এদের কঠোর ব্যবস্থা নেওয়া দরকার।
আমাদের পাড়ায় একজনের নি সন্তান হয়ায় একজন কবিরাজ বলছিলো একটি বাচ্চার প্রান নিতে হবে তবে নাকি তার স্ত্রীর বাচ্চা হবে সেই কথার বসে একটি পাড়ার বাচ্চাকে জঙ্গলে নিয়েগিয়ে হাত পা বেঁধে মেরেদিলো।
তার বিচার এখনো হয়নি চার বচ্ছর হলো।
গড়বেতা থানার আণ্ডারে।"
830656415915802_1932061413874285,"We are proud he proved that he is good lO of
Police department.Even police do good work 
for the people thanks"
830656415915802_1045052330668482,এসব বিচার যাব্বজীবন না দিয়ে ফাঁসি দেয়া উচিত ছিলো
830656415915802_320193291121369,ফাঁসি দেওয়া হোক এদের কে এবং যে ঐ কুপরামর্শ দিয়েছে তাকেও
830656415915802_868171594842628,Oder to arokom korei angul kete dauya uchit
830656415915802_405178748882189,ভাবছি মানুষ এতো বর্বর হয় কেনো ! কেনো তারা একটা শিশুকে এই নির্মম অত্যাচার করে হত্যা করে !! বাচ্চা টা কতো কষ্ট নিয়ে মরেছে ভাবতেও পারছিনা !! এদের ফাঁসিতে কেনো ঝোলানো হয়না সেটাই বুঝিনা 😕
830656415915802_435055722883574,অশিক্ষা কুসংস্কার এবং অন্ধভক্তি এর পিছনে দায়ি।
830656415915802_875602091159977,এদের ফাঁসি দেয়া হোক কী নিষ্ঠুর!🥲🥲🥲
830656415915802_390284977187326,We are proud he proved that he is good IO of Police Department. Even police do good work for the people thanks
830656415915802_1074439797437408,এদের ফাঁসি হলে ভালো লাগতো...
830656415915802_974649608011339,We are proud he proved that he is good IO of Police Department. Salute You Sir
830656415915802_3731374553778769,ফাঁসি দেওয়া উচিত ছিলো
830656415915802_513262004685583,60পার হওয়া পর বাঁচার ইচ্ছা ❓তাও আবার একটা শিশু বলি দিয়ে 😡😡😡😡
830656415915802_516560461026474,এনাদের ফাঁসি দেওয়া উচিত...!!!
830656415915802_499838842824433,"ছিঃ... এসব মহিলাদের যারা অবলা বলে, সেই নারীবাদীদের জানাই ধিক্কার।"
830656415915802_361817986868167,মৃত্যুদণ্ড দিলে আরো বেশি খুশি হতাম
830656415915802_3809756749269417,Great 👍
830656415915802_1154151805684332,Salute sir
830656415915802_1062156358804197,Horrible incident.
830656415915802_533759922350956,Pathetic
830656415915802_1050799905931534,So pathetic...
830656415915802_1172429384046676,Chi...
830656415915802_1036176067639825,West Bengal Police thank a lot
830656415915802_1513790880022272,"কু,,**পি য়ে মে। #রে দিন প্লীজ এদের। আইনের আওতায় জেল বা ফাঁ**। সি এসব এদের শাস্তি নয়। মে। #রে ফেলুন জাস্ট কুপি*""য়ে, হাত পা ছিঁ *ড়ে ছিঁ। ** ড়ে । আমি যদি এক মিনিটের জন্য ধরে নি অন্ধবিশ্বাস নয়, বরং এসব সত্যি হয়, তবু এরক বাচ্চার হাতের আঙ্গুল কা*ট। বে নিজে বাঁচতে গেলে? মে।*"" রে ফেলুন, না পারলে জনগণকে জানিয়ে রাস্তার মধ্যে ইট দিয়ে থেঁ*""'তলে ফেলুন। বেঁচে থাকার দরকার নেই আমাদের আপনাদের টাকায়।  মা::রু*""ন এদের। যতটা কষ্ট দিয়ে এদের মা*""'রা যায়, আপনাদের নানান কায়দা জানা আছে নিশ্চয়, প্লীজ জেল করিয়ে ছেড়ে দেবেন না এরা অসুর রাক্ষস বা তার থেকেও বেশি কিছু।"
830656415915802_27467207779536787,"কদিন আগে জুয়েলারি হত্যা মামলায় আসিফ খান, জামশেদ আনসারিকে কনভিক্ট করলো কোর্ট, ব্যারাকপুর পুলিশ কমিশনারেটের এলাকায় ঘটনাটা ঘটেছিল - সেটা এরকম পোস্ট করলেন না ?"
830656415915802_1086320169679831,Ata 2015 Saler ghotona
830656415915802_1247254286275852,"ফুটপাত দখল করে নিচ্ছে ,,বর্ধমান শহরের তিন কনিয়া থেকে কার্জন গেট পর্যন্ত বেআইনিভাবে দুর্গাপুজোর জন্য বাঁশ দিয়ে এডভার্টাইজমেন্ট এর জন্য স্ট্রাকচার তৈরি করছে,, রাস্তা দখল করে,, সাধারণ মানুষ সহ বাইক আরোহী- বাস- কার সবার যাতায়াতের অসুবিধা হচ্ছে। 
পুলিশ তুমি দেখো ....
অন্ধ হয়ে থেকো না ,পুলিশ.....
এখনো প্রায় ৪০ দিন পূজোর দেরি আছে..
যে কোন মুহূর্তে  বাঁশে ধাক্কা খেয়ে মানুষ মারা যাবে -আহত হবে..... ।"
830656415915802_1658382008274490,"Its ur duty to find out the actual truths and take action accordingly.
But as per the media details why you had destroy the evidence for RGKAR?"
830656415915802_2876452262508068,"একবিংশ শতকে শরিয়া আইন মেনে বাল্যবিবাহ , হালালা ও কুসংস্কার  এগুলো শেষ করে UCC চালু করা দরকার"
830656415915802_1677836766395880,Ader keo ai bhabe mara uchit😡
830656415915802_1244440666912026,কলকাতা পুলিশ মিথ্যা পোস্ট করে কেনো যে সেই পোস্ট ডিলেট করতে হয়?
830656415915802_409938281700729,"Chi Chi, fasi o kom sasti eder jonya"
830656415915802_1948617345588376,Bc
830656415915802_496360229927383,বাহ । কিন্তু তিলোত্তমা এর কেস টা5 দিন ধরে কি করলেন ?
830656415915802_1242664547153107,Horrible...
830656415915802_1567593807519865,https://www.facebook.com/share/r/sn59KnSvarAnYzq6/?mibextid=oFDknk
830656415915802_399225936535913,"পুলিশ পারে না এমন কোনো কাজ নেই। কিন্তু রাজনৈতিক ব্যক্তিত্বরা পুলিশকে নানান ধরণের কাজে বাধা সৃষ্টি করার কারণে, পুলিশকে কালিমালিপ্ত হতে হয়। ধন্যবাদ পুলিশমহলকে।"
830656415915802_1301028744393515,পুলিশ তার দায়িত্ব পালন করলেও এটা আমাদের বিচার ব্যবস্থার ব্যর্থতা যে খুনিগুলো কয়েক বছর পর জেল থেকে বেরিয়ে স্বাভাবিক জীবন যাপন করবে। যাবজ্জীবন কারাদণ্ড প্রকৃত অর্থেই আজীবন কারাবাস হওয়া উচিত। কিন্তু কোন উচিৎ কাজটা আর হয় এ দেশে...
830656415915802_868055404841943,"Kichu jon bhalo police ache bole e department ta cholche, at least jara nijeder kaj ta korche. Baki der o ektu sikhte bolun"
