COMMENT_ID,COMMENT
830754829239294_906701234823223,"জুনিয়র চিকিৎসকরা বিনীত গোয়েলকে যেমেরুদণ্ডটা উপহার দিয়েছিলো সেটা আপলোড করলে খুব ভালো হতো।
চটিচাটা"
830754829239294_2015330408897205,"পুলিশ মানেই ভরসার জায়গা ও সাহায্যের হাত,,সাধারণ মানুষের সাথে আরও সুন্দর সম্পর্ক গড়ে তুলতে হবে,,তাহলে অন্যায় কমবে সমাজ ভালো থাকবে,,
               জয় হিন্দ ।।"
830754829239294_7836661779793437,Biswajit Saha তাহলে ঘুষ কে খাবে?
830754829239294_823442296642545,Biswajit Saha bortoman WB te police mane khus-khor ..
830754829239294_847503637356498,"Biswajit Saha সাধারণ মানুষের সাথে সুসম্পর্ক বজায় রাখতে হবে।
কিসের সুসম্পর্ক আইন উর্দি কথা বলবে । করোনা র সময় 
জেলাশাসক টিকি খুঁজে পাওয়া যায় নি।
পাড়ার এলোমেলো দাদা কে রকবাজি করতে দেখা যায় নি।
পুলিশ বেশি উদারতা দেখানোর ফল কার্জন গেট থেকে নবান্ন কান্ড।
পুলিশ সাধারণ মানুষ থেকে উদারতা দেখাবে মানবিকতা দেখাবে ঠিক কিন্তু দূরত্ব বজায় রেখে।
হাতজোড় করে মাস্ক পরিয়ে দিয়েছে আমায় আর আমি ই এখন ব্যুমেরাঙ।
 নিউটনের থার্ড ল । প্রতিটি ক্রিয়া র সমান ও বিপরীত মুখী প্রতিক্রিয়া আছে। 

বেশি ভালোর যুগ নেই , আইনের দাপট রাখতে হবে মাননীয় পুলিশ অফিসার মহোদয় দের । 
জয় ভারত"
830754829239294_3656377484677500,WBP সাধারণ মানুষের বিপদে পাশে থাকার জন্য ধন্যবাদ 🙏
830754829239294_1576968246566509,"Deb Bera ekdom 👍 thik dada, jemon kore R.G. kar e pashe chilo 14th August e ☺️☺️☺️"
830754829239294_802369848730887,Deb Bera ও হরি তুমি সিঙ্গুরের মাল যাদের জন্য আজ পশ্চিমবঙ্গের এই দশা
830754829239294_1191482331970395,"Great work, কিন্তু সময় বলেছে, অপরাধ বেড়েছে। পুলিশকে আরো বেশি কাজ করতে হবে, সমাজ কে রক্ষা করবার জন্য 🙏🏻🙏🏻"
830754829239294_3104842089671145,সমাজের সব ধরনের পেশার যেমন গুরুত্ব রয়েছে। অন্যায় দমন করতে এবং রাজ্যে আইন-শৃঙ্খলা বজায় রাখতে পুলিশদের ভীষণ প্রয়োজন । আমরা সবাই চাই পরিস্থিতি স্বাভাবিক হোক। পুলিশ নিজের কাজ সঠিকভাবে করুক এবং জনগণের উচিত অন্যায় করলে যেমন প্রতিবাদ করা তেমন পুলিশকে সঠিক কাজ করতে দেখলে অবশ্যই তাতে সাহায্য করা।
830754829239294_1460795024605386,"Bipod er somoy sob somoy mone hay , police ache , kichu hole amra boli police a bole debo. Asa kori police rao seta bojhe amader sadharon manus er Kato bhorosa tader opor ache.. onara thik amader pase thakben.. I knew it."
830754829239294_1234809371165697,Salute
830754829239294_934507201773962,জয় হিন্দ
830754829239294_2218555021853089,Dream WBP❤️ alwys  salute ❤️🔥 ..... One day dream come true 💭🤍
830754829239294_1165379211412222,Íťš Håppykà Make your dream cream and put it in your face 😈😈
830754829239294_3808521466103219,Sunny Bhai Learn to be polite if you can. The police are needed in danger. First manage your mentality then come to comment. thank you 🙏
830754829239294_1050068276128926,পুলিশ কে দেখে মানুষ ভয় পাই। আমি চাই পুলিশ কে মানুষ ভালোবাসুক।। ভালোবাসার সম্মান আলাদা 👍।
830754829239294_875742793989022,স্যালুট!
830754829239294_2846584842157964,"সমাজ কে ভালো রাখার  দায়িত্ব শুধু পুলিশের নয়,,দায়িত্ববান মানুষ হিসাবে কিছু দায়িত্ব আপনাদের ও আছে সেটা পালন করূন আইনের পথে,,অন্যায় বলে কিছুই থাকবে না,,প্রতিবাদ করূন তবে আইন মেনেই!!!!!!!,,পুলিশ কে বন্ধু ভাবুন দেখবেন ভালো থাকবে সমাজ,,আমি আর আপনি ।।
         ।।সবাই ভালো হয় না আপনি ভালো হলেই দেখবেন সেও ভালো হয়ে যাবে ।।
           জয় হিন্দ ।।"
830754829239294_1638988886670706,Biswajit Saha  আপনার কথা গুলো এক দম সঠিক 💯❤️
830754829239294_1488997651815588,"Biswajit Saha মইদুল মিদ্যাকে পুলিশ প্রকাশ্য রাজপথে পিটিয়ে মেরেছিল।ওর অপরাধ কি ছিল বলুন তো?মইদুল চাকরির দাবীতে মিছিলে গিয়ে কি এমন বেআইনী কাজ করেছিল?
দায়িত্ববান পুলিশকেও হতে হবে।তাদের কাজ শুধুই শাসকদলকে রক্ষা করা নয়।
শাসকদল যখন প্রতিবাদী মিছিলের উপর হামলা করে তখন পুলিশ দাঁড়িয়ে দাঁড়িয়ে দেখে।এটাই কি পুলিশের আইন রক্ষা?"
830754829239294_1035236044920553,যারা এখানে কমেন্টে গালাগালি দিচ্ছেন তাদের মনে রাখা উচিত মাত্র 99.9% খারাপ ঘুষখোর পুলিশকে দেখে আমরা সকল পুলিশকে খারাপ বলতে পারিনা।
830754829239294_1212630523096392,Salute
830754829239294_1039673187627096,স্যালুট জানাই 🙏🙏🙏
830754829239294_1580019899538997,সাধারণ নেতাদের চেটে চলার জন্য ধন্যবাদ। পুলিশ মানেই সরকারের ক্যাডার।🫡🙏 স্যালুট আপনাদের নির্দ্বিধায় এই কাজগুলো করার জন্য 🙂
830754829239294_1057291519066808,"Police manuser bipoder bondhu,"
830754829239294_8097614127025936,Sukuruddin Ahamed ha sete present scenario dekhei bhoja jache.
830754829239294_3513374345629606,Sukuruddin Ahamed exactly bipode er bondhu!  Manush er bondhu to konodin e chilona
830754829239294_428532203568450,Salute
830754829239294_891841896136338,West Bengal Police best in india 🇮🇳We proud of you 🇮🇳⚖️
830754829239294_3749914215270498,नुर आलम acha majak karta hai aap😀😀
830754829239294_7628687990566186,नुर आलम kya must joks mara re.
830754829239294_1747121619437368,नुर आलम tola adayer janno.
830754829239294_523585273372669,"কয়েকটা চাটুকার কমেন্ট পেয়ে খুশিতে গদগদ হয়ে যাবে নাহ। যেভাবে আপনারা সাধারণ মানুষের বিশ্বাস হারিয়েছেন, তা ফিরে পেতে অনেক পরিশ্রম করতে হবে আপনাদের। সরকার গুন্ডা পুষে রেখেছে, তাদের হাতে অস্ত্র তুলে দিয়ে, পুলিশ নাম দিয়েছে৷ কিন্তু সাধারণ মানুষের জন্য আছে শুধুই ঠেঙা। আমার কাকা পুলিশে আছে, সমস্ত সম্পর্ক বিচ্ছিন্ন করেছি। মেরুদণ্ড সোজা রেখে চলি। সুভাষ চন্দ্র বোসের আদর্শে বড়ো হয়েছি। সত্যিই সাহস আর আদর্শ থাকলে অপরাধী ধরুন, তিলোত্তমার বিচার করুন। 
#justiceforRGKar 
#justicefortilottama"
830754829239294_1031097165232839,West Bengal police india r best police 😍🤩🙏
830754829239294_2840405642776400,"স্যালুট জানাই আমাদের পশ্চিমবাংলার পুলিশ কে, যাঁরা ধর্মের নামে দাঙ্গা লাগিয়ে সমাজে অশান্তি সৃষ্টি করতে চাইছে তাদের আটকানোর জন্য।"
830754829239294_871811941076794,Matiur Rahaman আপনি আমি যারা সাধারণ মানুষ দাঙ্গা করতে না চাইলে কোনো নেতার সাধ্য নেই দাঙ্গা বাঁধায়।
830754829239294_488348137334265,Matiur Rahaman অনিশ ভাইজান জানে?
830754829239294_1456795021690703,Matiur Rahaman আপনার কমেন্টের হাসির React র সংখ্যা দেখেই বুঝে নিন মানুষ কি ভাবছে । 😁😁
830754829239294_1520227408617708,salute to your OK west Bengal police thanks good afternoon
830754829239294_1026679095395807,Biren Kumar Pratihar now you go to the Bangladesh
830754829239294_1779238546182748,"We proud of Indian army 🪖 
But for West Bengal Police 🤔"
830754829239294_1636796200439766,"বাংলার মুখ কালিমালিপ্ত করতে সর্বাগ্রে সচেষ্ট,
আর পুলিশ এখন ২ জায়গায় খুব active 
১ রাস্তার মোড়ে (ট্রাফিক)।
২ social media."
830754829239294_1341402840155406,🙏🙏🙏
830754829239294_886825883506934,"এই ছবিটার মানে কি, পশ্চিমবঙ্গের বাইরে পুলিশ...?"
830754829239294_1028784432081694,স্যালুট!
830754829239294_748124764055208,"আরো বেশি করে ঘুষ খান,  আরো বেশি করে রাস্তায় টাকা তুলুন,, ভগবান আপনাদের মঙ্গল করুক।"
830754829239294_848358447396636,"এই রাজ্যে পশ্চিমবঙ্গের কিছু কিছু পুলিশের যা অবস্থা, নিজেকে সুরক্ষিত মনে করতে পারছি না। শুধু ...............টাকা?"
830754829239294_1004256451178204,"Exclusive also marvellous .
Jai Bharat"
830754829239294_478708305074931,পুলিশ মানেই ঘুষ।
830754829239294_878374013676866,"যারা একটু চাল ও টাকার লোভে মমতার গদি রক্ষা করছে তারা দেশের শত্রু। কোলকাতার কোনো অবকাঠামোগত উন্নয়ন নেই, রাস্তা খারাপ।"
830754829239294_880950623913081,"চটিচাটা না হয়ে মানবিক হতে হবে । খাঁকি উর্দিটার ক্ষমতা দেখানোর সময় এসেছে বন্ধু , সম্মান রক্ষা করো । কোনো ভাবেই কোনো রাজনৈতিক দলের প্রতিনিধিত্ব করা মানুষ ভালো ভাবে নিচ্ছে না ।"
830754829239294_1527498037869093,Love you 🤟🚨
830754829239294_1202544147534921,আমাদের প্রশাসন আমাদের গর্ব ❤️
830754829239294_1008984260973400,pisir mukh ta de re gobet
830754829239294_535374572485258,ধন্যবাদ চটি চাঁটা
830754829239294_3157034614432274,কভার পেজের সঙ্গে আশা করব আপনাদের শুভ বুদ্ধির উন্মেষ হোক..
830754829239294_4278090252417474,এখানেও নীল সাদা।
830754829239294_1154361242291676,"West bengal police ❌চটি চাটা পুলিশ ✅

কেশ দেবেন না plz"
830754829239294_1044675653900180,এত হাসির রিএক্ট পড়ছে কেন?! 🤔
830754829239294_7958166774305786,পি.সি র পুলিশ 🤡
830754829239294_886318403359376,"নিজেরাই নিজেদের পিঠ চাপড়ে বলে যাচ্ছে ঠিকাছে ভাই, ঘুষ নাও, চাপ নেই! আশ্চর্য!
ডাক্তাররা শুধু কোলকাতা পুলিশকে মেরুদন্ড দিয়েছে বলে কষ্ট পাবেন না, আপনারাও ডিজার্ভ করেন, আপনাদেরও দেওয়া হবে খুব শিগগিরই"
830754829239294_1044163073781277,"Police er respect ta Rakhun jate gorvo kore bolte pari Baire I am from westbengal....
Emni Bengal k hasir Patro kore rekheche uni....
Prud for westbengal police......."
830754829239294_1927400831092527,Nice picture
830754829239294_3049166271901143,চটি চাটা
830754829239294_1248516899474290,"CCP

Be positive , no offence."
830754829239294_482762024663290,"Amra Facebook e comment delete kori ,
R bastabe Proman

Baloto amra ke?"
830754829239294_536549392369733,Jai Hind 🙏🏻🇮🇳
830754829239294_357919987288586,"মমতার সোনা চাটা পুলিশ।  বাংলাদেশের মতো মেরে গাছের সাথে ঝুলিয়ে রাখলে,তারপর ঠিক হবে,এর আগে এরা ঠিক হবে না। সালারা মাগীর ছেলে সবাই। মমতারেও চুদী। মমতার পুলিশের মারে ও চুদী।"
830754829239294_7982965141832910,"WB Police ×
চটি-চাটা Police ✓"
830754829239294_850873723798914,নীল রং ছিল ভালো.....এই গানের ছবি?
830754829239294_819226237088207,পশ্চিমবঙ্গ স্বাধীন হোক💚
830754829239294_1726430568175138,Jai hind 🇮🇳
830754829239294_2496586403871031,Good afternoon 🌄
830754829239294_538798598481065,I love my Bengal police 👮‍♀️
830754829239294_1923724924810644,Respect for WBP ❤️ want to join in  West Bengal Cedre..my home cedre💫
830754829239294_874282614167844,"Aisob natok 
Akat may k bichar dite paren na amr gorno kiser"
830754829239294_455437197491543,চটি চাটা
830754829239294_1029267408445613,Aii post gulo dia manusher kach theke sympathy newar chesta hoche.. dekhano hoche j Ara koto kaj kore amdr police dept koto mohan! Dhikkar..
830754829239294_853011943560889,ঐ লোগোর পাশে দুটো হাওয়াই চটি থাকলে আরো ভালো লাগতো
830754829239294_1049305749965469,Kelan dite lge tomdr chodna😑
830754829239294_524075390006470,99.99% পুলিশের জন্য আপনি সব পুলিশকে খারাপ বলতে পারেন না।।
830754829239294_1253588695637996,Sudhu cover photo update korle hobe
830754829239294_1232118507931077,Ha amra jani
830754829239294_480618574812701,"আমরা দিন দিন আপনাদের উপর আস্থা হারিয়ে ফেলেছি,"
830754829239294_2592392420968283,"স্যার, 

পশ্চিমবঙ্গে সব ঠিক-ঠাক চলেছে তো, আগেরই মতন ??"
830754829239294_1573873580234128,"আগে পুলিশ কে শ্রদ্ধা হতো, এখন দেখলে করুনা হয়‼️
বেচারা গুলো বাইরে বাড়িতে সব জায়গায় গালি খাচ্ছে🤣"
830754829239294_2238465699844283,চটি চাটা
830754829239294_1970374286721396,Joy bangla 💚
830754829239294_1195076014878634,West Bengal Police civic volunteer der criminal background check ki korechen?
830754829239294_1751279799016105,west Bengal is part of greater Bangladesh 🇧🇩
830754829239294_1563265634599400,Dhikkar janai tomader
830754829239294_2508297909358051,Jay hind 🇮🇳
830754829239294_894324589542559,"Hai hind ,,🥰"
830754829239294_822486316708392,TMC er dalal
830754829239294_789814103104740,WBP সর্বদা সাধারণ চোর ছেচড় দের পাশে থাকার জন্য ধন্যবাদ 🙏🏽
830754829239294_1031310481833926,Ooo tahole ei sob hochhe.
830754829239294_402804462829554,Police er ay obastar jnno TMC dayee ...
830754829239294_534142608959111,Cover photo te manoniyar pic din
830754829239294_488368430663001,Apodartho police
830754829239294_1707336870018077,Didir choti 🤣🤣
830754829239294_1033580624985623,নীল সাদা পশ্চিমবঙ্গ  ম্যাপ
830754829239294_1079145266959873,Chamcha
830754829239294_1250927505909295,তিলোত্তমার অপরাধীদের খোঁজ খবর বলুন? আসল অপরাধীরা কবে ধরা পড়বে?
830754829239294_535751572244614,𝙹𝚊𝚒 𝚑𝚒𝚗𝚍 🙏🙏
830754829239294_502283895887421,🥿👅👮‍♂️kichhu bojha jachchhe ki!!!😁
830754829239294_3396352324004587,চটি চাটা দলদাস পুলিশ
830754829239294_1018079186487139,💚
830754829239294_7787104784727207,পুলিশ মানেই হাত পেতে টাকা নেওয়া 😃😃
830754829239294_1057106445968121,বিচার চেয়ে আপনাদের মিছিলটা কখন বেরোচ্ছে?
830754829239294_1937578059997396,Where is your war dp🤣🤣🤣🤣🤣
830754829239294_1704697746962289,Good Afternoon 🌚
830754829239294_1687454768685305,"🤣🤣🤣🤣lojja jast lojja, sopno chilo kp, wbp police hobo even exam o diyachi but amer baba ma bolcha police mane oder bari ma bon nai 😐"
830754829239294_893563195964429,নীল সাদা চটি ছাড়তে পারছেন না
830754829239294_534763165777523,Police এরও background নীল সাদা 😑
830754829239294_1293330048316178,ক্রমাগত কিছু ফেস বুক গ্রুপ মিথ্যা পোস্ট করে যাচ্ছে। আজও রামকৃষ্ণ মিশনের নাম দিয়ে পোস্ট প্রকাশিত হয়েছে। কিভাবে আপনাদের এই পোস্ট সম্পর্কে জানাবো?
830754829239294_1716376835830022,"Sandip Halder আরে দাদা ,  পুলিশ নিজেই মিথ্যা পোষ্ট করছে । খবর রাখুন।"
830754829239294_1153462379089326,#PoliceDay🫡
830754829239294_917001630261070,
830754829239294_478128608427783,
830754829239294_862109455847307,
830754829239294_1066585195140205,😡😡😡😡😡
830754829239294_3352762095026687,Mahato Bhai  Kal tor pod_a keu lathi marle tor kon bap_er kache complaint korbi
830754829239294_1975623789605070,
830754829239294_399965052785032,
830754829239294_1722114308535812,https://youtu.be/80koMfLP3ZY?si=78GNcKRclezwjx7s
830754829239294_1066509768203402,
830754829239294_1230117141351165,♥️
830754829239294_1195194165023223,❤️🙏
830754829239294_1537501843861822,❤️❤️❤️
830754829239294_3741120112814141,🚓🚓🚓
830754829239294_1239630923620860,🚨🚨🇮🇳
830754829239294_3414626542170647,💚💚💚
830754829239294_858369702939345,🩴🩴🩴🩴🩴🩴🩴
830754829239294_875034084012908,🤎
830754829239294_822738543362694,❤️❤️❤️
830754829239294_496528183093925,❤️❤️
830754829239294_548906070810881,🙏
830754829239294_1737518833660591,❤
830754829239294_523106620367702,❤️
830754829239294_478364495177080,🙏🏻🫡🙏🏻
830754829239294_1558003508403229,😂😂😂😂
830754829239294_1762683021141568,🙏🏻🙏🏻
830754829239294_1910802692769883,❤️
830754829239294_480203128141129,👄👄👄
830754829239294_1069472698072801,❤️❤️
830754829239294_3885268611721414,❤️❤️
830754829239294_535512559002525,DE BU 😂🤣
830754829239294_527538879768638,DE BU 😅🤣
830754829239294_1194865518468755,🚩🚩
830754829239294_1236336581137613,"পুলিশ মানেই ভরসার জায়গা🤣🤣 ও সাহায্যের হাত🤭,,সাধারণ মানুষের সাথে আরও সুন্দর সম্পর্ক গড়ে তুলতে হবে🤐🤐,,তাহলে অন্যায় কমবে সমাজ ভালো থাকবে,😆😆,
               জয় হিন্দ ।।"
830754829239294_850417437155229,♥️♥️♥️♥️♥️♥️
830754829239294_900988898539261,"Amra Facebook e comment delete kori 
R bastabe proman

Baloto amra ke?"
830754829239294_527971339621628,Era nirlazzya
830754829239294_794264159309638,Bunch of cucks
830754829239294_1157627488648595,"99.9% খারাপ পুলিশের জন্য আপনি
 সব পুলিশকে খারাপ বলতে পারেন না!😶"
830754829239294_3780310465558919,Salute West Bengal Police
830754829239294_308318492342642,Excellent
830754829239294_1212344699892019,Justice for RG Kar...
830754829239294_481056864704686,Justice for RG Kar...
830754829239294_812260647428081,Justice for RG Kar...
830754829239294_422048860364101,Justice for RG Kar...
830754829239294_1675831499645473,Justice for RG Kar...
830754829239294_1663290924455482,Justice for RG Kar...
830754829239294_1032137838561907,Justice for RG Kar...
830754829239294_1595807930968597,Justice for RG Kar...
830754829239294_856273649798332,Justice for RG Kar...
830754829239294_1763621307506378,Justice for RG Kar...
830754829239294_437966808614273,Salute
830754829239294_971736504708431,Great
830754829239294_515392654411554,Justice ⚖️
830754829239294_1496912995037693,We Care We dare… 🧑🏻‍✈️
830754829239294_537333925379024,Yumit Ahsan amra bichar chai
830754829239294_1659177831317221,Solut WBP 😎
830754829239294_1045941723646168,Jay hind
830754829239294_1193623858607862,"J

O

K

E

R"
830754829239294_1723051315193806,"নবান্ন পুলিশ 
আর ওয়েস্ট বেঙ্গল ফুলিশ"
830754829239294_888062383205506,"https://www.financialexpress.com/india-news/kolkata-doctors-rape-murder-police-tried-to-hush-up-case-offered-us-money-claims-victims-father/3602070/ 

Shared by Financial Express  android app. 
Click here to download 
https://financialexpress.page.link/fe_app"
830754829239294_525061986673934,চটির পিক টা দিন না প্লীজ ডিপি তে।
830754829239294_1723709618165179,Worst police force!
830754829239294_527511979814452,চটি চাটা
830754829239294_499724092808411,police k sob kicchu vul a low and order k return ante hobe.sadhoron manus ar jonno nirapokkho kaj korte hobe. kono party na dakhe nijer kaj korte hobe.aj west Bengal a ato problem hocche sudhu mattro police thik thak kaj korche na bolai.wbp❤❤
830754829239294_360040613869291,"It is not our pride, it is our shame."
830754829239294_1046316493811030,পশ্চিমবাংলা জনতার কাছে পুলিশদের অনেকই সুনাম___একমাত্র লেজেন্ডরাই বুঝবে
830754829239294_540029061895788,Police wasted the Bengal
830754829239294_1022711749640477,Oi Facebook ei active asole jaigai na
830754829239294_1037297674290106,কিসের ভিত্তিতে জেলা গুলোর রং আলাদা আলাদা???
830754829239294_889253963048267,"Aaj Junior Daktar ra protiki  "" MERUDONDO "" niye michhil korlo......Kintu Keno?????"
830754829239294_1065782571556441,"সবার কমেন্ট দেখলাম 
বেশিরভাগ profile Tmc Supporter"
830754829239294_1047268663619380,"পশ্চিমবঙ্গ পুলিশ এখন স্কটল্যান্ড ইয়ার্ডের থেকেও এগিয়ে।
মৃতদেহ দেখেই বুঝতে পারে হত্যা না আত্মহত্যা"
830754829239294_1022530482710436,Police r page na IPL page bujhte parchina
830754829239294_1043601294152993,Kichu bolle vivad hoye jabe
830754829239294_882356297115411,হাওয়াই চটির ছবি দেওয়া উচিত ছিল।
830754829239294_1713339369502054,Just an unwanted suggestion: you should try changing colours of your uniform to white 🤍 pant & blue 💙  shirt or vice-versa. You would look good as per your credentials and credibility. It would suit you. Jai Hind Jai Bharat
830754829239294_3578610949096966,😂😂😂😂
830754829239294_530472286116445,পশ্চিম বঙ্গ পুলিশ প্রহসনএ পরিণত হয়েছে।।
830754829239294_507683521903998,We want justice ⚖️
830754829239294_3846680678983063,পিসির দারোয়ান
830754829239294_833509492286463,ওয়াও
830754829239294_1209555623623014,"West Bengal Police সাথে আছি সাথে থাকবো, দয়াকরে রাজনীতি মুক্ত হয়ে কাজ করুন।
সারদা দূর্নীতি থেকে আরজি কর ধর্ষণ ও খুন মামলায় পুলিশের কাজ সঠিক হয়নি।"
830754829239294_1189978195460323,আরে কাকা ধরে ধরে ব্লক মারছেন কেনো 😅
830754829239294_374043335755852,"West Bengal Police❌
বৃহন্নলা✅"
830754829239294_1045477223921333,West Bengal police নাকি নিজেদের মাকেও চু*+ দে...? 😑👄
830754829239294_1202251807779887,এইটা তাও চলবে
830754829239294_819386733681604,"উত্তর প্রদেশ পুলিশ, বিহার পুলিশ , মহারাষ্ট্র পুলিশ , দিল্লি পুলিশ ওর কি মোদির প চাটা পুলিশ ????

সম্মান দিতে শিখুন , এটা ভুলে যাবেন না তারা কিন্তু মানুষ তারা কিন্তু নিজেদের সবটা বিসর্জন দিয়ে ডিউটি করে 🙂🙂

পুজোর সময় যখন সবাই সবার পরিবারের সাথে বেরোয় ঠাকুর দেখতে সেই পুলিশ টা কিন্তু নিজের ঘরের সন্তান পরিবার সব ছেড়ে তার কর্ম করে যায় 👍❤️ 

একটু ভেবে চিন্তে বলুন তারা মানুষ 💚💚"
830754829239294_1532495257358826,WB er licence prapto lutera
830754829239294_1473120830009057,Love ❤️ react থেকে haha 😂 react বেশি
830754829239294_1039957137765271,
830754829239294_1887846301726446,দলদাস পুলিশ
830754829239294_1158903275210243,Police chayle 90% durniti 2 dine bondho korte pare
830754829239294_379774361665882,Just fot RG Kar
830754829239294_1074894407355214,Police naa bengal chor tora boka choda 🥵🥵🥵🥵🥵🥵🥵🥵🥵🥵
830754829239294_1029769395359971,হিজড়া
830754829239294_500213245974964,পশ্চিমবঙ্গ পুলিশ ❌ মমতার পুলিশ✔
830754829239294_1034585351257162,Çãll Më Prådîp true
830754829239294_1680821402675491,Çãll Më Prådîp জেল যাবার ব্যবস্থা করবেন না
830754829239294_359598080540442,Subhadip Mondal তারমানে আপনিও চেটেছেন..🗿
830754829239294_557577333265166,Put this on your cover photo 🫡
830754829239294_3493687550924544,It's waste 🥴🥴
830754829239294_1984867465311670,Background e ki ota.
830754829239294_1229619768360449,কলকাতা পুলিশ এখন ডিউটির চেয়ে বশি ফেসবুকে বেশি পোস্ট করছে
830754829239294_7675964659175241,পরীক্ষা গুলো নেওয়ার ব্যবস্থা করুন 🙏❤️
830754829239294_867970201945586,#stoprapeculture
830754829239294_541480028445319,#JusticeForTilottoma
830754829239294_891462325697271,https://www.facebook.com/share/p/1wA3VY7ch2rtZuJ5/?mibextid=qi2Omg
830754829239294_1215961783077818,"সেদিন রাস্তায় লেখা দেখলাম 
পুলিশ তুমি দুষ্টু লোক তোমার মাথায় উকুন হোক !"
830754829239294_8166883686734356,
830754829239294_856253766474961,Kichu meme post koreli to letter pathiye deben eitai apnader kaj
830754829239294_862839595785348,Police valo bt police er kichu chamch acha Tara kintu khob khrap. Tara Manu k voi dakhai r police er name bodnaam kora.police dar uchit oi chamcha golo k base char na deta
830754829239294_1221124012538193,"Can we expect strict and prompt action against this?

https://www.facebook.com/share/v/gMqzgjWnLhHeZLJb/?mibextid=oFDknk"
830754829239294_887272289931981,যারা হাসছে তাদের কে একদিন পুলিশের কাছে এসেই কাদতে হবে
830754829239294_1042729380830770,"এই মুহূর্তে দাড়িয়ে পুলিশ প্রশাসনকে কোনোভাবেই বিশ্বাস করা যাচ্ছেনা।
শাসক দলের পুলিশ নিজেদের চাকরি বাঁচাতে যতটা নিচে নামতে হয় ঠিক ততটাই নামবে afterall সরকারের চটি চাটা ।।। 🥴"
830754829239294_1183696146222210,Eta pore niben plz
830754829239294_3889076098085582,https://fb.watch/umPAHc9-Sc/?mibextid=rS40aB7S9Ucbxw6v
830754829239294_499676553020337,Asa korbo apnara apnader kaaj ta thick vabe korben. Apnader kajer upor ekhon r vorsa hoina. Ami nije face korechi ei rakom problem je doshi tara apnader taka diye beriye khelo ar fese giyechilam ami. Jaihok apnader to vorsa kora jaina. Asa korbo apnader kaaj ta korben. Thank you..
830754829239294_1054478428874352,Salute to all police.... but one question I have not got answer... CP is a public servant and what is the problem if he goes to speak with junior doctors? Don't forget the person arrested in this crime is a member of your responsible forse... I have asked this question here because Kolkata police is not allowing any comments on their latest post... I know all police persons are not bad.... but you are mishandling this case
830754829239294_1062494648621980,আজ দেখলাম কলকাতা পুলিশের মরে যাওয়া মেরুদন্ডে মাল্যদান।।
830754829239294_1627287111161239,Vorosa nei😡😡😡😡
830754829239294_1177554583497333,"বলছিলাম  আপনাদের স্কটল্যান্ড ইয়ার্ডের এই অবস্থা কেন? 😀😀
https://www.facebook.com/share/p/C8EHE2Armrsns5or/?mibextid=qi2Omg"
830754829239294_441954951506247,স্যার রাজ্য বাসির বিশ্বাস উঠে গাছে পুলিশের ওপর থেকে
830754829239294_379314588379218,"W.B.P. Quality  become poor, 
plz Take Care the Department..."
830754829239294_530280802839026,"ছেলুট ষাড় ❤️ আপনারা আমাদের হৃদয়ে ছিলেন, আছেন,থাকবেন 💝"
830754829239294_526972276393660,Good for nothing
830754829239294_1058134729111931,"It's time all officers from West Bengal police should be known to public, so that unknown can't claim as a police officer, further corruption officer should be enquired."
830754829239294_482576091425218,"Yamah Buhs ভাই পুলিশ না থাকলে তুই একদিন টিকতে পারতি না। মনে রাখিস সরকারি হিসাবে পলিউশনের ফাইন 10000, পুলিশ আছে বলেই আমরা বেঁচে আছি।"
830754829239294_2010768899368704,আর বেশি বেশি করে প্রমাণ লোপাট করুন। আরজিকরের বিচারের আন্দোলন আরও গুরুতর হবে।
830754829239294_1354991899220975,শুধু 99.9% পুলিশ ঘুষখোর বলে আপনি সব পুলিশকে খারাপ বলতে পারেন না।
830754829239294_497126879798688,"ইতিহাসে সবচেয়ে বেশি গোল করা খেলোয়াড়ঃ-

1. 🇵🇹 ক্রিশ্চিয়ানো রোনালদো (885)
2. 🇦🇷 লিওনেল মেসি (833)
3. 🇦🇹 জোসেফ বিকান (৮০৫)

ইতিহাসে সবচেয়ে বেশি সহায়তাকারী খেলোয়াড়: [শুধুমাত্র ওপ্টা অ্যাসিস্ট]

1. 🇦🇷 লিওনেল মেসি (363)
2. 🇭🇺 ফেরেঙ্ক পুস্কাস (৩৫৯)
3. 🇳🇱 জোহান ক্রুইফ (৩৫৮)

ইতিহাসে সবচেয়ে বেশি ড্রিবল সম্পন্ন করা খেলোয়াড়: [অপ্টা কর্তৃক 2006-07 মৌসুম থেকে]

1. 🇦🇷 লিওনেল মেসি (2,358)
2. 🇧🇪 ইডেন হ্যাজার্ড (1,285)
3. 🇨🇵 ফ্রাঙ্ক রিবেরি (1,061)

ইতিহাসে সবচেয়ে বেশি ফ্রান্স ফুটবল ব্যালন ডি'অর জয়ী খেলোয়াড়:

1. 🇦🇷 লিওনেল মেসি (৮)
2. 🇵🇹 ক্রিশ্চিয়ানো রোনালদো (5)
3. 🇳🇱 জোহান ক্রুইফ (3)

ইতিহাসে সবচেয়ে বেশি ফিফা দ্য বেস্ট অ্যাওয়ার্ড পাওয়া খেলোয়াড়:

1. 🇦🇷 লিওনেল মেসি (৮)
2. 🇵🇹 ক্রিশ্চিয়ানো রোনালদো (5)
3. 🇨🇵 জিনেদিন জিদান (3)

ফিফা বিশ্বকাপের ইতিহাসে সবচেয়ে বেশি গোল্ডেন বল পুরস্কার পাওয়া খেলোয়াড়:

1. 🇦🇷 লিওনেল মেসি (2)
2. 🇦🇷 দিয়েগো ম্যারাডোনা (1)
3. 🇩🇪 অলিভার কান (1)

ইতিহাসে সবচেয়ে ইউরোপীয় গোল্ডেন বুটধারী খেলোয়াড়:

1. 🇦🇷 লিওনেল মেসি (6)
2. 🇵🇹 ক্রিশ্চিয়ানো রোনালদো (4)
3. 🇺🇾 লুইস সুয়ারেজ (2)

ইতিহাসে সবচেয়ে বেশি MOTM সহ খেলোয়াড়: [ডোমেস্টিক লিগ + চ্যাম্পিয়ন্স লিগ 2009-10 সিজন থেকে]

1. 🇦🇷 লিওনেল মেসি (318)
2. 🇵🇹 ক্রিশ্চিয়ানো রোনালদো (168)
3. 🇸🇪 জ্লাতান ইব্রাহিমোভিচ (116)

ইতিহাসে সবচেয়ে বেশি IFFHS ওয়ার্ল্ডের সেরা প্লেমেকার অ্যাওয়ার্ড সহ খেলোয়াড়:

1. 🇦🇷 লিওনেল মেসি (5)
2. 🇪🇦 জাভি হার্নান্দেজ (4)
3. 🇧🇪 কেভিন ডি ব্রুইন (3)

ইতিহাসে সবচেয়ে বেশি ইন্টারন্যাশনাল প্লেয়ার অফ দ্য টুর্নামেন্ট পুরষ্কার পাওয়া খেলোয়াড়:

1. 🇦🇷 লিওনেল মেসি (৭)
2. 🇺🇾 জোসে নাসাজি (3)
3. 🇧🇷 পেলে আরন্তেস (2)

ইতিহাসে সবচেয়ে বড় ট্রফি সহ খেলোয়াড়:

1. 🇦🇷 লিওনেল মেসি (44)
2. 🇧🇷 দানি আলভেস (43)
3. 🇪🇦 আন্দ্রেস ইনিয়েস্তা (37)

ইতিহাসে সর্বাধিক স্বতন্ত্র পুরষ্কার সহ খেলোয়াড়:

1. 🇦🇷 লিওনেল মেসি
2. 🇵🇹 ক্রিশ্চিয়ানো রোনালদো
3. 🇧🇷 রোনালদো নাজারিও

মেসির মতো কোনো খেলোয়াড় কি ফুটবল খেলায় আধিপত্য বিস্তার করেছে? 🗿🥵আশা করি রোনালদোর করা গোলের রেকর্ড টা তাড়াতাড়ি ছুয়ে ফেলবে।👑🇦🇷💪⚽️

Leo Messi"
830754829239294_1536218133702686,নবান্নে ঢুকে বসে থাকুন আর কদিন বাদে ইট বৃষ্টি হবে।
830754829239294_713428290956657,Tanmoy Khan কেন তুমি কী তালিবান!!  যদি না হন তাহলে এমন চিন্তা আসে কোথা থেকে?  আপনার যদি প্রশাসন এর কাজ নিয়ে এত সমস্যা তো আপনি হাইকোর্ট সুপ্রিমকোর্ট জান আপনার অভিযোগ নিয়ে। দাঙ্গা বাধাতে চাইছেন কেন?
830754829239294_496661039987411,"Samar Halder পুলিশের কাজ সাংবাদিক বৈঠক করে মিথ্যা বলা?? ছবি পোস্ট করে ভুল রিপোর্ট তৈরি করা যেখানে ওটা এখনকার ছবি নয়ই,,,, !!! 😅😅হাসছে লোকে আপনাদের দেখে।"
830754829239294_875128664018886,"Samar Halder আমার বা আমাদের মত লোকের কাছে কোনো ক্ষমতা নেই, সেইজন্য তুমি বা তোমাদের মত লোক বেঁচে আছে, (ওপরওয়ালা কাছে প্রার্থনা করবো, তোমার মেয়ের সাথেও যেনো জঘন্য করবার টা হয়, আর তুমি সেটা নিজের চোখে দেখবে, আমরা যেভাবে দেখছি)"
830754829239294_861347848925431,"Tanmoy Khan আপনাদের কাছে যখন প্রমান আছে তখন আদালতের দর্জা তো আপনাদের কাছে খোলা আছে, যাচ্ছেন না কেন, সি বি আই তদন্ত তো করছে কিছু সামনে যখন এখনো আসে নি তখন ধৈর্য কেন ধরতে পারছেন না"
830754829239294_1981186659006535,"Raj Raj আমাদের তো সবচে বর অপরাধ আমরা সাধারন পরিবারের ছেলে দুই বেলা অন্ন সংস্থানের জন্য হাজার কিলোমিটার দুরে পরে থেকে পরিবারের মুখে একটু হাসি ফোটানোর জন্য এই চাকরি টা করছি এটাই আমাদের অপরাধ তাই আমাদের নিয়ে যা খুশি বলা সাহস দেখান, যে এখনো পৃথিবীর বুকে ভূমিষ্ঠ হয় নি  এখন থেকেই তার চরম সর্বনাশ কামনা করছেন, আপনারা তো সুসভ্য সুশীল পরিবারের সভ্য মা এর সভ্য সন্তান আপনারা কেন এই সিস্টেমের পরিবর্তন করতে সামনে আসছেন না? কেন সমাজ থেকে পুলিশ তুলে দিচ্ছেন না, আপনারা সবাই সভ্য হয়ে কেন যাচ্ছেন না? তাহলে তো সমাজে পুলিশের মত আবর্জনার প্রয়োজন হয় না তাই না আর তাই যদি না পারেন কমসে কম পুলিশ বিভাগকে নিরপক্ষে স্বাধীনভাবে কাজ করবার ব্যাবস্থা করে দিচ্ছেন না? তারপর দেখুন পুলিশ কী করছে ?  আসলে আপনারা এসব কিছুই করতে পারবেন না শুধু ফেসবুকেই বিপ্লব করতে পারবেন, সামনে পুলিশের ভ্যাকান্সি বের হচ্ছে করুন ফর্ম ফিলাপ 20 লক্ষ ক্যান্ডিডেটের মধ্য থেকে যোগ্য প্রার্থী হয়ে সিলেকশন হয়ে দেখান, পিঠে 20 কেজি ওজন আর হাতে রাইফেল নিয়ে টানা 6 মাস 20 কিমি দৌরান তখন আর ফেসবুকে বিপ্লব না করে নিজে হাতে কাজ করে দেখাবেন কত কী করার ক্ষমতা আপনার আছে?  আমি জানি আপনি পারবেন না কারন আপনি ফেসবুক বিপ্লবী আর বাস্তব জীবনে চরম ব্যর্থ মানুষ। আর যদি তা না হন আসুন ফিল্ডে নিজের যোগ্যতার প্রমাণ দিয়ে যান"
830754829239294_1567161043838958,"Samar Halder আর আমরাও মাঠে কাজ করছি বলে আপনার ছেলে মেয়ে খেতে পাচ্ছে, গরমের দুপুরে আমাদের ও পিঠ পুড়ে যায়, মাঠে বাজ পড়ে কত মজুর মারা যায় সে খবর রাখেন? আপনি মারা গেলে সরকার থেকে গান স্যালুট পান, আপনার বাচ্চা একটা চাকরি পায়, সরকার হাজার টা মেডেল দেয়, আমরা মারা গেলে কি পাই? খবর কাগজে একটা জায়গা?.... আপনি স্যালারি হিসাবে যে টাকা পান সেটাও আমাদের ট্যাক্সের টাকা , আপনার ঘরের টাকা নয় সেটা"
830754829239294_406327145425048,"Raj Raj ভাই আমি অন্তত অন্নটা নিজের জমিতেই চাষ করে খাই কারো কাছে হাত পেতে নয়, আমার গরিবের বারিতে একদিন আসুন নিজের চাষ করা সব্জি জমির চাল দিয়ে একবেলা অন্ন সেবা দেবার ইচ্ছা থাকলো,  আর আপনার যদি মনে হয় একজন জওয়ান এর আত্মবলিদান পর তাকে গান স্যালুট দেওয়া উচিত নয় আপনারা তেমন আইন বানান যদি এতে আপনাদের চিত্তে শুখের উদয় হয় আমরা তাই মেনে নেব। আর আমার কোন পূর্বপুরুষ কোন কালেই সরকারী চাকরি তো দুরের কথা কোন সরকারি প্রকল্পের সুবিধাও পায় নি, নিজের যোগ্যতায় আমার মা বাবার সারা জীবনের আত্মত্যাগের কারনে আমরা 3 ভাই চাকরি অর্জন করেছি কারো দয়ায় নয়, আর একজন জওয়ান আত্মবলিদানের পর তার ছেলে বে মেয়ে কে একটা সুযোগ দেওয়া হয় সেই চাকরি করার সেটাও তাকে নিজের যোগ্যতার প্রমান দিয়েই নিতে হয় কোন সোনার চামচ মুখে পুরে চাকরি টা দেওয়া হয় না, আশা করি বোঝাতে পারলাম।"
830754829239294_1154865885598607,"Raj Raj আর হ্যা দেশের কত শতাংশ লোক ট্যাক্স সরকারকে দেয় সেটা দেশবাসী জেমন জানেন তেমনি আমিও জানি তবে এটা জেনে রাখুন একজন সাধারণ পাবলিক বছরে কোটি টাকা উপার্জন করেও অ
ট্যাক্স ফাঁকি দেবার সুযোগ খুঁজে বা সুযোগ নেন, কিন্তু আমরা কেউ কোন দিন ট্যাক্স ফাঁকি দেই না আমরা এটা মনে করি যে ট্যাক্স দেওয়াটা আমাদের রাষ্ট্রের জাতীয় কর্তব্য তাই বলে আমরা কখনো এটা বলতে যাই না যে আমাদের দেওয়া ট্যাক্সের টাকায় দেশ চলে 🙏"
830754829239294_863788162375899,"Samar Halder আরে গান ডু আমরা সবসময় ট্যাক্স দেই..... তোদের মত না, কম টাকার জন্য ক্যান্টিনে ঘুর ঘুর করিস"
830754829239294_451625047883903,"Raj Raj gandu k  seta tar kotha barta at madhome e bojha jasse, canteen facility available ase jonno e sab defense worker facility nibe it's normal tomar ato fatse keno?? R tumi kto bro horidas seta bojha gse,   buk a dom ase to aso ground a nijeke prove kro 1jon defense soldier hoye dekhaw na hole  fb te e biplob kro  tate karo kono ase jabe na"
830754829239294_1542873106652845,"Samar Halder দেখ, তোরা বর্ডারে ম( র গেলে আমাদের কি? এত টাকা নিচ্ছিস, সুযোগ সুবিধা নিচ্ছিস তো ম®বিনা? চিন যা করছে ঠিক করছে তোদের সাথে.... তোরা ম( র যাওয়ার ই যোগ্য"
830754829239294_1463151937511344,"Samar Halder তুই বl ড়া ফেসবুক করা বন্ধ করে, আগে নিজের কাজ কর..... তোকে জ্ঞান দিতে হবে না, নিজের জ্ঞান নিজের পেছনে ঢুকিয়ে ম®"
830754829239294_491604303736642,Raj Raj এতক্ষণে মা বাবা যে শিক্ষা দিয়েছে সেটা প্রকাশ পেল সাথে চরিত্রও দেখা হবে রাজপথে
830754829239294_1061667631601509,"""West Bengal proman lopat committee"""
830754829239294_498294516280270,ভালো হয়েছে। আরও ভালো করতে হবে🫠
830754829239294_1047712343542575,WBP সর্বদা সাধারণ চোর ছেচড় দের পাশে থাকার জন্য ধন্যবাদ 🙏🏽
830754829239294_1922195764962833,🤣🤣🤣🤣🤣
830754829239294_1174082507131202,আপনাদের কর্মদক্ষতা কে বাহবা জানাই 🙄
830754829239294_1043945200523463,কিছু বললাম না 🙂 আবার বেশি বললে কেস দিয়ে দেবেন 👀
830754829239294_1941681496324321,Msdiàñ Súñay salient 🤫
830754829239294_899359822214377,Sourav Msdian একটাই কথা কলকাতা পুলিশ 👮 স্যালাট🫶🥹
830754829239294_1158285048576373,দয়া করে আপনারা জনগণের সাথে সম্পর্ক স্থাপন করুন কোন রাজনৈতিক দলের সাথে না মানুষ এখনো আপনাদের অনেক বিশ্বাস ও ভালবাসে।
830754829239294_1054542596301766,প্রমান লোপাটে পুলিশের ভূমিকা অনস্বীকার্য।
830754829239294_1016567369949790,Local train a Rpf din please ... Ladies a kal asubidhai porte hoe6ilo sobai ke... 🙏
830754829239294_356167937561778,Choti choti
830754829239294_887790389831839,😂😂
830754829239294_1223924828733963,"মেরুদণ্ড সোজা করে কাজ করতে হবে।
কোনো অন্যায়ের সাথে আপোষ করা যাবে না। আমি পুলিশ রেশন খেয়ে বড় হয়েছি। সত পুলিশ বন্ধুদের জন্য শুভ কামনা রইল। আর যারা ইউনিফর্ম পরে অপকর্ম করেছে তাদের জন্য রইল ধিক্কার।"
830754829239294_514728528178784,"ত্রিশ টি সিসি ক্যামেরার ভিডিও টা যদি একটু প্রকাশ করতেন তাহলে খুব ভালো হতো , মানে আট তারিখ রাতের আর নয় তারিখ সকালের মধ্যে সময়কার,"
830754829239294_1051099596387064,অনেক সময় পুলিশ সঠিক কাজ করতে চাইলেও বিভিন্ন রাজনৈতিক কারণে পুলিশকে সেই কাজ করতে দেওয়া হয় না। বিভিন্ন সময়ে যেসব রাজনৈতিক দল ক্ষমতায় থাকে তারাই নিজেদের স্বার্থে পুলিশকে ব্যবহার করে। সংবিধান  আমাদের সঠিক রাজনৈতিক দলকে বেছে নেওয়ার ক্ষমতা দিয়েছে এবং এটা আমাদের দায়িত্ব সঠিক রাজনৈতিক দলকে বেছে নেওয়া। পুলিশকে আক্রমণ করে কিংবা পুলিশকে ঘৃণা করে কোনদিন এই অপরাধ দমন হবে না।
830754829239294_8546719065346886,Jara salute janachche tader moddhe ekta common byapar achhe….ki bolun to ??😼
830754829239294_497982159637613,আপনারা এত পড়াশোনা করে পরিশ্রম করে নিজেদের যোগ্যতায় চাকরি পান তার পরও কেনো নিজেদের ঈমান মানসন্মান বিসর্জন দিয়ে ছ্যাচড়া নেতাদের ইসরায় চলতে হয়। শুধু কি কিছু টাকার জন্য না কি আরো অন্য কারণ আছে।
830754829239294_512234128060128,সরকারের চাকর নয় আপনারা। সাধারণ মানুষের টাকায় আপনাদের রুজিরুটি। নেতাদের দাসত্ব ছেড়ে সাধারণ মানুষের হয়ে কাজ করুন। সাধারণ মানুষ আপনাদের বিপদে পথে নামবে। নেতাদের থেকে বেশি সন্মান পাবেন।
830754829239294_486877950889095,I want see name of BENGAL
830754829239294_491930576799260,নীল সাদা কেনো?
830754829239294_1582084965738882,এর মানে কী
830754829239294_1470880423605508,সরকারের দাসত্ব ছেড়ে মানুষের জন্য কাজ করুন। মানুষের ভালোবাসা সম্মান পাবেন। 😊
830754829239294_385767414561561,Ahamad Imran  সরকার বেতন দেয়।
830754829239294_506951435313961,Wahidur Rahaman টাকাটা তো আপামর জনসাধারণের 🥲
830754829239294_870504877955440,"Ahamad Imran  এটা বোধহয় সুম্পূর্ণ সঠিক নয়, যদি জনগণের টাকায় হতো, তাহলে জনগণ অন্যায়ের প্রতিবাদ করেনা কেন ❓"
830754829239294_1035573517779468,पुलिस भैया काम भी करना होता है
830754829239294_823734466413675,"হিন্দুস্থানী পুলিশ ❌
ফিরাদ হাকিমের বাহিনী 😍"
830754829239294_1277689116733787,Biswas nei sadharon manuser police er opor! Police sadharon manuser jonne noy! Durboler manus k kivabe voy paoyate hoy seta police jane
830754829239294_1857265234758400,Bhawani bhavan 2.5 yr age phone Churir Report korechilam Kaku ajo sokher pH ta paini....🥹amar X er sathe koto memory chilo... please kaku phone ta khuje din🥲
830754829239294_1031094221563150,মামাদের বাজার ভালো যাচ্ছে না আজ-কাল
830754829239294_1488243468491841,
830754829239294_1022899985972841,Sob thik ache dekhben kichu ghuskhor police ar jonno sob police ar name kharap hocche
830754829239294_1674633100002136,তার পর  বলুন - আপনাদের সংবিধান অনুযায়ী ফেক্ পোষ্টের জন্য কি শাস্তি চলছে ?
830754829239294_501552319162679,চটি চাটা
830754829239294_422479506988295,ভারতবর্ষের সবচেয়ে মেরুদন্ড বিসর্জন করা পুলিশ।
830754829239294_1166923424426039,Priyanka Banerjee সব পুলিশ সমান নয়
830754829239294_1020270383442035,Anirban Mitra অবশ্যই সব পুলিশ সমান নয়।
830754829239294_416965544264356,Justice for RGkor🙏
830754829239294_1196247301712929,"Most corrupted , most rudely behaved team"
830754829239294_503519725732633,Oooof joghgonno
830754829239294_8114655315321547,Nobbano police👮
830754829239294_895907075720130,#We_want_justice #justiceforRGKar 💔🇮🇳
830754829239294_527514889816910,Justice for rgkor🙏
830754829239294_1025770295719660,পুলিশ সরকারের না হয়ে মানুষের হোক। এই অনুরোধ জানাই।
830754829239294_496750336550450,"যত দিন যাচ্ছে সাধারণ মানুষের কাছে আপনাদের সম্মানটা তলানিতে চলে যাচ্ছে .... এর দায় একমাত্র আপনারাই.
 আপনারা যে চাকরিটা পেয়েছেন আপনাদের যোগ্যতাতে.
 কোন পলিটিকাল লিডারের হাত ধরে না.
 তাহলে কেন পলিটিকাল লিডারদের অঙ্গুলি হিলনে কাজ করছেন।
 তাই এখনো সময় আছে নিরপেক্ষ কাজ করুন।
 তোলা বাজিগুলো একমাত্র আপনারাই মনে করলে বন্ধ করতে পারেন। 🙏"
830754829239294_3202343033229394,Facebook করেও salary পাওয়া যায়।😁😁😁😁
830754829239294_862814075451329,#justiceforRGKar
830754829239294_1608592879690216,#justiceforRGKar
830754829239294_1041707803995606,We want justice 😡
830754829239294_1032482815074247,Nilkanta Ghara Court Aur CBI Se Khaye.....
830754829239294_1709211503231101,Ki korte hobe ekhon???
830754829239294_1670720463686045,Subhankar Halder ফাইন দাও
