COMMENT_ID,COMMENT
792955896352521_3899250646972052,"We are available on YouTube too. Please visit-
www.youtube.com/@westbengalpoliceofficial"
792955896352521_3801839496714091,Jai Hind sir ।।।Proud Of You
792955896352521_1146700316612347,Well done sir 🙏🙏🙏
792955896352521_1544823566390789,Amar bhai er swasur er 80 hazar taka churi koreche ei type er lok ra. Eder shasti hoya uchit. Sob google er hotel er number gulo fake.
792955896352521_475987671645073,Amar poisa ferot pelam na :(
792955896352521_1603247110534695,জয়হিন্দ
792955896352521_854913563338029,"আপনারা আছেন বলে পশ্চিমবঙ্গ । আজকের এত ভালো আছে 
 মন থেকে স্যালু জানাই"
792955896352521_459016793500964,Great job 🫡
792955896352521_385158277914477,"I registered a similar complaint in Barasat PS in last December. But unfortunately, it was not addressed even after providing all documents. No updates given. I would once again request the police authorities to take note of such cases."
792955896352521_822921023136960,Online case e ro beshi kore sasti howa uchit ... na hole era loker property loot kore garib k ses kore debe.
792955896352521_374411701943751,Very good job WB Police
792955896352521_1549952452621725,"Excellence ;:
Thank you officer."
792955896352521_1145281796766482,Great job 👏 👍
792955896352521_2075948499472649,Great job 👏
792955896352521_1535189547092679,Great job
792955896352521_430041236682447,Done good job
792955896352521_1009982630742443,Well done Bidhannagar Police.Keep it up.
792955896352521_790561589806461,"Well done Sir👍🏻 
Salute 🫡"
792955896352521_1021664986193274,Good work sir 👷
792955896352521_2106027269790953,Good job sir
792955896352521_1192823015228331,মানুষ দিশাহারা। কাকে বিশ্বাস করবো? আপনাদের সহযোগিতার জন্য অনেক শুভকামনা রইল 🙏🙏
792955896352521_815648947199311,Great job.
792955896352521_1399262970737671,"Salute sir , 💐💐"
792955896352521_3734793880112848,"Very good achievement, Salute Kolkata Police."
792955896352521_1873604403142012,Good job 👍
792955896352521_953496646554816,Great job
792955896352521_388339361019825,So proud of you
792955896352521_4575269592698353,Doing a good job.
792955896352521_792604852995177,Welcome . West Bengal police station
792955896352521_932533842218553,Good job sir
792955896352521_1161177231882096,Good job Sir 🙏🙏🙏
792955896352521_376613835033155,Hats off 👏
792955896352521_7820871901339148,Salute Sir
792955896352521_1525855701621384,পুলিশ যদি মনে করে অপরাধীকে ধরব আর সঠিক বিচার করে   সাজা দিতে পারে শুধুমাত্র পুলিশ পারে ভারতের যে কোন রাজ্য মেধাবি পুলিশ অসাধারন কাজ করেছে পশ্চিমবঙ্গ রে পুলিশকে আর এই কেসের অফিসারকে শুভেচ্ছা অভিন্দন সেলুট
792955896352521_492745049823373,দারুন কাজ বেঙ্গল পুলিশ👏
792955896352521_1163684314921041,Good job 👍👍
792955896352521_1201449144383212,Good job
792955896352521_323006400881125,We Love ❤️ WBP
792955896352521_979661200327278,Salute Atanu Sir...👍
792955896352521_827270116000479,Great job
792955896352521_459131837070798,Proud of you sir....
792955896352521_1006556157781863,Salute. WB police
792955896352521_1667653183991252,"Online a Cyber crime er report koreo...ami amaar 60,000/- online fraud er taka back pelaam na!! Phonepay scam 😒...please take necessary action against those culprit (scammer)."
792955896352521_999012564805557,Great Job....👏👏👏💐💐💐
792955896352521_1408327679877793,Proud of you sir
792955896352521_1854714018329306,10 years is way too harsh
792955896352521_797399329187104,Congratulations
792955896352521_826396556135230,Nice job.Keep it up 👍👍
792955896352521_496031279606700,"After a similar incident we registered a complaint immediately in Puri sea beach CC dept , even that has no update. Please help West Bengal Police ."
792955896352521_333593713121011,Good job..
792955896352521_8171171842893955,যদি আমার প্রব্লেম টাও কেউ একটু কেয়ারফুলই হ্যান্ডেল করতো...!
792955896352521_870441684904830,Puri hotel booking a besi hocche.
792955896352521_1418815692159251,অভিনন্দন
792955896352521_1114062689688836,Crime never pays.
792955896352521_1026023178939857,অতনু স্যারকে অনেক অনেক ধন্যবাদ আজকাল ফ্রড প্রচুর পরিমাণে হচ্ছে কলকাতা এভাবে জনগণের পাশে থাকার জন্য অসংখ্য ধন্যবাদ এবং জনগণকে সতর্ক করার জন্য তাদেরকে ধন্যবাদ
792955896352521_1012229536920963,উপযুক্ত শাস্তি
792955896352521_837925361553102,"amader o fraud tau ektu dekben sir , onek boro amount involved ache"
792955896352521_301131586326951,𝙹𝚊𝚒 𝚑𝚒𝚗𝚍
792955896352521_419494504385986,স্যালুট West Bengal Police 🙏✌️
792955896352521_327750583735696,"Excellent: officer. 
Good job"
792955896352521_1695542767650498,Great work 🙏 Jay hind 🙏
792955896352521_2131480543918722,Good work
792955896352521_276218108913614,
792955896352521_1677574186331115,🙏🙏🙏
792955896352521_1192963578521582,
792955896352521_1501948080424503,
792955896352521_380769908352174,👍
792955896352521_7817793784940780,💗
792955896352521_461352473203609,Great Job...#westbengalpolice
792955896352521_1537112693897814,Welcome
792955896352521_450555821099976,Welldone
792955896352521_373375972059780,Greet job
792955896352521_7979353368785593,Good job
792955896352521_1005223211322012,good job
792955896352521_234645133076699,Great
792955896352521_1028524775361124,Thank you.
792955896352521_846003797383574,WB🅿️
792955896352521_492235836655756,Kanoon ke haath bohat lambi Hoti hai. Lekin  wardi Wale ka haath Sahi Disha pe uthega tab
792955896352521_1108795990184510,"রাজস্থান 
ইউপি
বিহার
ঝাড়খণ্ড - এইসব জায়গা থেকে কুখ্যাত সব অপরাধী বাংলায় এসে নিত্যনতুন ঝামেলা দাঙ্গা পাকাচ্ছে, খুব ভালো করেছেন ওদেরকে ধরেছেন। বাংলার প্রত্যেকদিনের কোনো না কোনো অপ্রীতিকর ঘটনার পিছনেও এইসব গ্যাংয়ের হাত আছে মনে হয়।"
