,Unnamed: 0,POST_ID,CAPTION,REACTION_COUNT,COMMENT_COUNT
0,0,692583847600758_792955896352521,"ভুয়ো হোটেলের ফাঁদ, শাস্তি কারাবাস

অনলাইনে পুরীর হোটেল 'বুক' করতে গিয়ে প্রতারণার শিকার হয়েছেন অনেকেই। এই মামলাতেও তার ব্যতিক্রম হয়নি। ভুয়ো ওয়েবসাইটের ফাঁদে পড়ে ২০ হাজার টাকা খুইয়ে বসেন লেকটাউনের এক বাসিন্দা। ব্যতিক্রম হল, এক্ষেত্রে প্রতারকরা শুধু ধরাই পড়েনি, তাদের শাস্তিও হয়েছে। 

বিধাননগর সাইবার থানায় দায়ের হওয়া অভিযোগের ভিত্তিতে ২০২২ সালের ৮ অক্টোবর মামলায় তদন্ত শুরু করেন সাব-ইন্সপেক্টর অতনু খামারু, যাঁর অক্লান্ত পরিশ্রম এবং নিখুঁত তদন্তের দৌলতে কিছুদিনের মধ্যেই গ্রেফতার হয় রাজস্থানের ভরতপুরের বাসিন্দা প্রেমচাঁদ ওরফে দীপু, এবং হুগলির খানাকুল থানা এলাকার বাসিন্দা স্বর্ণদীপ রায়। জমা পড়ে নিশ্ছিদ্র চার্জশিট।

বিচারপ্রক্রিয়া শেষ হয়েছে সম্প্রতি। দুই অভিযুক্তের ১০ বছর করে কারাবাস এবং মাথাপিছু ৫০ হাজার টাকার জরিমানার সাজা শুনিয়েছেন আদালত। এই প্রথম আদালতে দোষী সাব্যস্ত হল রাজস্থানের কুখ্যাত  'ভরতপুর গ্যাং'-এর কোনও সদস্য।",1186,79
