COMMENT_ID,COMMENT
834783712169739_373359685823064,"অসংখ্য ধন্যবাদ সমস্ত পুলিশ প্রশাসন এবং স্থানীয় নাগরিকবৃন্দকে। 
আপনাদের এই প্রতিশ্রুতি বাস্তবায়িত হলে মানুষের মনে শ্রদ্ধা আরও বেড়ে যাবে। 
ভালো থাকুন সবাই 🙏"
834783712169739_1049771430033513,Well done wbp
834783712169739_491957263621394,Very good job WB police
834783712169739_883075963745940,"মুখ টা কেন ঢাকা থাকে,"
834783712169739_1598589830723168,"মহাঃ ইয়াকুব সেখ as per law, jotokhon na guilty proved hobe totokhon mukh dekhate parbena"
834783712169739_506968368623425,এটাই পশ্চিমবঙ্গ পুলিশ.. দ্রুত বিচার ব্যবস্থার মাধ্যমে... সর্বোচ্চ শাস্তি দাবি জানাই...
834783712169739_1440077776680893,Good job 👏
834783712169739_8057406571010608,Great work sir
834783712169739_878371204217327,Good job
834783712169739_1680652266068324,Great Job Sir.
834783712169739_501186502697110,Good work done by Purba Bardhaman District police ❤️🙏
834783712169739_1280131080064717,Good job👍🏻
834783712169739_1291864608465505,Good job
834783712169739_1803833746816403,Great job..
834783712169739_1040287447535964,Good job
834783712169739_523484880279466,স্যার ভীষণ ভালো কাজ করছেন। ভালো কাজে যথেষ্ট প্রশংসা অবশ্যই আপনাদের প্রাপ্য। তবে অপরাধীর মুখটা আর আড়াল করবেন না। আমাদেরও দেখতে দিন অপরাধীদের দেখতে ঠিক কেমন হয়?
834783712169739_502475169168184,Raja Mou Debnath innocent until proven guilty... Court er rai asa obdhi mukh dekhano jabena..law nei
834783712169739_2201086406944224,great job ... sabash..
834783712169739_401511829306639,Great work...
834783712169739_1081765143509628,Great work. 🫡🫡🫡
834783712169739_489668303956537,"কত দিন পর্যন্ত চলবে এখন এই মামলা টি, কোর্টে তো তারিখ পে তারিখ দিবে,
সোজা এনকাউন্টার করে দিলে তো হয়ে যায় 
আজকে এ ছাড়া পাবে,কালকে আর একজন বেরোবে"
834783712169739_1090547169269382,Good job sir
834783712169739_1685228735542621,Good job.
834783712169739_7895461107229676,স্যালুট পশ্চিমবঙ্গ পুলিশ 🫡🫡🫡
834783712169739_1550987829128179,Good job sir 🙏
834783712169739_1055778582930067,Good job
834783712169739_3584841751764503,Good job
834783712169739_9046135805400893,Good job
834783712169739_876266047285333,Good job sir 🫡🫡🫡
834783712169739_1568655480676469,Good job
834783712169739_546104868082756,সাধুবাদ জানাই 🙏
834783712169739_541812621853838,well done
834783712169739_548128601112780,Good job
834783712169739_1969401306909707,Awesome ❤️
834783712169739_381074801549920,Good job
834783712169739_840794074922435,Good job
834783712169739_1899301437245967,Good job ❤️❤️ যেনো ফাঁসি হয় স্যার।
834783712169739_469057719451869,Salute sir ❤️🥺
834783712169739_902557841893815,"Very nice keep it up,"
834783712169739_1312927959671883,"Good work done by WEST BENGAL POLICE.
PLEASE ENSURE THAT THE CRIMINAL MUST BE PUNISHED."
834783712169739_1721930031970107,Good job
834783712169739_1004500194765094,Good job
834783712169739_869811134678532,Good job
834783712169739_1269762940678519,Good job sir 👏
834783712169739_1221572329045065,Good job
834783712169739_3875904396068237,❤️❤️❤️❤️ eti to chi... 🙏🙏🙏
834783712169739_1031801934900479,"Good job sir..
অসংখ্য ধন্যবাদ জানাই সমগ্র পূর্ব বর্ধমান জেলা পুলিশ টিমকে।।"
834783712169739_510109065307506,Darun👏
834783712169739_1554439842137108,Salute to you. Jay Hind
834783712169739_538503998749299,Erokom pusu der fasi chai
834783712169739_504054578905293,Fashi din🙏
834783712169739_407988002322114,শুভেচ্ছা অভিন্দন আর অনেক অনেক সেলুট ধন্যবাদ পশ্চিমবঙ্গ পুলিশকে
834783712169739_836864305258868,ফাঁসি চাই আর নাহলে ফাইন সমেত আজীবন কারাদন্ড কোনো ভাবেই যেনো ছাড়া না পাই ... ছোটো মেয়েরা দেবীর সমান ...দেবী এর সাথে এমন ঘটনায় যদি অভিযুক্ত কম সাজা পাই তবে সেইটা মানব জাতির কলঙ্ক
834783712169739_497791339671931,Thanks Kolkata police 💕
834783712169739_1039544714277905,শুধু arest করলে হবেনা ফাঁসি দিতে হবে তবেই সমাজে এই অন্যায় বন্ধ হবে
834783712169739_868694748532877,Great job..
834783712169739_1616515588931022,পুলিশ মনে করলে সব পারে
834783712169739_3632202457040878,দারুন একটি পদক্ষেপ ।
834783712169739_910092047614215,"মুখ কেন ঢেকে দেন, নরপশু গুলির ফটো সবাইকে দেখান, চিনে রাখুক"
834783712169739_8316985988370955,"এর পরের পোস্টে অভিযুক্তদের ছবির মুখ পুরো বোঝা যাচ্ছে,এখানে কেন ব্লার করা??? West Bengal Police রিপ্লাই দেবেন। এটাকেও দেখতে চাই আমরা।"
834783712169739_492938647032794,অপরাধীর মুখশ্রী দিতে অসুবিধা কিসের??
834783712169739_783752923732995,Abdul Alim এটা দেখানোর নিয়ম নেই
834783712169739_534999628916769,Tq kp
834783712169739_1303488400816036,"সরাসরি ফাঁসি দেওয়া হোক 
এদের জন্য কোনো মায়া দয়া নেই 
ধর্ষককে পশুর সাথে তুলনা করলেও কম হবে।"
834783712169739_875345147436252,Please share everyone
834783712169739_1043878817132381,ফাঁসি চাই ✊
834783712169739_827296289568053,"Great job 👏🏻... ঐ নরপশুর, কঠিন থাকে কঠিনতম শাস্তি দেয়া হোক, তানাহলে এই সমাজ ভেঙে পরবে। এতো কঠিন শাস্তি হবা উচিত, যে কোন মানুষ শুনলে বা ভাবলে কেঁপে উঠবে... Plz আপনারা সেই ভাবেই Evidence দিন sir 🙏🏻... যত শক্তি আছে লাগিয়ে দিন স্যার🙏🏻🙏🏻🙏🏻"
834783712169739_1438385730141994,
834783712169739_1053019323121664,
834783712169739_1067504011593969,🙏
834783712169739_2843071549173283,❤️
834783712169739_2897629680388405,🙏
834783712169739_498706229455858,🙏🙏
834783712169739_366398486409051,এই সব অপরাধী করোনা ভাইরাস এদের 21দিনে ফাঁসি দেওয়া হোক
834783712169739_1919890318477021,"4 বছর শিশু , কী অবস্থা ! 
এই জানোয়ারটিকে যেন ফাঁসি দেওয়া হয় । 🙏"
834783712169739_491982667014498,Jei dhormer manus hokna keno dhorsoner sasti fasi chai
834783712169739_1424941324852673,Great job🙏
834783712169739_1052064572517989,Faasi diye deoa hok.
834783712169739_1049564266877772,এক মাত্র বিচার ফাঁসি।
834783712169739_888899813102151,Good
834783712169739_1172252187190255,GOOD WORK
834783712169739_438825749185459,Selute sir
834783712169739_885548773459354,Good job
834783712169739_422342157629336,Salute 🫡🫡🫡
834783712169739_7958556447606972,"ভাগ্যিস, নাবালিকা কে পুড়িয়ে সৎকার করে ফেলেন নি । আপনারা তো আবার সৎকার করতে পারদর্শী । একটা phonecall আর টাকার বান্ডিল আসলেই সৎকার complete করেন ? না কি অন্যান্য করণীয় আরও কিছু থাকে ?"
834783712169739_1161970078207746,ল্যাদারু দা
834783712169739_983398570137691,Justice For RG Kar
834783712169739_3808236952768069,We Want Justice
834783712169739_495655366645298,"স্যার,
-যে ঘটনাটা আজ এক মাস হয়ে গেলো, সেটা??"
834783712169739_491482890457571,"দয়া করে একটু ভালো কাজ করবেন, এখন মানুষের পুলিশের প্রতি বিশ্বাসের থেকে অবিশ্বাস, ঘৃণা বেশি করে। Overalls great job, keep it up 👍"
834783712169739_1262132201620241,"Great job..... police sob somoy manusher bondhu, criminal der noi......"
834783712169739_1209342630088887,https://www.facebook.com/angilena.chopra/videos/1295997541283449/?mibextid=rS40aB7S9Ucbxw6v
834783712169739_516826714267604,"খুব ভালো কাজ। 

কিন্তু এখন যে নৈহাটিতে পুলিশএর সামনেই শাসক দলের গুন্ডারা সাধারণ লোকদের মারলো, সেটা কি? শাসক দলের লোক দেখলেই পুলিশ এর মেরুদণ্ড হারিয়ে যায় নাকি ?"
834783712169739_8408561295830650,"পুলিশের কি ক্ষমতা থাকতে পারে সেটা প্রত্যেক জনসাধারণের কিছুটা অবগত। অনেক ধন্যবাদ 

আগে কি হয়েছে! এবার থেকে করব ! এগুলো থেকে দূরে থেকে পুলিশের কাজ সঠিক এবং নিষ্ঠার সাথে করুক । দোষী দের রাজনৈতিক রং কখনো কাম্য নয় সেটাকে পুলিশদের দায়িত্ব সুনিশ্চিত করা । 

আশাকরি আগামী দিনে পুলিশ বাবু মেরুদন্ড সোজা করে নিজের কাজকে নিষ্ঠার সাথে করবেন ।

Kolkata Police West Bengal Police 🙏 আপনারা চাইলে সমাজের সুশাসন ফিরিয়ে নিয়ে আসতে পারবেন । সর্বপরি কাজের জায়গাটাকে ব্যাক্তিগত করে নেবেন না । 🙏👏"
834783712169739_2836215559870022,"Purba Bardhaman police 
Is ready to provide service for justice 24 hrs"
834783712169739_973176811164252,Sailendra Upadhyay পুলিশ জাস্টিস দেওয়ার কে? জাস্টিস দেয় জুডিশিয়ারি। তা না হলে arrest করে কোর্টে পাঠানো হয় কেন? থানার দারোগাই তো ইচ্ছেমতো জেল ফাঁসি দিতে পারতেন।
834783712169739_1040503267604343,"এইসবতথাকথিত অভিযুক্ত রা চটি পিসির ঘনিষ্ঠ নয় বলেই পুলিশ স্বাচ্ছন্দ্যে কাজ করতে পারছে !! 

নইলে এত তৎপরতা পিসি ঘনিষ্ঠের বেলায় থাকে না কেন??! 

তখন অভিযুক্ত ঘুরে বেড়ায়!!  সিবিআই আসলে গ্রেপ্তার হন!!"
834783712169739_548395881124725,হাসবো না কাঁদবো কিছুই বুঝে উঠতে পারিনা আপনাদের এসব পোস্ট দেখে এত কিছু করে ধর্ষককে ধরছেন তাহলে তিলোত্তমার জন্য কেন আপনাদের কোন চেষ্টা নেই প্রচেষ্টা নেই কেন বলুন তো কেন কেন কেন কেন কেন
834783712169739_545744061353488,"West Bengal Police Slaute Many Thanks 🙏 স্যার..... আপনাদের এই একশন কিছুটা হলেও যারা নির্যাতিতার বিচার চাইতে পথে বসে আছেন, তাদের ক্ষতে প্রলাপ দেবে কারণ তাদের Paid Media ক্রমাগত মিথ্যা কথা বলে ভরকিয়ে যাচ্ছে।"
834783712169739_1558818891385303,"স্যালুট।
প্রতিটা কেস এইভাবে solve করুন। এ তো গরিব অপরাধী। কিন্তু সন্দীপ ঘোষদের মত ডাকসাইটে দের ধরতে হবে চাপের মুখে নতিস্বীকার না করে"
834783712169739_533800349175706,Kaliyaganj er ghotona ta koto dur egolo investigation
834783712169739_1201232681191112,"আর জি কর কান্ডে যদি এইরকম তদন্ত করতেন,,, তবে আজ এই পরিস্থিতির সৃষ্টি হতো না,,, সিবিআইকেও আসরে নামতে হতো না।।।। 
যাইহোক আর জি কর কান্ড কিন্তু সম্পুর্ন আলাদা।।।। একদিকে স্বাস্থ্য দপ্তর, স্বরাষ্ট্র দপ্তর, উচ্চ পদস্থ পুলিশ কর্তাসহ সকল পুলিশকর্মী আর অন্যদিকে নির্যাতিতার সাথে সাধারণ মানুষ।।।"
834783712169739_1715886719155306,Ata ki dhorshoker desh naki re baba 4 dike khali dhorshon ar Nirjaton
834783712169739_1553225172221448,Or .... Kete neya dorkar ara ki manus bole mone hy adeo ?
