COMMENT_ID,COMMENT
834480695533374_1499682843989264,"Well done sir ❤️🙌
জয় বাংলা"
834480695533374_536849432334241,"প্রত্যেকটা পুলিশ অফিসার যেন এমন হয়। 
অভিনন্দন ও শুভকামনা রইলো 🙏"
834480695533374_1567195090866280,খুব ভালো কাজ করেছেন... কিন্তু সময় লাগলো 3 বছর... 😔😔
834480695533374_1626994004819122,"Matro 25 bochor er karabash! Nd meyetar man sonman er ki hbe! Future e erm hbe tar kono guarantee! Eder 20bochor,25bochor er jnno karabash e esb theme jabe na.. je ba jara jara esb kore tader emn sasti dite hbe jeta dekhe future e keo esb kaj korar sahosh na pai!"
834480695533374_1238089857618017,Well done job sir 👏 & great thanks to West Bengal Police ♥️🫡
834480695533374_1691620901601107,2021 এর ঘটনা বিচার হল 2024 এ ! আইনী প্রক্রিয়া সম্পন্ন হতে এত সময় লাগলে হবে !?
834480695533374_493741990118076,Digantar MurmuEi karonei to Aparajita bill anche.
834480695533374_717263080561689,"খুবই সুন্দর একটি নিদর্শন 
বাকিদের ও এরকম ভাবেই এগিয়ে আসা উচিত।
ধন্যবাদ আপনাদের কে"
834480695533374_1474402436577939,🙏🌟🌟🥇🥇🇮🇳🇮🇳RESPECTED SIR 🇮🇳🇮🇳🌟🌟🥇WEST BENGAL POLICE EXCELLENT WORK SIR 🇮🇳🇮🇳🌟🥇🥇JAI HIND BEST WISHES GURU JI GOD BLESS SIR🇮🇳🇮🇳🌟🌟🥇🥇🙏
834480695533374_1195177575022487,ধন্যবাদ স্যার well done কোচবিহার পুলিশ
834480695533374_1218925489230066,প্রতিটি অপরাধের ক্ষেত্রে এই রকম সুবিচার হলে পুলিশের প্রতি বাংলার সাধারণ জনগণের আস্থা ফিরবে।
834480695533374_8346741748726190,স্যালুট স্যার
834480695533374_840560254847272,"বাহ খুব ভালো লাগলো, বিচার ব্যবস্থার প্রতি মানুষ ধীরে ধীরে আস্থা ফিরে পাবে ,"
834480695533374_487974420664551,Great job done sir. Thanks 🙏🙏
834480695533374_4076501052586733,Great job sir
834480695533374_924540903025134,Great job
834480695533374_1733934340767782,Good work police man
834480695533374_433330269861334,Good job sir
834480695533374_1432399097433794,"প্রনাম নেবেন মহাশয়, আপনারা অসম্ভবকে সম্ভব করেছেন।"
834480695533374_963438892463350,Great job sir🤩
834480695533374_538195998774378,ধন্যবাদ ঐ ছাত্রীকে। সে তার সাহসিকতার প্রমাণ দেখিয়েছে। যথারীতি ব্যবস্থা নেওয়ার জন্য প্রশাসনকেও ধন্যবাদ।
834480695533374_1037653907530037,Great job sir
834480695533374_1304543230516946,Good job sir
834480695533374_8066213290133504,Good job sir 💐
834480695533374_1888494218300965,Good work sir
834480695533374_1521604558749780,Good job sir thanks 🙏
834480695533374_536891425445384,"তাদেরকে যেন জেলে সবচেয়ে জঘন্য খাবার ও সবচেয়ে খারাপ আচরণ করা হয়, 
  ধন্যবাদ পুলিশ কে💞"
834480695533374_1423927564917118,Mintu Islam এইভাবে জনগণের দেওয়া সরকারি টাকা খরচ করে জেলে পুষে রাখার কোনো মানেই হয় না....এদের কে প্রকাশ্যে ফাঁসি দেওয়া দরকার যাতে জনসাধারণের মধ্যে যেন ছড়াতে পারে যে ভয়ংকর পাপের ভয়ংকর শাস্তি....
834480695533374_1165685967845435,"Sk Moshihur Rahaman সহমত, এটাই দরকার"
834480695533374_1022587889599356,Performance of West Bengal police is better than Kolkata Police 👍👍. Well Done 👍👍 Salute 🫡
834480695533374_1028662965214177,Great job 👏 👍🏽
834480695533374_872336404962127,গ্ৰেট জব স্যার। 👍👍🙏.
834480695533374_1206312660410818,Good job sir
834480695533374_1425767985479201,Congratulations🎉
834480695533374_1668020297353335,"Congratulations sir,  god bless you always 🙏"
834480695533374_1029307918858190,Good job sir
834480695533374_1595033521078972,Good job sir
834480695533374_425437796725738,ধন্যবাদ স্যার
834480695533374_391444270724670,পশ্চিমবঙ্গ পুলিশের ভাবমূর্তি ও সন্মান ধরে রাখার জন্য দায়িত্বপ্রাপ্ত অফিসারদের অসংখ্য ধন্যবাদ জানাই।।জয় বাংলা....❤
834480695533374_1267638647940846,Good job
834480695533374_902378471719937,Good job
834480695533374_1212245479978749,স্যালুট স্যার
834480695533374_1461082037874128,Great job sir ❤️
834480695533374_1566399017565343,Good job
834480695533374_908194854701851,Good job
834480695533374_2430307470500033,Great job
834480695533374_338955375874602,ধন্যবাদ
834480695533374_423087190806766,স্যালুট স্যার 💝
834480695533374_820622529909609,Great job police
834480695533374_27491474773785519,Well done coochbehar police
834480695533374_1180093709714049,Good work
834480695533374_531786122637414,অসংখ্য ধন্যবাদ মহামান্য আদালত এবং তদন্তকারী পুলিশ অফিসারকে 💐💐💐
834480695533374_527786649784935,ধন্যবাদ Sir ❤️
834480695533374_821655043375725,"Great job, salute 🫡"
834480695533374_1165838204501712,উত্তম শাস্তি।
834480695533374_7842771015832565,Mijanur Rahaman ফাঁসি দেওয়া দরকারে ছিলো। ২-৪ টে ঝোলালে এই নোংরা ভাবাপন্ন অমানুষ গুলো মেয়ে দিকে খারাপ নজরে তাকাতে গেলেও দুবার ভাববে
834480695533374_981195497143825,"Su Dip Too আমাদের ইসলামে এই সব নোংরামির আরও কঠিন বিধান আছে। ওরা মুসলিম, কিন্তু যদি আবার বিধান অনুযায়ী শাস্তি দেওয়া হয় কিছু লোক আবার উল্টা পাল্টা কথা বলে"
834480695533374_1520884621858641,Well done cooch behar police
834480695533374_861186499299429,Great work❤️
834480695533374_881276797245762,ধন্যবাদ পুলিশকে।
834480695533374_1625982414628994,"জয় হিন্দ ,বন্দেমাতরম ।"
834480695533374_919531290202636,কারাদণ্ড নয়....ফাঁসির আদেশ হওয়া উচিত ছিল
834480695533374_1667223354136494,সাবাস | এই রকম চাই |
834480695533374_2009022826197623,Good job
834480695533374_909496417941927,"This is our Police man , salute Sir ,  জাতি,  ধর্ম, বর্ন  না দেখে আমাদের পুলিশ এ রকম ভাবেই কাজ করে চলেছে।  এ রকমই ভাবেই আমাদের নারী সুরক্ষা করে চলেছে প্রশাসন এবং আদালত ।
ধন্যবাদ স্যার"
834480695533374_2212334905826043,Well done 👍
834480695533374_527171909847805,🫡
834480695533374_442379972166075,এভাবেই মুখ গুলোকে সবার সামনে দেখাতে হবে । স্যালুট WBP ❤️
834480695533374_1082982446502532,"পর পর দুদিন দুটি মন ভালো করা খবর দেখতে পেলাম। ধর্ষণ ও খুনের দায়ে ফাঁসির আদেশ এবং এই খবরটি। পুলিশ যথাযথ তদন্ত করে উপযুক্ত সাক্ষ্যপ্রমাণ মহামান্য আদালতে দাখিল করতে সমর্থ হয়েছে বলেই এই সুবিচার পাওয়া গেল। স্যালুট কুচবিহার জেলা পুলিশকে। 🫡
নতমস্তকে প্রণাম মহামান্য আদালতকে 🙏🙏"
834480695533374_442842825457963,ভালো কাজ
834480695533374_1090422892441595,Congratulation 👏
834480695533374_868142901926817,এইভাবে জেলে ভরে অপরাধ কমেনি আর ভবিষ্যতেও কমবেনা। এদের দৃষ্টান্তমূলক শাস্তি প্রদান করতে হবে যেন বাকিরা দেখলে পায়ের তলার মাটি কাঁপতে থাকে।।
834480695533374_3944261619232864,Mani Bhusan Sarkar 🙏
834480695533374_1206491120502315,ফাসি চাই
834480695533374_714575354185730,Good job sir
834480695533374_524675460241780,Well done ♥️
834480695533374_539150938786222,Salute sir congratulations west bengal police
834480695533374_1183119302921932,Biman Naskar ফাসি চাই
834480695533374_1051522596344530,ভালো লাগলো আপনাদের কাজ এগিয়ে চলুন
834480695533374_26644582915157121,erom kora ayin r subichar jano sorboda hoi.
834480695533374_1894777034375325,সাব্বাস
834480695533374_890612462467404,"এই পেজকে অনুরোধ করবো, এরম আরও খবরকে তুলে ধরার জন্য 
সমাজে এরমও পুলিশকর্মী রয়েছেন এটা জানানো দরকার, বর্তমান সময়ে আরও বেশি করে জানানো দরকার ||
শেয়ার করলাম |"
834480695533374_955918532962307,"জয় বাংলা 
পশ্চিমবঙ্গ পুলিশ কে জানাই আন্তরিক শুভেচ্ছা।"
834480695533374_870474908365766,ধন্যবাদ স্যার
834480695533374_537050418763922,"প্রত্যেকটা দোষী দের শাস্তি চাই এভাবেই,"
834480695533374_1004964171375320,যথারীতি ব্যবস্থা নেওয়ার জন্য প্রশাসনকে অনেক অনেক ধন্যবাদ।
834480695533374_1037463361353286,আপনাদের সদিচ্ছার ও প্রচেষ্টা কে কুর্নিশ!  ভাবমূর্তি উদ্ধারেতে এটা একটা positive step
834480695533374_356982374157539,পুলিশ কে ধন্যবাদ। তবে শাস্তি অনেক কম হলো।
834480695533374_1251519799192811,এদেরকে জনগণের হাতে তুলে দেওয়া হোক।।
834480695533374_3665499357000094,এদের চার মাথার মোরে ফাঁসি দিলে ভালো হতো ।
834480695533374_1454162599319195,"এদের বেঁচে থাকার কোনো অধিকার নেই😡
কেনো আমাদের ট্যাক্সের টাকায় জেলে বসে বসে খাবে ?😡"
834480695533374_3847417405469902,They should have Capital punishment
834480695533374_1067637328265665,এদের সর্বোচ্চ শাস্তি ফাঁসি হলে সব থেকে খুশি হোতাম। তবুও বলি well done sir 🙏
834480695533374_1258691132146463,Selute sir 🙏
834480695533374_1223512842258176,Great job
834480695533374_1067962441339101,Congratulations Monibhusan daa
834480695533374_1035874834605653,"পশ্চিমবঙ্গ বর্তমান পুলিশ, প্রশাসনের প্রতি আমার শ্রদ্ধা"
834480695533374_1666049920795963,এসডিপিও সুরজিৎ মণ্ডল স্যার খুবি ভালো মানুষ । মাথাভাঙ্গায় থাকা কালীন ওনার সঙ্গে সাক্ষাৎ হয়েছিল খুবই ভালো মানুষ ।
834480695533374_487701257410660,God job 💪
834480695533374_1188922865706463,"25 বছর 
প্রতিদিন এঁদের শাস্তি হওয়া দরকার,"
834480695533374_1223721452087709,"জিও গুরু ,এই না  হলে পুলিশ ।"
834480695533374_1046223743606074,এটা তো ফাঁসি হওয়া উচিত ছিল....
834480695533374_732288029033922,ফাঁসি দেওয়া দরকার ছিল।
834480695533374_497170166352635,"Sir,
খুব ভালো।"
834480695533374_1900598417072595,এই রকম দৃষ্টান্ত মূলক
834480695533374_1584632612442175,"অনেক ভালো লাগলো দেখে 🙃 
বর্তমান ঘটনার শাস্তিও যেনো এইরকম টাই হয় এটাই আপনাদের কাছে আসা করি 🙂🙏🏻"
