COMMENT_ID,COMMENT
835179372130173_1048173863431446,I feel proud  to work under Chandannagar Police Commissionerate under Ld. CP Sir. Hope every Dists  shall follow this.
835179372130173_923406993153914,Congratulations sir
835179372130173_3973600899534857,Congratulations 🎉
835179372130173_1010872634118333,Congratulations sir 💕💗💓💗
835179372130173_1091706969147145,Congratulation sir
835179372130173_1017641963395610,Great initiative 👏
835179372130173_520881544219195,Mrityunjay Banerjee congratulation Sir
835179372130173_3978348912399930,"Ami khub gorbito je, ami akjon chandannagar police commissioner r member hote pere. Congratulations sir."
835179372130173_830104985916140,"Sir,
It's really an innovation as a part of modernization of Police Department. It will render an immense help to OCs in Police Station management smartly and smoothly. Congratulations to the team Chandannagar PC.
Regards"
835179372130173_1759218978196830,Congratulations sir
835179372130173_503250362348915,Congratulations sir.great job..🙏🙏
835179372130173_524936469906819,"Congratulations Sir, We are proud to work under Chandannagar Police Commissionerate.Regards"
835179372130173_1062705762223229,"Congratulations sir,  khub valo"
835179372130173_2193826091017161,Congratulations  sir
835179372130173_1753204948782119,Congratulations sir
835179372130173_501410712529229,Sir congratulations
835179372130173_2445137052343860,Sir.Congratulations
835179372130173_888284666571577,Congratulations Sir
835179372130173_1052468896531715,Congratulations
835179372130173_767897148694662,Good news
835179372130173_565707909116557,Congratulations sir
835179372130173_524329143313590,Congratulations sir
835179372130173_1465075067527566,Congratulations sir
835179372130173_500287506127531,Congratulations sir
835179372130173_1124182775945978,Congratulations sir
835179372130173_505462485766847,Congratulations sir.
835179372130173_1059325622315777,Congratulation sir
835179372130173_1037480011167686,Congratulations sir
835179372130173_462451613454937,Congratulations
835179372130173_514231084676920,Congratulations
835179372130173_1171542250593920,Congratulations sir
835179372130173_434546722923153,Congratulations sir
835179372130173_1050206463396181,Congratulations sir
835179372130173_935127091765116,Congratulations sir
835179372130173_1215466009580649,Congratulations Sir
835179372130173_3803188299966464,Congratulation
835179372130173_1007739677756220,Congratulations
835179372130173_1192086291987020,Congratulations chandan nagar police commissioneret
835179372130173_1598043117749833,Congratulations sir
835179372130173_497723029708458,"Sir,congratulations"
835179372130173_1268375154534210,Congratulations
835179372130173_1484122702305054,Congratulations sir
835179372130173_326227833846616,Congratulations Sir
835179372130173_834373098894585,Congratulations
835179372130173_2724104564434442,Congratulations sir
835179372130173_492046150315827,"LOTS OF CONGRATULATIONS AND BEST WISHES ,, VERY NICE  INNOVATIVE , EFFECTIVE   USEFUL  STEP BY CHANDANNAGAR POLICE  COMMISSIONERATE  UNDER  COMPETENT AND DYNAMIC LEADERSHIP OF  LEARNED  C.P. SIRJI,, PROUD OF YOU GETTING  1ST RANK.....,, MANY MORE TO COME ,, KEEP IT UP GOOD  WORK 🙏👍👏👌😊🥳🎂🎉"
835179372130173_1567514827198532,Congratulations Sir & all Chandannagar Police personnel. It's great by done.
835179372130173_851218910483058,"Sir, congratulations"
835179372130173_1081323073560321,"Sir, congratulations sir"
835179372130173_1430275245029707,Congratulations sir.
835179372130173_1160852931679363,Congratulations sir
835179372130173_1869094603500807,Congratulations sir
835179372130173_461232826871631,"Sir, Very good process"
835179372130173_863737558692174,Great
835179372130173_905291851446475,"Congratulations sir,🙏🙏"
835179372130173_8220075164771717,Sir Great job
835179372130173_1241894327125588,sir congratulations
835179372130173_1570974827188758,Good morning sir & Congratulations 💐
835179372130173_698535102487389,Very good news
835179372130173_492876487039106,Congratulations sir
835179372130173_1297713381638914,Congratulations sir
835179372130173_3917813201784894,Congratulations sir 👏
835179372130173_1033644711424190,Sir.. congratulations
835179372130173_1845381992651849,Sir congratulations
835179372130173_1891670757984696,Sir Congratulations
835179372130173_928863532592306,Congratulation sir. It is big achievement
835179372130173_2835567550147137,Congratulation sir
835179372130173_8400379700053886,Congratulations sir🙏
835179372130173_441545459035598,Congratulation sir
835179372130173_1455432711816274,Congratulations🎉
835179372130173_920123346605441,Congratulations
835179372130173_851205347152857,Sir
835179372130173_820459910292956,Congratulations sir
835179372130173_368084592905576,Sir congratulation
835179372130173_2885456491612249,Good news
835179372130173_1680147999438656,Congratulations 🎉
835179372130173_1039220574545015,Wow Great achievement congratulations Amit 🎊 👏 💐
835179372130173_1542558336651728,Congratulations sir
835179372130173_498905006087980,Congratulations
835179372130173_864891818916782,Congratulations 💐
835179372130173_435051182914081,Congratulations sir
835179372130173_1815191005676568,BRAVO BRAVO BRAVO
835179372130173_877636783760908,U r 🙏great
835179372130173_2267025780297681,Congratulations sir.
835179372130173_1185367896061309,Congratulations Sir
835179372130173_550098094013101,Congratulations 🎉🎉
835179372130173_389799250610137,Congratulations
835179372130173_919040203385269,"Congratulations🎉 sir 
Congratulations to Team Chandannagar PC"
835179372130173_1472783390371294,Congratulations
835179372130173_386754711196331,Congragulatio sir
835179372130173_510502958241282,Good job sir.
835179372130173_1005656721310781,Congratulations
835179372130173_887840709869349,Congratulations sir
835179372130173_1981099392349252,Congratulations .
835179372130173_1163501568050185,Sir congratulations
835179372130173_572907741730746,Congratulations sir
835179372130173_402520472539843,Congratulations
835179372130173_1201266857865772,Congratulation sir
835179372130173_391646077066448,Congratulations.. sir
835179372130173_484767874400204,Congratulation
835179372130173_484719491068925,Congratulations sir
835179372130173_1684830448966256,Kudos 👏 💐 for the examplary innovative 💡 application of technology! This unique revolutionary efforts on the part of the entire team under the prudent leadership of the Hon'ble Commissioner saheb is realy praiseworthy and remains as the new milestone erected in the path of working of West Bengal Police as a whole! Regards.
835179372130173_1197799284609190,অভিনন্দন স্যার।
835179372130173_1461906657824116,অভিনন্দন
835179372130173_1035261047906539,Congratulations sir
835179372130173_442840322115818,Great initiative 💐
835179372130173_818043157159883,Congratulations Chandannagar Police 👍
835179372130173_716411677337073,Congratulations sir
835179372130173_870665418358249,Congratulations 👏
835179372130173_811176081089946,Sir congratulations
835179372130173_1902308036937617,Very good news
835179372130173_887846856736743,"Sir,Congratulations"
835179372130173_2094178541039256,Congratulations Sir
835179372130173_927663582463095,Congratulations sir
835179372130173_1588364108743939,Congratulations
835179372130173_1499379507419697,Congratulations sir
835179372130173_829926882628015,Congratulations 💐
835179372130173_1563424534595878,Congratulations 🎉
835179372130173_1894598414356745,Congratulations sir
835179372130173_1055357185585880,Congratulations sir
835179372130173_1065347555004357,Congratulations
835179372130173_896315235700559,Congratulations
835179372130173_481839111407645,"HEARTIEST CONGRATULATIONS TO 
CHANDANNAGAR POLICE 🙏"
835179372130173_880793986764518,"Adhunik chinta dhara abosoyo bhalo 
Kintu British amol thake je poddhati Anusara kora hoto setao kharap noy seta te protekta maler index thakto  malta malkhana ghorer kothay ache akdom sathik bhabe lekha thakto kono poddhoti tey asubidha nay"
835179372130173_1891287471375982,Congratulations 🎉🎉
835179372130173_1425458174791788,"Congratulations, WBP"
835179372130173_891075912914180,good job sir
835179372130173_535513285798931,So proud of our police force 💚
835179372130173_445660141843691,Congratulations sir
835179372130173_1282381503117108,Congratulation sir
835179372130173_377522708741113,Congratulation
835179372130173_1508349839820596,অভিনন্দন ❤️❤️
835179372130173_2163385540699101,Congratulations
835179372130173_2253217048361286,নমস্কার স্যার 🙏
835179372130173_2276407689389748,Congratulation Sir
835179372130173_497930599696654,Congratulations 👏
835179372130173_1193531571767648,Congratulations sir
835179372130173_546022421276637,Congratulations
835179372130173_1667197044056653,Congratulation
835179372130173_868905971841157,Good job sir
835179372130173_919990336696694,Congratulations sir
835179372130173_827354915875124,Salute sir
835179372130173_26582478514729432,Proud of my city police..
835179372130173_1168979147520972,"Valo kajer sikrity Pele Mon khusite vore Jai, Kaj karar aggroho bare, amra sabai khusi,🙏pronam neben Sir ,very good  news."
835179372130173_390995983813740,congratulation Chandan Nagar police comisonar
835179372130173_1079565027209200,Congratulations
835179372130173_528549973036213,Congratulations sir
835179372130173_530881166081918,অভিনন্দন স্যার
835179372130173_528562166245867,"Congraulation sir,,"
835179372130173_1710777359780724,"নমস্কার স্যার 
Great initiative 👏 
Salute ."
835179372130173_1222402415670069,Congratulations sir
835179372130173_863846175753462,I Feel Proud For West Bengal Police ❤️❤️❤️❤️❤️❤️❤️.......
835179372130173_1556960868558189,Congratulations Sir and. Jai Hind ❤️🇮🇳🙏❤️
835179372130173_507431618572285,Congrats
835179372130173_1364193001218401,Apnara please ebarer Thakur bisorjone DJ byabohar restrict parle bondho korun. Du din dhore gonesh pujar bisorjone sondha theke majh raat obdhi ar neya jachhe na.
835179372130173_1474307269920031,Congratulations cp sir
835179372130173_1231679561320610,Congrats....
835179372130173_1241824900166414,Congratulations sir
835179372130173_483240088011905,অভিনন্দন স্যার
835179372130173_1750066139066979,Good news
835179372130173_1229525824735273,Congratulation's Sir
835179372130173_1733519767390789,অভিনন্দন
835179372130173_2091721224557996,Congratulations
835179372130173_834830832125549,Sir Amra Garbito 🙏
835179372130173_538089965343180,"🙏অভিনন্দন ❤️ শুভেচ্ছা ❤️ শুভকামনা 🙏 
🙏🇮🇳🏅🏆🎖️🇮🇳🙏"
835179372130173_1170289024085394,ভালো লেগেছে স্যার
835179372130173_876055567358093,Great.......
835179372130173_530414326166938,Good news sir
835179372130173_1208070410315210,কংগ্রাচুলেশন sir
835179372130173_2952140224925853,Congratulations CPC
835179372130173_1542722410006215,অভিনন্দন ❤️
835179372130173_1182648883024718,Good news
835179372130173_8287514264672949,Cv--277 Rakesh sutradhar Falakata আলিপুরদুয়ার
835179372130173_502391176076129,অভিনন্দন ﻿🙏
835179372130173_870949541245126,SALUTE SIR..
835179372130173_2060817891019118,Congratulations 🙏👍
835179372130173_7996764370420758,Abhinandan sir
835179372130173_2163099800879008,অভিনন্দন 💐🙏
835179372130173_3819913081618799,"Congratulations to the Chandannagar Police Commissionerate and Commissioner Amit Javalgi for receiving the prestigious award for their innovative work in digitizing the Malkhanas. This modernization initiative in investigation and prosecution processes has been recognized by the central government, earning them the title of the best in the country in the field of E-governance. It's great to see such efforts being acknowledged and rewarded, showcasing the dedication and leadership of Commissioner Javalgi and his team. Keep up the excellent work in using technology to improve efficiency and effectiveness in law enforcement. Well done!"
835179372130173_391763267302590,Congratulations ❤️
835179372130173_2163715470664864,Very good news
835179372130173_1554844615417207,Congregation
835179372130173_524389093474433,Congratulations
835179372130173_2341852049486782,Sir congratulations
835179372130173_918606796766798,Congratulations sir
835179372130173_502761125836533,Congratulations sir
835179372130173_1414878939206080,
835179372130173_949846753305584,
835179372130173_3969131160078418,👍🇮🇳🙏
835179372130173_3422961134675464,
835179372130173_521320130481959,👍
835179372130173_8283519035041066,🎉
835179372130173_1178592233424943,👌
835179372130173_1212718596706189,
835179372130173_536327052288058,Dipendu Das
835179372130173_1058753992395363,"Sir, Congratulations ❤️🎁❤️🎁❤️"
835179372130173_490259767233103,Great
835179372130173_1590330354890943,"Congratulations sir, khub valo sir."
835179372130173_807654224604925,Congratulations chandannagar police
835179372130173_1246508809864610,A great innovative approach to resolve an ageold problem sir.
835179372130173_1219464979099709,Great
835179372130173_539768335061472,Proud
835179372130173_399434889555590,Take care
835179372130173_1028368918780909,Great 👍
835179372130173_1455919175810971,Great
835179372130173_1591917851355824,Great
835179372130173_3711480035735662,"লোকবল বাড়ানোর, পরিকাঠামো উন্নয়ন, থাকার কোয়ার্টার নিয়ে কোনো উদ্যোগ নেই!"
835179372130173_8119542151457524,Nice
835179372130173_1659174121542175,"Great idea, great initiative. Apnara chaile sob korte paren, sudhumatro kichu kichu police (police kina sondeho ache jotheshto) er asoth uddesse puro Police system tai kolonkito hoche. Police jonogoner surakha debar jonno angikar boddho kono doler tabedari korar jonno noi.  Police er aro manobik howa uchit."
835179372130173_1579555446311536,"গতকালের ঘটনা: 
« আজ নৈহাটিতে ৩ টে স্কুলের প্রাক্তণী দের মিছিল ছিলো বিরাট আকারের। সেখানে তৃণমূলের গুন্ডা বাহিনী প্রায় ৫০০ জন মিছিলে ঢুকে শুধু হামলা চালায়নি,গ্যাং molestration করেছে মারাত্মক ভাবে। যা এই আন্দলনের বিরল ঘটনা হোল।
এখনো পর্য্যন্ত একমাসের মধ্যে আজকের মতো নক্ক্যার ঘটনা ঘটে নি।»
— is this true, West Bengal Police?"
835179372130173_796477699089841,https://www.facebook.com/share/r/QAnPxbnYZehgKvvY/?mibextid=oFDknk
835179372130173_522848030125027,+91 76024 62837এটা একটা ছেলের নাম্বার ওই ছেলের বাড়ি বাংলাদেশ ওকে গ্রেফতার করেন ও ওখানে গিয়ে বুয়া আইডি কার্ড বানাইছে যেকোনার সমস্যা করতে পারে স্যার ওকে গ্রেফতার করে
835179372130173_838242411820318,"রাজ্যের যা অবস্থা, আপনাদের খুচরো এইসব উন্নতিতে চিঁড়ে ভিজবে না। মানুষের পাশে দাঁড়ান যদি মানুষের চামড়া এখনও পর্যন্ত গায়ে থাকে। যদি আপনার নিজের ছেলে মেয়ের কাছে দুদিন পরে মানুষ হিসেবে নিজেকে নিজের মুখ দেখাতে চান। পুলিশ মন্ত্রীকে গ্রেফতার করুন। @followers"
835179372130173_363841606784406,জয় বাংলা
835179372130173_1498363840785810,"Continuing…

পড়ুন ইপ্সিতা ইন্দ্রর লেখা:---

Ipsita Indra
লিখছেন তাঁর আজকের ভয়ানক অভিজ্ঞতার কথা 

আমি ইপ্সিতা ইন্দ্র, নৈহাটির বাসিন্দা। ১৪ই আগস্ট থেকে আমরা তিলোত্তমার বিচারের আশায় রাস্তায় নেমেছিলাম! সেই থেকে ১ মাস হতে চললো, এখনো কোনো সুরাহা হয়নি!  
আজ পশ্চিমবঙ্গ তথা গোটা বিশ্বে আবার সব মানুষ রাস্তায় নামবে। এমন পরিস্থিতিতে আমরা নৈহাটির সব স্কুল ঠিক করি যে, সব প্রাক্তন ছাত্রছাত্রীদের নিয়ে আমরা শান্তিপূর্ণ মিছিল করবো। হচ্ছিলও তাই।  
সন্ধ্যে ৬টা ১০ নাগাদ সব স্কুল মিলে র‍্যালি শুরু হয়!  
আমি প্রতিটা স্কুলকে র‍্যালিতে এগিয়ে দিয়ে নিজে যখন এগোতে যাই, দেখি শেষ স্কুলের পেছনে তৃণমূলের প্রায় ৫০ জন লোক জমায়েত করতে শুরু করে!  
আমি সেটা আমার সিনিয়রদের জানাই। তারা বলে তাদের সাথে বচসায় না গিয়ে মিছিল এগিয়ে নিতে। প্রায় ৩০ মিনিট পর হঠাৎ করেই এই দুর্বৃত্তরা আমাদের মিছিলের মাঝে এসে আমাদের একটি টোটো দখল করে নেয় এবং মাস্টারমশাইদের মারতে শুরু করে। আমরা কিছুক্ষণের জন্য মিছিল থামিয়ে দিয়ে রাস্তায় বসে পড়ি!  
ওরা আরো মারতে শুরু করে!  
কাউকে ছাড়ে না!  
কারো মাথা ফাটিয়ে দেয়, কারো ঠোঁট ফাটিয়ে দেয়!  
বয়স্ক মানুষ, বাচ্চা স্কুলের ছেলে-মেয়ে, কাউকে মানে না।  
তাও আমরা থামিনি!  
আমরা সব স্কুলের লোকজনকে নিয়ে মিছিল এগিয়ে নিয়ে যাই!  

হঠাৎ ওরা আমাদের ধাওয়া করে!  
প্রায় ১০০ জন দুর্বৃত্ত দৌড়ে এসে আমাদের ছেলে-মেয়ে নির্বিশেষে মারতে থাকে!  
পুলিশের সামনেই সবটা চলে, এবং প্রত্যাশামত, তারা চুপচাপ দাঁড়িয়ে মজা দেখেন।  

দুর্বৃত্তরা কারো দোকানে ঢুকে যায়!  
কাউকে ড্রেনে ফেলে মারতে থাকে।  
যারা ভিডিও করছিলেন, তাদেরকে হুমকি দেয়!  
""যদি ভিডিও আপলোড হয়, তাহলে বাড়ি ভেঙে দেবো।""  
আমার এক বন্ধুকে এমন মেরেছে যে জামা ছিঁড়ে, মাথা ফেটে যাওয়ার মতো অবস্থা!  
এরপর ঘটে আরো ভয়ানক ঘটনা!  
ওরা পাগল হয়ে যায় আরো!  
উন্মাদ অবস্থায় সামনে যাকে পাচ্ছে তাকেই মারছে।  
আমি এবং আমার এক বান্ধবী হাত ধরে ওদের সামনে দাঁড়িয়ে থাকি!  
ওরা আমাদের সামনে আসতে সাহস না পেয়ে নিজেদের দলের মহিলাদের এগিয়ে দেয়!  
আমি আবার বলছি, ১০-১২ জন মহিলা আমাদের দুজনকে ঘিরে স্লোগান দিতে থাকে, ""স্লোগান ছাড়ো, ঝান্ডা ধরো।""  
১০ মিনিট ধরে এটা করার পর ক্লান্ত হয়ে যায় এবং দেখে যে আমরা কোনো প্রতিক্রিয়া দিচ্ছি না, তখন ওরা উন্মাদ হয়ে যায়!  
গিয়ে আমাকে ধাক্কা দিতে শুরু করে, মারতে মারতে একটা শাটারের সামনে জোরে ছুঁড়ে ফেলে!  
আমার প্রচণ্ড রাগ হয়, তবু আমি চুপ থাকি, শুধু বলি, ""গায়ে হাত দেবেন না, বারবার বলছি।""  
ওরা শোনে না, হঠাৎ পেছন থেকে এক প্রভাবশালী চাটুকার পুরুষ ওই মহিলাদের বলে, ""একে মারো, মেরে শেষ করে দাও।""

এমন অবস্থায় আমার কিছু বন্ধু আমাকে এবং আমার বান্ধবীকে সরিয়ে আনতে থাকে!  
তখন মহিলারা আরো পাগল হয়ে গিয়ে আমাকে আঁচড়াতে থাকে! জামা ছিঁড়ে দেয়! আমি এখন সুস্থ আছি! তবে আমার বেশ কিছু বন্ধু-বন্ধবী প্রচণ্ড অসুস্থ!  
দেবস্মিতা দেব, অতীশ বসু তারা ভীষণ আক্রোশের শিকার হয়েছে!  
চোখের সামনে আজ যা দেখেছি, এই দুর্বৃত্তায়ন, সেটা আমি দুঃস্বপ্নেও ভাবিনি কখনো।  

আমি শুধু একটাই প্রশ্ন করতে চাই এই মহিলাদের!  
আপনারা জানেন কি ঘটেছে? কেন আমরা রাস্তায় নেমেছি?  
নিজেদের এরপরও মহিলা বলতে পারবেন তো?  
আয়নার সামনে দাঁড়াতে পারবেন তো?  
নিজের বাড়ির বাচ্চাগুলোকে উত্তর দিতে পারবেন তো???

আর পুলিশের জন্য একটা কথা বলার!  
আর কত অন্ধ হয়ে থাকবেন? আর কত চাটুকারিতা করবেন এই নোংরা সরকারের??  
ইউনিফর্মের সম্মান তো ড্রেনে মিশিয়ে দিয়েছেন!  
লজ্জা হয়???  
ধিক্কার আপনাদের।"
