COMMENT_ID,COMMENT
832532002394910_1496914695036369,সকল শিক্ষক দের শ্রদ্ধা জানাই।
832532002394910_1763477404404939,❤️শুভ শিক্ষক দিবস❤️
832532002394910_1437359286954652,শিক্ষক দিবসে সমস্ত শিক্ষক দের আমার প্রণাম 🙏
832532002394910_431731043255601,শিক্ষক দিবসে প্রতিটি শিক্ষক এবং শিক্ষিকা দের শুভেচ্ছা জানালাম।যাহাতে আগামী দিনে শিক্ষকতার সাথে সাথে মানব সমাজে উন্নয়নে বিশেষ ভূমিকা পালন করেন।
832532002394910_1052966153000775,Happy Teacher's Day 🙏
832532002394910_1234269407576305,Happy teachers day
832532002394910_486886667524103,💖 শুভ শিক্ষক দিবস 🙏
832532002394910_1232143401140423,Greetings to all teachers on the special occasion of Teachers’ Day. 🙏💐
832532002394910_1197648581559914,Happy teacher's day
832532002394910_908659894417893,"যদি Society Day পালন করা হয় তাহলে সেই দিন শুভেচ্ছা জানানোর অধিকার যে গুটিকয়েকের থাকবে না তাদের মধ্যে অন্যতম হল পুলিশ! 
আপনারা কেবল দূর্নীতি, খুন এবং ধর্ষণ দিবস পালন করা হলে শুভেচ্ছা জানাতে পারেন!"
832532002394910_482734924581130,Happy teachers day
832532002394910_1569983697205703,তোলা আদায়ের সর্বোচ্চ শিক্ষা দেওয়ার জন্য সিভিক সম্প্রদায় আজ খাকি বাবুদের শুভেচ্ছা জানিয়েছে?
832532002394910_1572273960361154,Happy teacher's day
832532002394910_1193234108593562,"শিক্ষক দিবসে দেশের সকল শিক্ষকদের শুভেচ্ছা

#teachersday2024"
832532002394910_1084897006398835,"সমাজের শিক্ষক পুলিশ, যারাই পারে সবাই কে শিক্ষা দিতে,,সুস্থ শিক্ষাদানের মাধ্যমে সুস্থ সমাজ উপহার দিতে আমাদের কে।।
                অসংখ্য ধন্যবাদ পুলিশে কর্মরত সমস্ত মানুষ কে এই শিক্ষক দিবসে ।।।।
                   জয় হিন্দ ।।"
832532002394910_502793972502685,"Biswajit Saha পার্ক সার্কাস এরিয়া তে আপনার কথা প্রযোজ্য নয় স্যার, দুঃখিত ও লজ্জিত, শাসন ব্যবস্থা ভেঙে পড়েছে, জানি স্বীকার করতে কষ্ট হয়।"
832532002394910_3306790856294295,ঈশ্বরচন্দ্র বিদ্যাসাগরের জন্মদিনটি শিক্ষক দিবস হিসেবে পালন করা হোক।
832532002394910_1261089615346117,"Happy Teachers day to all the teachers who helped me in my education, success and growth as a human being"
832532002394910_447051825002174,শিক্ষক দিবসের শুভেচ্ছা ও শ্রদ্ধা জানাই সমস্ত শিক্ষক ও শিক্ষিকাদের💐🙏
832532002394910_1296708291292414,"আজ ৫ ই সেপ্টেম্বর সারা ভারতবর্ষ জুড়ে ভারতবর্ষের অন্যতম মহান শিক্ষাবিদ তথা প্রাক্তন রাষ্ট্রপতি ডক্টর সর্বপল্লী রাধা রাধাকৃষ্ণণ - এর জন্মদিন উপলক্ষ্যে ""শিক্ষক দিবস"" পালন করা হয় । যিনি সারা জীবন ভারতের শিক্ষাকে এগিয়ে নিয়ে যাওয়ার লক্ষ্যে অবিরাম পরিশ্রম করে ছিলেন ।। আজ এই বিশেষ দিনে সকল শিক্ষকদের নতমস্তকে প্রণাম 🙏 ।"
832532002394910_475102038761398,Biman Roy চটি চাটা
832532002394910_522724483790480,Biman Roy corrupted party r lokera pronam janiye onake choto korben na ...
832532002394910_386854737577396,Happy Teachers day to you sir ❤️. Congratulations and best wishes 🎉🎊. keep up the great work and keep doing your best in life stay safe ❤️ with love.
832532002394910_1511701190226866,"আপনাদের শিক্ষক তো কালীঘাটের উনি । 
শুভ শিক্ষক দিবসের শুভেচ্ছা আপনাদের ও , ভালো থাকুন , সুস্থ থাকুন ।"
832532002394910_473263878877622,ধন্যবাদ
832532002394910_364009506763720,🙏🙏🙏
832532002394910_500597225928479,Congratulations 👏👏
832532002394910_871828401497652,Congratulations 🙏
832532002394910_1094140262324474,🙏🥇🥇🌟🌟🇮🇳🇮🇳RESPECTED SIR🇮🇳🇮🇳🌟🌟 TEACHER DAY CONGRATULATIONS SIR 🇮🇳🌟🌟WEST BENGAL JAI HIND BEST WISHES GURU JI GOD BLESS SIR 🇮🇳🇮🇳🌟🌟🥇🥇🙏
832532002394910_527569603260674,আপনারাও শিক্ষক। শুধু পড়ালেই শিক্ষক নয়। প্রতিটি পেশায় অবদান যারা রেখে যান নতুন প্রজন্মের জন্য তারাও শিক্ষক। তাই আপনাদেরও শিকক দিবসের শুভেচ্ছা।
832532002394910_521880616989749,Tapan Manna
832532002394910_1581427519246959,শুভ শিক্ষক দিবস
832532002394910_1422864308393880,Happy teachers day
832532002394910_835326375395276,শুভ শিক্ষক দিবস 🙏🙏🙏🌹🌹🌹
832532002394910_878801280795857,ধন্যবাদ।
832532002394910_529645856304350,"Happy' teacher,s day"
832532002394910_530510186096972,শিক্ষক দিবসে আমার সকল শিখাগুরুদের জানাই প্রণাম ও শুভেচ্ছা। ভালো থাকবেন সবাই।।। 💐
832532002394910_479068781615090,ধন্যবাদ🥰
832532002394910_1061151259046643,ঘুষ দিয়ে চাকরি পাওয়া শিক্ষক কে o শুভেচ্ছা
832532002394910_500737716041477,শিক্ষক দিবসের সমস্ত শিক্ষকদের প্রণাম জানাই
832532002394910_525573156522207,Happy teachers day
832532002394910_884870676852059,Happy teachers day
832532002394910_1008725774124978,Congratulations 👏
832532002394910_1205696897337419,সময় জীবনের সবচেয়ে বড় শিক্ষক।
832532002394910_4562724553953299,শুভ শিক্ষক দিবস
832532002394910_2712794358879967,Happy teachers day
832532002394910_536235485547126,💖 শুভ শিক্ষক দিবস 🙏
832532002394910_1575341416726242,ধন্যবাদ 🥰
832532002394910_915348757088000,🙏🙏🙏
832532002394910_365109993204560,❤️শুভ শিক্ষক দিবস 🙏🙏🙏
832532002394910_538102408644825,Happy teachers day.
832532002394910_732386485699765,শুভ শিক্ষক দিবস
832532002394910_1287053225611899,Happy teachers dey
832532002394910_1647912326056679,সকল শিক্ষকদের শিক্ষক দিবসের শুভেছা জানাই
832532002394910_431163939480642,শিক্ষক দিবসে সমস্ত শিক্ষকদের আমার প্রণাম জানাই🙏
832532002394910_1062919182153618,শিক্ষক দিবসের অনেক অনেক শুভেচ্ছা।
832532002394910_1078710750538903,শিক্ষক দিবসে শিক্ষক দের শুভেচ্ছা জানালাম।
832532002394910_1472230676775666,মেরুদণ্ডটা সোজা করে বাঁচার প্রতিজ্ঞা করুন। মানুষের বিশ্বাসটা রাখার চেষ্টা করুন এটাই আসল শিক্ষা ।
832532002394910_1237267734394091,Happy teachers day
832532002394910_8118725474878084,Happy teacher's day
832532002394910_844084677900391,Happy teachers day 🩷
832532002394910_443477468020676,Happy Teachers day
832532002394910_496283733032387,শুভ শিক্ষক দিবস 🙏🙏🙏
832532002394910_1580512386150604,#HappyTeachersDay 🌹
832532002394910_1217243119588502,"""Happy Teachers' Day to our police force! You not only protect and serve but also guide us with lessons of discipline, responsibility, and integrity. Your leadership teaches us the importance of law and order, making our communities safer and stronger. Thank you for being role models both in uniform and in action."""
832532002394910_8573401449359695,"শুভ শিক্ষক দিবসে, শুভেচ্ছা জানাই।🙏🏻"
832532002394910_901790661765005,"আপনাদের হেড মাস্টার তো কালীঘাটে।
আজ একটু গড় হয়ে প্রণাম করে আসুন।
বড়ো বড়ো আশীর্বাদ পাবেন। 🤣"
832532002394910_540105912022247,Happy teacher's day
832532002394910_911191354378201,Congratulation
832532002394910_714660480829641,শ্রদ্ধার্ঘ্য
832532002394910_539258541876228,Congratulations
832532002394910_1219052349341357,Happy teachers day sir Amar Sato koti pranam roilo thank you so much
832532002394910_513559811540134,Happy teachers👩‍🏫‍ day
832532002394910_1757733395032505,Happy teachers day 💐💐
832532002394910_1033144688559061,"সময়ের থেকে বড় শিক্ষক আর কিছুই হতে পারে না। ""এই ঐতিহাসিক সময়"" আমাদের অনেক কিছু শেখাচ্ছে। 
শুভ শিক্ষক দিবস💐❤️"
832532002394910_820732030219162,ভালো থাকুন সকল মাস্টার মশাই
832532002394910_1423633101639076,Happy teachers day.
832532002394910_505209072233111,"পড়া শিখেছি শিক্ষক দের কাছ থেকে,  রোদ,বৃষ্টি কে সহ্য করতে শিখছি পুলিশ কাছ থেকে। এনাদের 🙏🙏"
832532002394910_885184016274960,Happy teacher's day..
832532002394910_1544001359844534,শেষ কবে শিক্ষক নিয়োগ হয়েছে ? কতজন হয়েছে ? রাজ্য জুড়ে শিক্ষিত বেকার যুবক যুবতির সংখ্যা কত ??? না এইসব প্রশ্নের উত্তর আপনাদের দিতে হবে না শুধু একটু সহনশীল আর বাস্তব মুখী হন অমন একটা অশিক্ষিত ও ক্ষমতা লোভী মহিলার কথাই সাধারণ মানুষের জীবন বরবাদ করবেন না আপনাদের লাঠি কারোর সার্টিফিকেট দেখে না.... শুধু নিজেদের প্রমশন খুঁজলে হবে....
832532002394910_819396770176930,Happy Teachers day
832532002394910_3934779773475475,Happy teachers day
832532002394910_492341210427069,Happy teachers day
832532002394910_816479120652882,Happy teacher's day
832532002394910_423949990189413,🙏🙏🙏
832532002394910_402685152570179,Happy teachers day
832532002394910_1544853403093113,Happy teacher's day
832532002394910_1046698570399153,"স্যার বলেছিলেন জীবনে ফাস্ট সেকেন্ড হোস বা নাই হোস, শিরদাঁড়া বিক্রি হোতে দিবি না।
 শিক্ষক দিবস ❤️🙏"
832532002394910_867380445345148,Happy teacher's day
832532002394910_9077813348900137,Happy teachers day
832532002394910_436961139362159,"যাহ, আমি তো জানি পিসিমনি আপনাদের সব থেকে বড় শিক্ষক। সারাদিন ঘ্যান ঘ্যান করে ভ্যানতারা কষে চলেছে আপনাদের কানে কানে। পিসির ছবি লাগান স্যার।"
832532002394910_1151094122655009,Happy teacher's day
832532002394910_1222783235589756,Happy teachers day
832532002394910_2599848663555108,Happy teachers day sir
832532002394910_370019129490985,জাতীয় শিক্ষক দিবসের শুভেচ্ছা ও শুভকামনা রইল
832532002394910_830070795775138,Happy Teachers day
832532002394910_475226135333516,Happy teachers day
832532002394910_1033943338364086,শুভ শিক্ষক দিবস
832532002394910_3783333358551465,শুভ শিক্ষক দিবস
832532002394910_1188234738922020,Happy Teacher's day
832532002394910_881506333838393,Happy teacher's day
832532002394910_859909136240219,Happy Teachers day
832532002394910_3670342506614089,Happy teachers day
832532002394910_481567748088089,শুভ শিক্ষক দিবস
832532002394910_531449589556487,শিক্ষক দিবসে সকল শিক্ষকদের প্রনাম।
832532002394910_1033669681784735,Happy Teachers Day.
832532002394910_8232506876787969,Happy teachers day
832532002394910_1345462013096212,শুভ শিক্ষক দিবস
832532002394910_1678812816219739,Happy teacher's day
832532002394910_463083916728818,Happy Teachers' Day
832532002394910_485929294342046,Happy teachers day
832532002394910_2009551462830938,Happy Teacher's Day ❤️🌹
832532002394910_1033395477986988,Happy Teachers day 🙏🙏🙏
832532002394910_500224242710432,HAPPY TEACHER'S DAY
832532002394910_1418817422148917,Happy teachers day 💓
832532002394910_1172106110756784,Happy Teacher's Day ❤️🌹
832532002394910_918229207018000,Happy Teachers day 🎉
832532002394910_819493267044265,"গ্ৰুপে আসলেই দেখি
 পুলিশ কে নিয়ে সমালোচনা করা হয় 👮😔
তাদের অপমানিত করতে একবার ও 
ভাবে না যা ইচ্ছা তাই বলে👮😑
আবার তাদের ই দেখি নিয়োগ এর জন্য 
 মাথা ব্যাথা বেশি 👮🐸
সারাদিন গ্ৰুপে এসে চিল্লাতে থাকে 
নিয়োগ দিবে কবে নিয়োগ দিবে কবে 👮🤣
এখন এতোটুকু বুঝে নিয়েছি শিক্ষা গ্ৰহন করেও কিছু মানুষ অশিক্ষিত রয়ে গেছে 🥺😊👮"
832532002394910_8186065608152064,Krish Sayan ja bolechen
832532002394910_1251873649190908,"Krish Sayan এটা একটা সরকারি চাকুরী, বহু মানুষ আছে যাদের যোগ্যতা আছে। তারা চাকরীর আবেদন করবে না? আর পুলিশ মানেই কি সবাইকে সমাজ বিরোধী নেতা দের পা চাটা হতে হবে? নাকি মানুষ চাকরী পেতে পারে না? অদ্ভুত তো?"
832532002394910_1614201209311458,Krish Sayan আসলে কি বলুন তো ....এমন একটা রাজ্যে লোকজন জন্ম নিয়েছেন যেখানে পরীক্ষার নামে দুর্নীতি ...কি করবে বলুন বেকারত্বের জ্বালা বড় জ্বালা ...রাজ্যে অন্য competitive exam er kono kojh nei tai sobai police er form fill up kore...onno exam jaw ba hoi tar question ager din leaked hoye jai ...ta ei corrupted rajje ki r asa kora jai...apnake akta kotha boli chete noi khete boro hon ...tahole asol tofat ta bujhben...r valo moto sikkhataw orjon korte parben
832532002394910_875005047886395,5th September আজ শুভ শিক্ষক দিবসে বাংলা তথা ভারতের সকল শিক্ষক শিক্ষিকা কে শুভেচ্ছা অভিন্দন
832532002394910_541863201565663,Happy teachers day
832532002394910_754614926728417,Happy teachers day to all 🙏
832532002394910_1035639048098601,Happy teacher's day 🙏
832532002394910_852911616801460,Happy teachers day
832532002394910_1057150362600736,সত্য সেলুকাস কি বিচিত্র এই দেশ। একটা কথা বলব খারাপ ভাববেন না। আপনাদের মত মেরুদণ্ডহীন মানুষরা যে শিক্ষকদের কাছ থেকে শিক্ষা লাভ করেছেন না আজকে দেখবেন যান ওই শিক্ষক রাই আপনাদের শিক্ষাদান করার জন্য হয়তো নিজেদের মধ্যে লজ্জাবোধ করছেন।
832532002394910_1196900804916380,"সৎ-আদর্শবান-নীতিবান শিক্ষকদের..................

নাকি যারা ঘুষখোর, তোলাবাজ, কুকর্মকারি হতে শিখিয়েছে তাদের শুভেচ্ছা দিলেন....

অবশ্য আপনারা সন্দীপ ঘোষ, পার্থ চ্যাটার্জি, মাতাল বোস দের মতন শিক্ষকদের বেশি পছন্দ আর মানেন কিনা...."
832532002394910_1182180669502255,Happy teachers day
832532002394910_825339689748211,Happy teachers day
832532002394910_1035862791078794,Happy teachers day
832532002394910_494158436879568,Happy teachers day
832532002394910_1181388569824847,Happy teachers day
832532002394910_1196922894891487,এগুলোর আবার কি দরকার ছিল.....😂
832532002394910_1974202066363605,Happy teachers day
832532002394910_1427949714537181,Happy teachers day
832532002394910_1696893067813850,Happy teacher day
832532002394910_1047601723733941,Happy teachers day
832532002394910_1207490466952926,শিক্ষক দিবসে সকল স্তরের শিক্ষক-শিক্ষিকাদের জানাই আন্তরিক শুভেচ্ছা ও প্রণাম ❤️🙏
832532002394910_8186794701399877,Happy teacher's day
832532002394910_1633146787254519,Happy teachers day
832532002394910_893038839353595,Happy Teachers Day
832532002394910_494826633332155,আপনারই সেই ছাত্র যারা চটির কাছে শিক্ষা নিয়েছেন।
832532002394910_917041477226719,Happy teachers day.
832532002394910_1082494706602732,Happy Teacher's day
832532002394910_2138110723252884,"Happy Teacher's Day Sirji, with rgds  Shri Goutam Halder, Inspr. SSF Bn"
832532002394910_385301237762266,Happy Teachers day
832532002394910_1310959286546222,Happy Teachers Day
832532002394910_1851264962069514,Happy teachers day
832532002394910_516041757505597,Happy Teachers day
832532002394910_841138308102103,Happy Teachers day
832532002394910_365329669848221,Happy teacher day
832532002394910_1500331670595242,Please help me
832532002394910_477235845313566,আপনাদের থেকেও অনেক কিছুই  শেখার আছে....
832532002394910_556190140086487,আপনাদের শিক্ষক কে চটি পিসি?
832532002394910_1472491223427061,শিক্ষক দিবসে শুভেচ্ছা
832532002394910_549886590701803,Happy Teachers day
832532002394910_1462265827812510,Happy Teacher's day
832532002394910_1072179667661788,শুভ শিক্ষক দিবসের শুভেচ্ছা রইলো আমাদের সকল Sir কে💐❤️🙏🇮🇳
832532002394910_466008539767329,Happy Teachers' Day
832532002394910_539684028481370,Happy teachers day
832532002394910_1181027243009138,শিক্ষা = চেতনা।সবার চৈতন্য হোক।
832532002394910_1274587147234716,Happy Teachers day.
832532002394910_505557985419727,Happy Teacher's day
832532002394910_3760040960942979,Happy Teachers day
832532002394910_1503331160556255,Happy Teachers day
832532002394910_1947920832377957,Happy Teachers Day
832532002394910_1697378164361162,শুভ শিক্ষক দিবসে সকল শিক্ষক কে জানাই আমার আন্তরিক প্রীতি ও শুভেচ্ছা 🙏🙏
832532002394910_1219075626214588,Happy teacher's day
832532002394910_1690893098388554,Happy teachers day
832532002394910_1236991084395969,Happy teachers day❤️📝📖
832532002394910_531581759289013,Happy teachers day
832532002394910_1638343210058655,Happy Teacher's Day
832532002394910_3197167553747231,Happy teachers day
832532002394910_827481422804132,Happy Teachers day
832532002394910_1257998588896597,Happy teacher day
832532002394910_1100489201434018,Happy teachers day
832532002394910_2268876086783740,Happy teachers day
832532002394910_888081196513913,Happy teacher day
832532002394910_8178363182255232,Happy teachers day
832532002394910_1201348951109114,"Happy teacher day,,at Madarihat ps cv"
832532002394910_436307479455191,"Never stop Learning because life never stops Teaching.Happy teachers Day
Love and wishes from Bishnupur Bankura...."
832532002394910_1564044604211738,"Happy teacher day to all off you..

Sei sab teacher er kotha mathai rekhe , tader somman janate...  ektai request back bone ta kono dada didir kache bakia na dile ..somaj e apnar chele meye Matha uchu kore bachbe..

Janben..ghus ta taka Dia..shanti kena jai na..

Nijer baccha der ai sikkha deben na..police soja thakle somaj sojha thakbe..oi 2-4 takar Parar mostan ra hero hobe na"
832532002394910_862464552504206,বলছি মাথাভাঙ্গার তৃণমূলী দোষী দের কি ধরলেন? নাকি রাজীব কুমার এখনও লুকিয়ে আছেন?
832532002394910_1503412770288627,পুলিশ এর শিক্ষা নেওয়া দরকার .. ধর্ষিতার বাবা কে ঘুষ দিয়ে মুখ বন্ধ করার চেষ্টা.. ছি ছি ছি
832532002394910_527051103030378,শিক্ষক দিবসের শুভেচ্ছা 🙏
832532002394910_1825037208021679,"আপনারাও শিক্ষক। জীবনে কিরকম হওয়া উচিৎ নয়, সেই উদাহরণ হিসেবে।
এমন অমেরুদণ্ডী কি আপনাদের শিক্ষকরা আপনাদের বানাতে চেয়েছিলেন??"
832532002394910_1672236440297200,"শিক্ষক দিবসের শুভেচ্ছা জানাই আমার সমস্ত ইউনিভার্সিটি CU,RBU,NSOU,WBUT,BSAEU,Dr.Bhim Rau Ambedkar University (UP),অধ্যক্ষ,New Alipore College এর প্রিন্সিপাল ,অধ্যাপক/ অধ্যাপিকা স্যার ম্যাডামদের। শুভেচ্ছা জানাই স্কুলের প্রধান শিক্ষক সহ সমস্ত শিক্ষক শিক্ষিকা দের. 
সকলকে আমি আমার প্রণাম জানাই মাথা নত করে."
832532002394910_1551160025763891,Happy teacher day
832532002394910_377273905424941,Happy Teacher's Day
832532002394910_841368594837954,Happy teacher dey
832532002394910_831968558917327,"""বই"" বদলে ""চটি"" রাখলে ভালো দেখাতো🙂🙏"
832532002394910_3905876166402594,Happy techars day
832532002394910_1017408886849274,যার শিক্ষায় নিজেদের আত্মসম্মান বিসর্জন দিচ্ছেন শুভেচ্ছা কি তাকে?
832532002394910_1188732782212146,Happy teachers day 🙏🏻🙏🏻
832532002394910_920450000099233,Happy teachers day
832532002394910_1243226059914012,Happy teachar day
832532002394910_1191141791945479,Ghushkhor police sob
832532002394910_1741302629739814,Sabhi teacher's ko teacher day ki subkamna...
832532002394910_548897120797325,চটি পুলিশ কে শুভনন্দন 😄😄😄
832532002394910_3712020342400169,পশ্চিমবঙ্গ পুলিশ পৃথিবীর শ্রেষ্ঠ পুলিশ আমাদের সম্পদ ❤️🙏🏻❤️🙏🏻❤️
832532002394910_849920170582420,Sk Firoz Ali ha toder sompod to hbei
832532002394910_2344023355772644,Chinmoy Das tor hbe na kno setau vab
832532002394910_883403793690959,"Sk Firoz Ali 
এটা ঠিকই বলেছেন, তবে মেরুদন্ড বিক্রি করার দিক থেকে পৃথিবীর বিশ্বে এক নম্বর"
832532002394910_1902036603596167,শিক্ষক দিবসে শুভেচ্ছা
832532002394910_490050337147979,Happy Teacher's Day 🇮🇳
832532002394910_1039371234065988,Loker gaye hat dis?  Kutta
832532002394910_1716094179164525,স্যালুট জানাই
832532002394910_1275164463466135,🙏🏼🙏🏼
832532002394910_1218296045879541,শুভ শিক্ষক দিবস
832532002394910_521785623732035,Happy teacher's day
832532002394910_1025068155586331,Happy Teachers day 🙏
832532002394910_3314923005307727,অমেরুদণ্ডী প্রাণীদের শ্রেষ্ঠ শিক্ষক কোনটা শেখালেন ?  তথ্য লোপাটের শিক্ষা না ঘুষ নেবার শিক্ষা ??
832532002394910_387429664178897,ফোঁস ফাঁস চটি চাটা ফুলিস
832532002394910_878631747493603,শিক্ষক দিবসে সমস্ত শিক্ষক দের আমার প্রণাম 🙏
832532002394910_8303379293061046,"Happy Teachers Day 
West Bengal Police"
832532002394910_1243322090004495,
832532002394910_1392365698354382,
832532002394910_8412400838805386,🙏🙏🙏
832532002394910_1159879258573409,🙏🙏
832532002394910_8934387349921445,💐
832532002394910_1022570275984503,🙏🙏
832532002394910_874114310903323,🙏🙏
832532002394910_1570407847157600,🙏🙏
832532002394910_518410807394605,
832532002394910_1204880130558408,🙏🏻🙏🏻🙏🏻
832532002394910_1903819120093231,
832532002394910_364649003377714,
832532002394910_8005704486193945,🙏🙏🙏
832532002394910_1036499394622890,🙏
832532002394910_538938815242113,
832532002394910_299526149908778,🙏
832532002394910_538487455282268,🙏
832532002394910_1203648614354017,💐💙🙏
832532002394910_895273725782447,🙏🙏🙏
832532002394910_1380995349970766,🙏🙏🙏
832532002394910_1955613291555813,🙏🙏🙏
832532002394910_395271436654920,🙏🙏
832532002394910_534154262489305,🙏
832532002394910_816232407381283,
832532002394910_788932846517766,💚🙏💚
832532002394910_477457808625522,🙏🙏🙏
832532002394910_1190009338994766,🙏🙏🙏🙏🙏
832532002394910_432876965870364,🙏🙏🙏
832532002394910_1229531138078526,🙏
832532002394910_872563154358161,💐🇮🇳🙏
832532002394910_1547599396133356,🙏🙏🙏
832532002394910_864508262297230,🙏🙏🙏🙏
832532002394910_438655725866844,🙏🙏🙏
832532002394910_1270885383909644,🤣🤣🤣🤣
832532002394910_1249528266225444,🙏🏻🙏🏻🙏🏻
832532002394910_1589000271972053,🙏🙏🙏
832532002394910_1230678554617934,🙏🏻🙏🏻🙏🏻
832532002394910_1225692462183513,", 🙏🙏"
832532002394910_437106626044670,🙏🙏🙏
832532002394910_507541828799509,🙏
832532002394910_550736297384887,❤️❤️🙏🙏
832532002394910_532268269188646,🙏🏼🙏🏼
832532002394910_2937610419713069,🙏🏽🙏🏽
832532002394910_475317585496357,🙏🙏🙏🙏🙏
832532002394910_479246138313153,🙏🙏🙏
832532002394910_1412169629740074,❤️
832532002394910_1232762437752959,😂
832532002394910_3662492184080851,♥️🙏🇮🇳
832532002394910_374530982366073,Happy teacher's day to all my respected teachers🙏
832532002394910_835674045343490,🙏🙏
832532002394910_823576892932609,Respected sir & mem  happy teachers day
832532002394910_1087545626407410,Happy teacher's day to all my
832532002394910_1848958748966015,সকল শিক্ষক দের শ্রদ্ধা জানাই।
832532002394910_1211832516730003,শিক্ষক দিবসে সমস্ত শিক্ষক দের আমার প্রণাম 🙏
832532002394910_1051723643264085,Happy Teachers' Day to all 💕
832532002394910_1143179640113109,"Happy Teachers day to you all 
🙏🙏🌹🌹🙏🙏"
832532002394910_938300801644190,প্রতিটি শিক্ষককে জানাই শিক্ষক দিবসের অনেক অনেক শুভেচ্ছা ।
832532002394910_434532816272499,Wish you a happy teachers day
832532002394910_1909499686183891,"শিক্ষক শিখিয়েছিলেন রাস্তায় গাড়ি আটকে ঘুষ নিতে,  নিজেদের ইউনিফর্মের অসম্মান করে ক্ষমতার পা চাটতে?"
832532002394910_523772263485031,"""আসসালামু আলাইকুম""একটা অফিসের লোক ভারতে মানুষ সহ অন্যান্য জীব হত্যা করে,এবং অন্যান্য সমস্যা সৃস্টি করে এ-ব্যাপারে আমি এর আগেও ভারতে যোগাযোগ করেছি আমার মনে হয় তারা গ্রুপ্ত দেয় নায় তাতের ভারতে অনেক মানুষ মেরে ফেলেছে এবং ভারতের অনেক ক্ষতি হয়েছে,আমার মনে হয় ভারতের লোক টাকা খেয়ে নিজেরা নিজেদের কে হত্যা করতে দিয়েছে।সবাই সচেতন হউন।এটা কোন ফান নয়,লাইক বা ফলো পাওয়ার জন্য নয়।আমি স্বপন প্যাদা,সন্তোষপুর,থানা:কাজিরহাট,বরিশাল,বাংলাদেশ।01407802040।ফোন এবং মেসেজ।"
832532002394910_1069851107931538,Happy teachers day
832532002394910_861344409256636,"চরম শিক্ষা দিলেন এই ১৩ বছরে, আর আপনাদের শিক্ষা দিলো কালীঘাট!!"
832532002394910_507692818869886,নপুংসক পুলিশ থু
832532002394910_2009129962875941,Happy Teachers Day
832532002394910_530223299463799,Nic
832532002394910_526930356419327,
832532002394910_1601585737374323,🙏🙏
832532002394910_1048793199991539,Nice
832532002394910_2392201017653537,আপনাদের শিক্ষক কে?
832532002394910_505370572196132,nice
832532002394910_3700261573519983,রাস্তায় রাস্তায় ওভারলোডিং  সবজির গাড়ি তার মাথায় পাঁচ ছয় জন করে বসে যায় পুলিশের সামনে দিয়ে পুলিশ রা তাদের কেন আটকায় না
832532002394910_836495285284372,"জানি আপনাদের এতটুকুও লজ্জা নেই, তবুও মনে করাই যে শান্তিপূর্ণ আন্দোলনের সময় শিক্ষকদের মিথ্যে কেস, জলকামান এবং লাঠি পেটা করেন কেনো ?
জানবেন ইনাদের হাতে ধরেই কিন্তু আজ আপনি পুলিশ হয়েছেন।"
832532002394910_872026881208891,শিক্ষক দিবসে সমস্ত শিক্ষক দের আমার প্রণাম রইলো।
832532002394910_26516548111324600,মেয়েটি আপনার নয়তো তাই প্রমাণগুলো হারিয়ে গেছে।।।
832532002394910_1663247054248556,কোনো প্রয়োজন নেই
832532002394910_2601479743355851,Eder keo to sikha dite paren ektu 😀 https://www.facebook.com/share/v/r9DVVt7ppUHBdkbK/?mibextid=D5vuiz
832532002394910_1053852469739443,"POLICE ER SUBHECHCHA  CHOR TEACHER DER JONNE 

Ami nilam na"
832532002394910_2310463445967791,Get well soon
832532002394910_1023530029410308,যাই দেখে আসি কলকাতা পুলিশ শিক্ষক দিবসে কি পোস্ট করলো। কমেন্টগুলো পড়ে আসি।
832532002394910_877305510958341,
832532002394910_1693264061466916,"আপনারা ভালো চাকরি করা সত্ত্বেও আপনাদের শিক্ষকরা আপনাদের মতো মেরুদন্ডহীন ছাত্রদের দেখে গর্ববোধ করতে পারবেননা।
এটাই ওনাদের শিক্ষকতা জীবনের  অভিশাপ একটা"
832532002394910_823008106665122,"Kal parking area te gari rakhar poreo 500 taka che Vul sikkha deaor jonno apnader janai 

HAPPY  Uneducated Teacher's Day"
832532002394910_1958617871253401,"একজন শিক্ষক হয়ে লজ্জিত আমরা, আপনাদেরকে এবং আপনাদের ভূমিকা দেখে। এরকম শিরদাঁড়াহীন মানুষ আমরা তৈরি করতে চাইনি।"
832532002394910_1206602090651092,আপনাদের শিক্ষক বিষ্ণুমাতা??
832532002394910_3691409701188567,শিক্ষক দিবসে একটা অনুরোধ DA চাইতে গেলে লাঠি চার্জ করবেন না
832532002394910_1538490460395895,"এসবের কি দরকার ছিল? দুদিন পরই তো ভাবী শিক্ষদের রাস্তায় ফেলে টানা টানি করবেন, সারাদিন লকাপে রাখবেন।"
832532002394910_1550204669258102,আপনার সাধারণ মানুষকে যে শিক্ষা দিয়েছেন এই কদিনে আপনাদেরকেউ শিক্ষা দিবসের শুভ কামনা রইল😐
832532002394910_1225922801874792,শিরদাঁড়া বিক্রি করে শিক্ষক দের শুভেচ্ছা দিয়ে লাভ নেই। তাতে শিক্ষক এর অসন্মান করা হয়।
832532002394910_526098579828608,Dr.Der সুরক্ষা দিন আগে।।।
832532002394910_1156709612067525,শিক্ষক দের সন্মান করবেন না আন্দোলন করলে কামড়ে দেবেন
832532002394910_1620068848850034,"""আসসালামু আলাইকুম""একটা অফিসের লোক ভারতে মানুষ সহ অন্যান্য জীব হত্যা করে,এবং অন্যান্য সমস্যা সৃস্টি করে এ-ব্যাপারে আমি এর আগেও ভারতে যোগাযোগ করেছি আমার মনে হয় তারা গ্রুপ্ত দেয় নায় তাতের ভারতে অনেক মানুষ মেরে ফেলেছে এবং ভারতের অনেক ক্ষতি হয়েছে,আমার মনে হয় ভারতের লোক টাকা খেয়ে নিজেরা নিজেদের কে হত্যা করতে দিয়েছে।সবাই সচেতন হউন।এটা কোন ফান নয়,লাইক বা ফলো পাওয়ার জন্য নয়।আমি স্বপন প্যাদা,সন্তোষপুর,থানা:কাজিরহাট,বরিশাল,বাংলাদেশ।01407802040।ফোন এবং মেসেজ।"
832532002394910_578315181299207,"জানি আজ শিক্ষক দিবস - আপনারাও সমাজের এক শিক্ষক।

প্রশ্ন উঠবে আপনারা শিক্ষক হলেন কি করে ..?
উত্তর এটাই হবে - আপনারা শিক্ষক না হলে সমাজ এতো জাগ্রত হতো না - তিলোত্তমার জন্য এতো প্রতিবাদ দেখা যেত না।।

এবার অন্তত আপনারা অদৃশ্য সবুজ জামা ছেড়ে খাঁকি রঙের পোশাক টা পরুন, প্রতিটি সাধারণ মানুষের কথা ভাবুন।।

আবারও বলছি পশ্চিমবঙ্গের জনগণের টাকায় আপনাদের বেতন হয় এটা ভুলবেন না।।

আপনাদের কেউ শিক্ষক দিবসের শুভেচ্ছা।।"
832532002394910_1229730531463249,"West Bengal Police 

এবিপি আনন্দ তে নিশ্চই এই খবর টা জেনেছেন। যেখানে আরজি কর কান্ডে প্রতিবাদীদের ওপরে দৃষ্কৃতিরা চড়াও হয়।

https://www.facebook.com/abpananda/videos/878083003747494/?app=fbl

 আপনারা এইসব দেখতে পান না?
এইটা নিয়ে কোনো প্রেস কনফারেন্স করবেন না?
নাকি এদের মধ্যে আপনাদের সিভিক গরু গুলো আছে যারা ধর্ষণ করে, ছাদ থেকে ধাক্কা মেরে ফেলে মানুষ খুন করে, রাস্তায় তোলাবাজি করে ? উত্তর আসবে কি আপনাদের পেজ এ?"
832532002394910_8166768593438167,Durniti te jor jorito sikha bebostha keo Happy Teacher's day 🙂
832532002394910_1025999752641325,"~ শিক্ষক দিবস ২৬এ সেপ্টেম্বর, আজকে নয়।"
832532002394910_2720720741461846,আপনারা শিক্ষক দিবসের শুভেচ্ছা জানাচ্ছেন? তা আপনারা সমাজকে কি শেখালেন ??? দুঃখ হয় কলকাতা পুলিশের জন্য !!!!!!!
832532002394910_1051007503394954,"ডক্টর এস. রাধাকৃষ্ণন বেঁচে থাকলে 
তিনি লজ্জায় লাল হয়ে বলতেন 
""আমি এক মেরুদণ্ডহীন সমাজকে শিক্ষা দিয়েছি""?"
832532002394910_2502390996598167,#justiceforRGKar
832532002394910_3484964935128106,"গাড়ি no ভুল টাইপ করে অন্য জন নামে চালান কাটানো শিক্ষক পুলিশ,,,, 😁শিক্ষক দিবসের শুভেচ্ছা 😅😅"
832532002394910_823229489879800,লাইট নিভিয়ে শিক্ষক দের পেটানোর কথা ভুলে গেছেন? শিক্ষকরা কিন্তু ভুলেনি।।। কর্মফল ভুগতে হচ্ছে তো এবার।।  মান সম্মান সব মাটিতে মিশে গেছে।।
832532002394910_1438962926913485,#justiceforRGKar
832532002394910_1036762924904630,We want justice......
832532002394910_1036804354805155,"হবু শিক্ষক দের যখন লাইট বন্ধ করে মারেন,সেই যে ব্যাপার টা............"
832532002394910_2133812173669137,এবার একটু সোজা হয়ে দাঁড়ান।আর কত দিন ঝুকে চলবেন।
832532002394910_482345661275255,A very sad detail of the incident was recorded by an eyewitness uns.wiki/nyrcn
832532002394910_872233471134604,"কাকে শুভেচ্ছা জানাচ্ছেন ?? সন্দীপ ঘোষকে , না বিনীত গোয়েল কে ??"
832532002394910_502250299223802,শিক্ষামন্ত্রী কে শিক্ষক দিবসের শুভচ্ছা জানাবেন🌹
832532002394910_1241528536842965,থিসিস চোরের জন্মদিন শিক্ষক দিবস নয়
832532002394910_1040559910811720,SIR আপনারা শিক্ষিত মানুষ বলুন তো আমার সন্তান সরকারি বিদ‍্যালয়ে পড়ছে। কিন্তু অযোগ্য ঘুষ দিয়ে পাওয়া শিক্ষকদের কাছে সে কি প্রকৃত শিক্ষা পাবে❓
832532002394910_405989242136644,"হবু শিক্ষকদের আন্দোলনে দিনের পর দিন পাশবিক অত্যাচার চালিয়ে এই সমস্ত পোস্ট করতে লজ্জা করে না ?
আপনাদের মতো মানুষদের কাছ থেকে কেউ এই শুভেচ্ছা গ্রহণ করে না।"
832532002394910_499277869653190,"""পুলিশরা কেন এতো আমানবিক হয়"" ???
মেরুদন্ড বলে এদের কিছু নেই।
বঞ্চিত শিক্ষকরা যখন রাস্তায় নিজেদের বঞ্চনার কথা তুলে ধরার জন্য নামে তখন ভালই লাথি কিল ঘুষি মারেন তখন কি মনে থাকে না শিক্ষকদের কথা।
West Bengal Police"
832532002394910_1038534554406584,#We_want_justice
832532002394910_534952222377536,কিছু মানুষের উচিত শিক্ষা হওয়া দরকার 🗿
832532002394910_457975400034816,Apnara ekta sikhok petano dibos o palon korun.
832532002394910_1057558345264733,ara abar Teacher's Day celebrate korche jara kina dayetwa niye teacher der naam dobay du nombori kore... jottosob nyakamo
832532002394910_1044773557043000,তা দিদিকে জানিয়েছেন তো🤣
832532002394910_907995321198521,"একজন শিক্ষক হিসেবে পুলিশ এর ফেসবুক থেকে অবিলম্বে এই পোস্ট ডিলিট করার দাবি জানাচ্ছি। 
দূর্গাপুরের ঘটনায় আবার প্রমাণ হয়ে গেছে পুলিশ সাধারন মানুষের নিরাপত্তা দিতে ব্যার্থ। উপরন্তু লুটতরাজ চালাচ্ছে।
চুরি, ডাকাতি করা পুলিশের কাছে শুভেচ্ছা নিতে লজ্জা বোধ হচ্ছে। 
ছিঃ ছিঃ ছিঃ"
832532002394910_1914239322374859,তাই আজ শিক্ষক ও রাস্তায়। শিক্ষিতরাও রাস্তায়👀✅
832532002394910_489812843909823,শিক্ষক গুলো কাঁদছে আজ 🤔🤔🤔 এই পোস্ট দেখে!!!! এমন ছাত্র নয় বা তৈরী করতো!!!
832532002394910_504958348925409,উনি কেউ শিক্ষক দিবসের শুভেচ্ছা। যিনি আমাদের শিখিয়েছিলেন “মহাভারত” কাজী নজুরুল ইসলাম লিখেছেন।
832532002394910_2888442264647882,Eta post kre aivbe sikkhar opoman krben na. Apnara dsrve krenna. Jader sotti karer sikkha a6e tara lorai kre sottyer jonne. Apnara toh lorai kr6en mitthyer jonne. Chaliye jan aivbei....
832532002394910_2230164720694487,লজ্জা নেই চটি চাটা!
832532002394910_915200650632384,আপনাদের এসব মানায় না।
832532002394910_2299178187106703,গতকাল বারাসাতে কেন বেফালতু নন বেইলেবেল অফেন্স লাগাতে গেলেন? কোর্টে আপনাদের মুখ পুড়তে পুড়তে তো angry হনুমান হয়ে যাওয়ার কথা।
832532002394910_812222557457769,Ei post gulo ke korche ?
832532002394910_486723820928991,"বারাসাতে রাতে গুণ্ডামি, সুপ্রীম কোর্টের আদেশ অমান্য করে প্রতিবাদ মিছিলে মানুষের গায়ে হাত তোলা, একটা বাচ্চার গায়ে হাত তোলা, আর দিনের বেলায় শিক্ষক দিবসের শুভেচ্ছা। বাহ, ডবল স্ট্যান্ডার্ড এর শিক্ষা ভালই দিচ্ছেন।"
832532002394910_926204909541223,আপনাদের ওটা শিক্ষক নয় শিক্ষিকা হবে 🌚
832532002394910_1077481147078558,"পশ্চিমবঙ্গ পুলিশ এবং পশ্চিমবঙ্গ বসিকে  নিয়ে সবাই মজা করে 
এটা আমার কাছে অত্যন্ত লজ্জার জানিনা আপনাদের কাছে মজার কি না?"
832532002394910_561674609523705,চাই আমার দিদির বিচার পারবেন মেরুদন্ড?
832532002394910_432412236515378,চাই না শুভেচ্ছা
832532002394910_1712636042806184,Backbone
832532002394910_530761182675732,Spineless der Teacher's day celebrate kora uchit noy!
832532002394910_1573360763562745,আপনারাও আগামী প্রজন্মকে চাটাচাটি-কাটাকাটি অনেক কিছু শিখিয়ে যাচ্ছেন... পরবর্তীতে আমরা এটা করলে দোষারোপ করতে পারবেন না।
832532002394910_1231487884674192,https://www.facebook.com/share/v/GE58CqkgNruFpqWd/?mibextid=xfxF2i
832532002394910_1018089973127467,বিচার পাবে তো
832532002394910_383805974582738,ভগবানের কাছে পার্থনা করি তিনি যেন আপনাদের উপর তলার অফিসারদের শিড়দাঁড়া সোজা রেখে নিচের তলার অফিসারদের বার বার বলির পাঁঠা হওয়ার থেকে রক্ষা করেন 🙏
832532002394910_1249205069763903,https://www.facebook.com/shuvamraybjp/videos/2259803977704953/?mibextid=0tGTXSTPvUiyuEfX
832532002394910_2381456432061971,আপনাদের প্রোটেকশনে থাকা সন্দীপ ঘোষকেও শুভেচ্ছা জানিয়ে দেবেন।
832532002394910_357265740794497,🥴
832532002394910_1044443600385783,Happy teachers day Sandip ghosh apnio to principal chilen oi medicale line eai hok but bepar to aki 🙂
832532002394910_438223779247530,পুলিশেরা তাদের শিক্ষক এর সঙ্গে কেমন ব্যবহার করে?
832532002394910_2876655959149196,"সাধারণ মানুষ , শিক্ষিত বেকার দেখলে হাত নিসপিস করে অপদার্থ পুলিশের আর অপরাধীদের ধরতে পারে না।
https://youtu.be/y8_uAhCp2i4?si=XDmMKnI08aKH_nJA"
832532002394910_1229052541567150,মেরুদন্ড সোজা রাখবেন।
832532002394910_8157145484367287,Pappy teachers day
832532002394910_1027319038672400,না সত্যি আপনাদের ডিপার্টমেন্ট এ শিক্ষা টা খুবই প্রয়োজন ।
832532002394910_874787337428254,"Aage Honesty from Police .
Chor r khuni Der banchate egiye ele cholbe na.
Tax payer er taka e aapnar Maine 

Aapnader subhechcha Churi kore Chakri Kora teacher Der jonne"
832532002394910_338008412635361,"বিশ্বসেরা মাননীয় পশ্চিমবঙ্গ পুলিশ West Bengal Police , হবু শিক্ষকরা তাদের নিয়োগের দাবিতে, প্রাপ্য  DA এর  দাবিতে শান্তিপূর্ণ আন্দোলন করলে আপনারা সেই হবু শিক্ষকদের উপর লাঠিচার্জ করেছেন , কখনও প্রিজন ভ্যানে তুলেও নিয়ে গেছেন সেই জায়গায় দাঁড়িয়ে আজকের শিক্ষক দিবসে শিক্ষকদের শুভেচ্ছা জানাচ্ছেন!!! সত্যি করে বলবেন? শান্তিপূর্ণ আন্দোলনে লাঠিচার্জ করার সময় আপনাদের মাথায় থাকে যে কাদের উপর লাঠিচার্জ করছেন/ কাদের প্রিজন ভ্যানে তুলে নিয়ে যাচ্ছেন?  

ভালো থাকবেন, বিশ্বসেরা পশ্চিমবঙ্গ পুলিশে কর্মরত সকল পুলিশকর্মী, আপনারাও একপ্রকার শিক্ষক, এতদিনে চোখে আঙুল দিয়ে দেখিয়ে দিয়েছেন এতদিনে অনেক কিছুই। 
আপনাদের কেও জানাই শুভ শিক্ষক দিবসে শুভেচ্ছা। 
সকলেই সপরিবারে ভালো থাকবেন❤️"
832532002394910_939738064854850,Aspirant Lone Survivor darun bolechis Bhai
832532002394910_442466858811717,Gourab Banerjee hmm এই লেখার সৌজন্যের পুরষ্কার হিসেবে পুলিশ আবার আমাকে ডেকে না পাঠায়  একটু ক্লাস নেওয়ার জন্য ; বিশ্বসেরা শিক্ষক তো এনারা ☺️🥰।
832532002394910_1259633045396485,Aspirant Lone Survivor ta ja bolechis
832532002394910_1053322642905510,Gourab Banerjee hmm☺️
832532002394910_543587438183614,শিরদাঁড়া খুঁজে পান আর সাথে একজন সুশিক্ষিত মানুষ হয়ে উঠুন এটাই প্রার্থনা করি।
832532002394910_485213144279688,পশ্চিমবঙ্গ পুলিশ সমাজের লজ্জা
832532002394910_1906105056481142,"শিক্ষা নিন ভিক্ষা নয়
প্রকৃত ভরসার হাত পুলিশ হয়ে উঠুন চটিচাটা দলদাস নয়। শুভ শিক্ষক দিবস 🙏"
832532002394910_421090787163865,দিদিমণি আর চটিটাকে প্রণাম জানিয়েছেন..??
832532002394910_822415033034704,সেখানেও তো ২০% মতন জাল শিক্ষক ঢুকিয়ে রেখেছে।
832532002394910_367494316430619,"কাল বারাসাতে পুলিশকে বাংলাতে কথা বলতে বলার জন্য প্রতিবাদীকে মারধর করে গ্রেফতার করল।
আর কতটা নিচে নামবেন আপনারা?
বারাসাতে প্রতিবাদীদের মিছিলে আক্রমণ করে গ্রেফতার করে নিয়ে চলে গেলেন।কিন্তু মাথাভাঙাতে শাসকদলের গুন্ডাবাহিনীদের কিছু বলার সাহস নেই আপনাদের।

মানুষ এখন ঘৃণা করে আপনাদের।"
832532002394910_2550564418467990,"আপনারা প্রকৃত অশিক্ষিত।
অমেরুদন্ডী প্রাণী,
আপনাদের জনগণ শিক্ষিত করে তুলবে সময় এসেছে"
832532002394910_533112159176479,#GET WELL SOON..
832532002394910_1887523481660125,"শিক্ষা আনুক আলো ( কোলকাতা পুলিশের পোস্ট) 
লাঠি, আর জলকামান দিয়ে আন্দোলনরত শিক্ষকদের হাড়গোড় করে দিবেন কি কালো? (আমার প্রশ্ন?"
832532002394910_1042426413630766,"দয়া করে আপনারা আজকে শপথ নিন 
চোর দের স্যার বলা ছাড়ুন আজকের পর থেকে"
832532002394910_483795024520912,শিক্ষামন্ত্রী পার্থ চট্টোপাধ্যায় ও জানিয়েছেন নাকি ?
832532002394910_874461177947833,নেতা আর সাধারণ মানুষের সমান অধিকার আইনের চোখে। এই শিক্ষা ঘড়ে  ঘড়ে পৌছে দিক শিক্ষক সমাজ।
832532002394910_881963263833263,প্রেসিডেন্সি জেল থেকে পার্থ চট্টোপাধ্যায় সকলকে শিক্ষক দিবসের শুভেচ্ছা জানিয়েছেন 🙏
832532002394910_3647806908803968,"একটি মেয়ের ওপর হওয়া চরম অসভ্যতার প্রতিবাদ করতে গিয়ে, যখন আরেকটি মেয়ের ( বা প্রৌঢ়া) সাথে, প্রতিবাদের নামে চরম অসভ্যতা করা হয়, তখন সেটা প্রতিবাদ থাকে না - প্রতিশোধ হয়ে যায়

আমি এই সার্বিক নোংরামির বিরুদ্ধে...লড়াই এর নাম করে এই উদ্দেশ্যেপ্রণীত অশ্লীলতার বিরুদ্ধে

প্রতিবাদের একটা মনন থাকে, মানসিকতা থাকে, নিজস্ব ভাষা থাকে - আর সেটা এত সস্তা হতে পারে না"
832532002394910_801474088863172,West Bengal police সবথেকে ভালো পুলিশ ফোর্স সব সময় কমেন্ট অন করে রাখে ❤
832532002394910_1099077308497640,বারাসাত ডাকবাংলো মোড় থেকে কাল যাদের তুললেন তাঁদের ছেড়ে দিয়ে নিজেদের প্রকৃত শিক্ষার পরিচয় দিন
832532002394910_1885087038679376,তারপর শিক্ষক নিয়োগে চোরদের স্যার বলা ছাড়লেন??
832532002394910_418079134196024,আপনাদের সন্তানেরা মানুষ হয়ে উঠুক।
832532002394910_413020871393599,আগে নিজেদের টা মানুষ করুন।
832532002394910_1447616612584497,আপনাদের থেকে যেটা শিখলাম সেটা লজ্জাজনক 🥺🥺।
832532002394910_762054112629384,Ritu Patra West Bengal Police আপনাদের এই ধরনের কমেন্ট করছে এটা কিন্ত মেনে নেওয়া যায় না
832532002394910_26516254301352814,"Tapas Tapas মানতে হবে না,😀"
832532002394910_8077831195587170,Tapas Tapas দলের সঙ্গে পুলিশ কে মিলিয়ে ফেলিস না রে 🐐। তৃণমূলের পু.লিশ নাকি?
832532002394910_1060903598781613,"এসব করে কোনো লাভ নেই আগে নিজেদের শিরদাঁড়াটা
সোজা করুন"
832532002394910_1048339470211982,"এই মাত্র পোস্তা দিয়ে ক্রস করছিলাম।
এতো কাণ্ডের মধ্যেও, চলমান বা গাড়ি দাঁড় করিয়ে 
ট্রাফিক ও সিভিক পুলিশ যে ভাবে টাকা নিচ্ছে, দেখলে অবাক হয়ে যাবেন। কেউ তো আবার ফ্লায়িং টাকা নিচ্ছে। এই অসহায় সময়ে,এইগুলো দেখে ভাবছি, পুলিশের আত্মমর্যাদা কোথায় পৌছালো।
একটা অনুরোধ, 
পুলিশ বাহিনী সুশৃঙ্খল হলে সমাজও একই পথে হাঁটবে।
আজ শিক্ষক দিবসের এই পোস্ট 
আমি নিতে পারলাম না। 
🙏🏼🙏🏼🙏🏼🙏🏼"
832532002394910_2365859410423971,আজতো টুকলি দিবস
832532002394910_481747924779939,"আপনাদের এই পোস্টগুলি দেখলেই শ্রী তপন সিনহার 'আতঙ্ক' ছায়াছবিটির বিখ্যাত ডায়লগটা মনে পড়ে যায়... ""মাস্টারমশাই, আপনি কিন্তু কিছুই দেখেননি!"""
832532002394910_1172078244020505,সন্দীপ ঘোষ কে জানাই শিক্ষক দিবসের শুভেচ্ছা
832532002394910_499250516303647,Santanu Bhunia dada ekhon kothai . Lalbazar na alipur central jail e
832532002394910_1785022065638908,যারা হাসির রিয়াক্ট দিয়েছেন তাদের মানসিক সুস্থতা কামনা করি। 🙂
832532002394910_867241155341377,Arunima Saha  চটি পিসি
832532002394910_1582478699005683,"নেবেন নাকি ১০ লাখ
হবে নাকি খেলা"
832532002394910_1870463163476899,Arunima Saha 😂
832532002394910_524810723570384,😂
832532002394910_835219592069583,"Arunima Saha TARA PRATYEKE I SUSTHO,TADER MERUDANDA SOHA BIKRI HOY NI."
832532002394910_821304430088587,Arunima Saha হাসির রিএক্ট দিযে ভুল কি করেছে?
832532002394910_1066888524953726,Arunima Saha  ke didi haris reaction apnar ki holo amr to Kolkata Police upor Has6i
832532002394910_1029535245320652,#justiceforRGKar
832532002394910_1573787333562163,Fake post kora sekhanor jonno kolkata police k shikkhok dibosh er subhecha
832532002394910_2798400253656411,"গতকাল রাতে বারাসাতে অন্দোলনকারীদের উপর বলপ্রয়োগ করেছেন, গালিগালাজ করেছেন। আশা করছি সেটা নিয়ে পোস্ট করবেন।"
832532002394910_3307875226175311,Dedicated to 🩴
832532002394910_1277736656930790,চটি চাটাকে শিক্ষা নেওয়া বলে না
832532002394910_1584291915521505,"Sikhok amon hok jara manush er moton manush hote sikhabe nijer chatro der...

Class e 1st to sandip ghosh o hoto"
832532002394910_3897939307197782,Apnara valo sikkhok thek kharap sikkhok hoyechen
832532002394910_1509212929963478,আপনাদের আর সহ্য হয়না।।
832532002394910_1512766466268864,সে ঠিকাছে।কিন্তু আপনাদের গুরুমায়ের শিক্ষা পদ্ধতি খুব খারাপ।
832532002394910_1024358432820630,Tomader sikha hok
832532002394910_504092775902995,আপনারা দেশের সংবিধান আবার ভালো করে পড়বেন। আর প্রায়ই পড়বেন।  ধন্যবাদ।
832532002394910_1282851782874433,Apnader sikkhok ra lojjito apnader ke sikkha debar jonno
832532002394910_1253214085994014,Ghush mukto Bangla chai
832532002394910_1041344440588869,❤️
832532002394910_901318288716321,",,,,, স্যার, চোরদের পক্ষ নিয়ে 
হবু শিক্ষক দের কামড়ানো, বুকে লাথ মারার মজা টা বলুন,,,,,"
832532002394910_383828491236404,"৩৪নং  জাতীয় সড়ক থেকে গতকাল রাত্রে জে ১৮ জন কে গ্রেফতার করা হয়েছে তারা ওই বারাসাতের বাসিন্দা নয় বলে তার প্রমাণ কি দিতে পারবেন........যদি দিতে পারেন তবেই এই ধরনের পোস্ট করবেন ....... নয়ত আপনাদের কোনো ভালো কিছু মনে না......
৩৪নং জাতীয় সড়ক ব্যস্ত সড়ক বলে উঠিয়ে দিচ্ছিলেন সেই ভিডিও আছে ....... শান্তিপ্রিয় মিছিল সরানোর অধিকার আপনাদের নেই....."
832532002394910_528980179544747,"https://www.financialexpress.com/india-news/kolkata-doctors-rape-murder-police-tried-to-hush-up-case-offered-us-money-claims-victims-father/3602070/ 

Shared by Financial Express  android app. 
Click here to download 
https://financialexpress.page.link/fe_app"
832532002394910_354720754265226,It's really worth laughing
832532002394910_1706760376767126,Absence of proper education
832532002394910_1034793857897243,"British period এবং এখন, পুলিশের চরিত্র বদলাই নি"
832532002394910_871790321125005,"""Boss is always right"" না ভেবে আপনারা যে কঠিন অনুশাসনে এবং শিক্ষায় আজকে এই জায়গায় পৌঁছেছেন তা সঠিক ভাবে প্রয়োগ করুন, পুলিশ না, মানুষ হিসেবে গর্বিত হবেন।"
832532002394910_1048370413348075,শিক্ষক দিবসে ওই সিঁড়ির প্রয়োজন
832532002394910_423078296926667,ধন্যবাদ আপনাদের আপনাদের আপনাদের কাছ থেকে শিখেছি চুরি করুন কিন্তু আপনার কাছে এতটা পরিমাণ পাওয়ার ও টাকা থাকুক যেটাতে আপনার চুরি সমাজের সামনে না আসুক
832532002394910_408947455161254,"মাথাভাঙ্গা তে রাতদখলের মিছিলে গতকাল রাত্রে কিছু দুষ্কৃতী যারা তৃণমূলের ছত্রছায়ায় থাকে তারা এসে হঠাৎ হামলা চালায়। প্রবীণ এবং মহিলারাও রেহাই পায়নি। শিল্পীদের গালে চর মারার মত নিকৃষ্ট ঘটনা ঘটেছে।

@BengalGovernor

https://www.youtube.com/live/t5PjyQ-ANBY?si=22HqlVoV6G0rHUPY"
832532002394910_807927991540945,আগে সঠিক ভাবে কাজ করতে শিখুন তারপর শিক্ষক দিবস হিসাবে পোস্ট করতে আসবেন
832532002394910_1202523241077106,"শিক্ষক রুনু গুহ নিয়োগী কে মানলে সর্বনাশ। নজরুল সাহেব ও ছিলেন, তাকে মানলে তবু ভালো।"
832532002394910_494041353608351,"আগে রাত্রে যা ঘটনা ঘটেছে 
সেটার ব্যবস্থা করুন (মাথাভাঙ্গা)
অ্যারেস্ট করুন ,,, নাহলে শিক্ষক পথে নেমে যাবে,,,"
832532002394910_497656826363111,"রাস্তায় যে শিক্ষকরা পড়ে আছেন,তাদের প্রতি শিক্ষক দিবসের আমার প্রণাম নিবেদন থাকলো"
832532002394910_3756441037940623,শিক্ষা সবাইকার দরকার কিন্তু। কিছু বিশেষ ধর্মের লোক আছে তাদের শিক্ষা দরকার নেই তাদের খালি দোয়া দরকার।।। যেমন বলে অল ওমান পারসেন লাভ
832532002394910_1185399032539552,বারাসাতে ভোরবেলা আন্দলোনকারীদের মেরে গ্রেফতার করেছেন। একটা ইস্কুল পড়ুয়া বাচ্চা ছেলে কে অবধি টানাহেঁচড়া করেছেন। আপনাদের গায়ে মানুষের চামড়া কিনা সন্দেহ....আবার শিক্ষক দিবস কপচাচ্ছে নির্লজ্জ
832532002394910_1884724158701122,আপনাদের শুভেচ্ছা লাগবেনা। শিক্ষকসমাজ আপনাদের মত অপদার্থ তৈরি করার জন্য গভীরভাবে অনুতপ্ত।
832532002394910_4013135835585928,Apnader shubho budhi hok. Sudhu post korlei hobe na manobik shikhhay j shikhito tar proman o dite hobe.
832532002394910_515427904400583,"আপনাদের একটু চৈতন্য উদয় হোক, রাস্তায় আন্দোলনরত হবু শিক্ষক শিক্ষিকা দের চ্যাংদোলা করে প্রিজন ভ্যানে তুলেছিলেন সেই আপনাদের মহান কীর্তি এর ছবি আজ পোস্ট করতে পারতেন তো।"
832532002394910_507823918532085,আন্দোলনরত শিক্ষকদের রাস্তায় পি// টি// য়ে শুভেচ্ছা জানাচ্ছেন? লজ্জা লজ্জা
832532002394910_1236681540686465,"""আসসালামু আলাইকুম""একটা অফিসের লোক ভারতে মানুষ সহ অন্যান্য জীব হত্যা করে,এবং অন্যান্য সমস্যা সৃস্টি করে এ-ব্যাপারে আমি এর আগেও ভারতে যোগাযোগ করেছি আমার মনে হয় তারা গ্রুপ্ত দেয় নায় তাতের ভারতে অনেক মানুষ মেরে ফেলেছে এবং ভারতের অনেক ক্ষতি হয়েছে,আমার মনে হয় ভারতের লোক টাকা খেয়ে নিজেরা নিজেদের কে হত্যা করতে দিয়েছে।সবাই সচেতন হউন।এটা কোন ফান নয়,লাইক বা ফলো পাওয়ার জন্য নয়।আমি স্বপন প্যাদা,সন্তোষপুর,থানা:কাজিরহাট,বরিশাল,বাংলাদেশ।01407802040।ফোন এবং মেসেজ।"
832532002394910_2271757429835769,"মাথা.ভা.ঙ্গায় কি স্টে.প নিলেন ঘটা করে পোস্ট করে জানাবেন, আর হাত গু.টিয়ে থাকলেও জানাবেন। অন্যান্য সি.ম্প্যাথি পোস্ট গুলোর মতো।"
832532002394910_1550282148929388,"আজকের দিনে শপথ নিন, কোনো কচি নেতা যেন কোনো শিক্ষকের দিকে জগ ছোড়ার সাহস না পায় আর।"
832532002394910_419260384035008,২৬ শে সেপ্টেম্বর সঠিক শিক্ষক দিবস। পন্ডিত ঈশ্বর চন্দ্র বিদ্যাসাগর মহাশয়ের শুভ জন্মদিন
832532002394910_1211895080125087,"Barun Biswas o akjon teacher chilen Sir/Mam.
Political netar lokjoner Onnyayer protibad korte giye khun hoyechilen. Enar mto manus der bichar pete help korun. Otai prokrito sonman janano  hbe. Je sikkhok ra neta der joler jug chorar lokkhyo hoye uthche, chatro der tukli na korte dewar jnyo, osobhyotar protibad kore henosthar sikar hochen, tader bichar pete help korun, properly FIR register kore, bhalo kore chargesheet baniye.... Amra jano school college e bhalo bhabe porate pari, sustho swabhabik obosthay bari fire aste pari...sei bhabe law and order maintain korun. Molestation er complain korte gele, victim er namei 4 te diary na kore tader protection din. Amra sikkhok somproday khub happy hobo."
832532002394910_866325622102395,Apnader moton sikhok chaina
832532002394910_1170500760894409,"😄😀😃😁 হাসছি কেন কেউ জানেনা, পাচ্ছে হাসি হাসছি তাই।😄😀😃😁"
832532002394910_1284147556352259,"কোলকাতা হাই কোর্টের চিফ জাস্টিস মামলাতে যথার্থ প্রশ্ন করছিলেন।
হঠাৎ মামলাটা সুপ্রিম কোর্ট সুও মোটো কেন নিয়ে নিলেন, তাই নিয়ে কোন ব্যাখ্যা দেওয়া হয়নি।
সুপ্রিম কোর্টের দুটি শুনানিতে এখনো মামলার সাবস্টেন্স, অস্থি মজ্জাতে পৌঁছতে পারেনি। কপিল সিব্বল হাসছিলেন না কাঁদছিলেন, তাই নিয়ে বিন্দুমাত্র আগ্রহ নেই।
কিন্তু উত্তর নেই:
🔴কেন কোলকাতা পুলিশ সশরীরে এই দুটো  শুনানিতে উপস্থিত ছিলো না?
🔴জাতীয় পুলিশদের ম্যানুয়াল অনুযায়ী এই ধরনের অপরাধের পর ক্রাইম সিন সুরক্ষিত করা হয়েছিল কিনা , দেহ সরকারের নিয়ম মানা হয়েছিল কিনা?
🔴আত্মহত্যা কে বলেছিলেন এবং কেন?
🔴ওই ক্রাইম সিন সংলগ্ন বাথরুম ভাঙার ওয়ার্ক অর্ডার কোথায়?

এই প্রশ্নগুলোর জবাব কাল না পেলে পরিস্থিতি আরও ঘোরালো হবে। আমরা কোলকাতার রাস্তায় যে বিশাল ক্ষোভের আন্দাজ পাচ্ছি, দিল্লিতে বসে সেটার আন্দাজ পাওয়া যাচ্ছে না, বা কেয়ার করেন না, নাকি চান পরিস্থিতি বাংলায় অবনতি হোক ?

একটি বাঙালি মেয়ের ওপর ঘটে যাওয়া এই জঘন্য অপরাধ কিন্তু ঠাণ্ডাঘরে পাঠানো সহজ হবে না। মনে করিয়ে দেবো আন্দামানের সেলুলার জেলের আসামিদের তালিকাটা এবং তাতে ৮০% নাম কাদের ছিলো।

© Dr. Arjun Dasgupta"
832532002394910_8091042551010234,শিক্ষা তো জেলে
832532002394910_486243164190252,"সময়ের থেকে বড় শিক্ষক আর কিছুই হতে পারে না। ""এই ঐতিহাসিক সময়"" আমাদের অনেক কিছু শেখাচ্ছে। 
শুভ শিক্ষক দিবস💐❤️"
832532002394910_1202316474314756,"SSC আন্দোলনকারীদের রাস্তায় ফেলে পেটানোর জন্য শুভেচ্ছা আপনাদের। 
শিক্ষকদের নিয়ে কথা বলার কোন অধিকার নেই আপনাদের। শিক্ষার মান আপনারা বোঝেন না। সুতরাং ঘটা করে শিক্ষক দিবস নাই বা পালন করলেন। আগে নিজের ডিউটি করতে শিখুন। নিজের কাজ নিজে করুন৷ শিক্ষকদের নিয়ে চিন্তা করার দরকার নেই আপনাদের। মান সম্মান তো ধুলোয় লুটিয়ে দিয়েছেন।"
832532002394910_2282412482122208,আপনাদের গুরু মাতা কে কী উপহার দিবেন।
832532002394910_455347784170233,"আপনাদের প্রচুর পরিশ্রম করতে হয় দিনরাত, রোদে জলে ... শুধুই এটুকু অনুরোধ মাথা উঁচু করে কাজ করুন।  শুভ শিক্ষক দিবস। 🙏"
832532002394910_1026476882099664,জগণন কেমন শিক্ষা দিচ্ছে??
832532002394910_1709820773162455,"Ajanta-r hawai choti-r photo ta diten, apnaara to okhanei bibek r sirdara ta bikri korechen"
832532002394910_7883480088440645,Apnader teachers ra lajjay mukh lukiyechen.
832532002394910_823733539870016,Kolkata তে হবু শিক্ষক গুলো ২. ৫ বছর ধরে ধর্নায় তবু নিয়োগ নাই।।।
832532002394910_1584850172246350,Apnara aktu Thik Hon
832532002394910_1053240632904202,"শিক্ষক দের হাতে লাঠি ফিরিয়ে দেওয়া হোক, 
তাহলে পুলিশ কে কম লাঠি চালাতে হবে।"
832532002394910_508269858564786,"যারা এখানে হাসির রিয়াক্ট দিলে, সার্টিফিকেট বিহীন ছাত্র নাকি"
832532002394910_1932287463919205,Nirlojjo janoyar chotolok....  Mor tora!!
832532002394910_1306164657228041,"গৃহ শিক্ষক হয়ে বলছি, 
চাকরির পরীক্ষায় পাশ করেও, নিজের হকের চাকরি চাইতে গিয়ে, যে লাঠিপেটা 🎁উপহার পেয়েছি, সেটা যেন ভগবান আপনাদের সন্তানদের কপালে ও লিখে রাখেন। 
ধন্যবাদ।"
832532002394910_833940195550189,"আপনাদের সন্তানদের শিক্ষকরা যেন আপনাদের মতো ছাত্রছাত্রী তৈরী না করেন এটুক প্রার্থনা থাকলো তাঁদের কাছে।

আপনাদের সন্তানদের শিরদাঁড়া যেন আজীবন ঋজু থাকে এটুকুই আমার চাওয়া।

অন্তত জীবনে একবার হলেও তাদের দেখে যেন আপনাদের অনুশোচনা হয়। তাহলেই শিক্ষকদের শিক্ষকতা সার্থকতা লাভ করবে।

—ঋষিকৃপা"
832532002394910_1531641851077784,হ্যাঁ ঠিক এই ভাবে কিছু লোক টাকার সিঁড়ি দিয়ে উঠে গিয়ে শিক্ষক হয়ে গেছে এই সরকারের আমলে 😌😉
832532002394910_1034353198230374,Diganta Mondal  নীরব মোদীর মতো না কি
832532002394910_1536962050548460,"পিতা মাতার পরের সম্মানিত এবং ভরসা থাকার কথা একজন শিক্ষকের উপর।
শিক্ষকরা জ্ঞান দানের পরিবর্তে রাজনৈতিক তেলবাজি এবং অতিরিক্ত সম্পদ অর্জনের চেষ্টায় ব্যস্ত। তাই সম্মান কমে গেছে।
শিক্ষকদের জ্ঞান দানের সর্বোচ্চ পেশায় ফিরে আসার আহবান জানাচ্ছি।
শিক্ষক দিবসে শুভেচ্ছা।"
832532002394910_3746282752354356,Apnader to teacher holo 🩴 🤣🤣🤣🤣
832532002394910_519095160815822,"প্রকৃত শিক্ষার দরকার তো আপনাদের এখন যা দেখছি , শুভেচ্ছা রইলো ।"
832532002394910_1492194768327296,"আগে জানতাম কেঁচোর শিরদাঁড়া নেই, কিন্তু এখন দেখছি আরেক বিশেষ প্রাণীর মেরুদন্ড নেই।
হয়ত কোনো এক কালে ছিল এখন চটির কাছে বন্ধক রেখেছে।।"
832532002394910_2851703394985831,"শিক্ষক দিবসের অনেক অনেক শুভেচ্ছা সবাইকে , আমাদের নম্র হতে হবে , বিনয়ী হতে হবে , অন্যায়ের বিরুদ্ধে প্রতিবাদ করতে হবে । নৈতিকতার সঙ্গে কখনো আপোষ করলে চলবে না । মনে রাখা প্রয়োজন মেরুদন্ড সোজা রাখতে পারে একমাত্র 'শিক্ষা'। ধন্যবাদ।
              - rAHuL"
832532002394910_1154177219013358,সাধারণ মানুষ এখন শিক্ষকের ভূমিকায়
832532002394910_1573301436638471,"চটি আমায় দিল শিক্ষা ঠিক মত চাটতে, চটি আমায় বলল সাধারণ মানুষের উপর অন্যায় হলেও চোখ কান বন্ধ রাখতে।এরে দুধেল আসলে তেড়ে লুকায় মোরা ladies বাথরুমেতে,
বিষ্ণুমাতার কল্যানেতে শিখলাম আমরা ভালো করে চটি চাটতে।
জ্ঞানদাত্রী বিষ্ণুমাতার প্রতি ফ:ব কুলিস"
832532002394910_2511023812436706,"শুভেচ্ছা জানাই,,,
তবে....  না থাক বলব না🤫
আপনাদের থেকে ভাল শিক্ষা পাচ্ছি আমরা😄"
832532002394910_526900576515470,শিক্ষক দিবসের কামনা করি কোলকাতা পুলিশের শিরদাঁড়া টা সোজা হোক। আপনাদের হৃত সন্মান ফিরে আসুক। ঘৃণা ছেড়ে আমরা যেন আপনাদের নিয়ে গর্ব অনুভব করতে পারি।
832532002394910_2133984223741021,জুতা জুতা জুতা দলদাস
832532002394910_1056240932783847,"একজন থিসিস চোরের জন্মদিন কিভাবে শিক্ষক দিবস হয়? আমাদের শিক্ষক দিবস ২৬শে সেপ্টেম্বর, বিদ্যাসাগরের জন্মদিনে।"
832532002394910_1008335991088516,নবান্ন তে পাঠালেই হবে সোশ্যাল মিডিয়া তে দেওয়ার তো কোন দরকার ই নেই 🙂
832532002394910_542668248321872,"West Bengal Police @followers 
সন্দীপ ঘোষকেও কি শিক্ষক দিবসের শুভেচ্ছা জানানো যাবে?"
832532002394910_1586175285580839,Abar Comment off kore debe😓
832532002394910_1208987396811635,শিড়দাড়া সোজা করুন আগে তারপর শিক্ষক দিবস পালন করবেন🙏
832532002394910_1326176718763225,পশ্চিমবঙ্গে শিক্ষক আছে নাকি  ??😳😳😳
832532002394910_549056307545198,একদম চুপ
832532002394910_504165768896594,হ্যাঁ ঠিক ওই ভাবে কিছু লোক সিঁড়ি দিয়ে উঠে যায়... 😌😉
832532002394910_797306148986369,"বং প্রেমী ঘুষ খেয়ে উপরে উঠে যায়, এমনি তো যোগ্যতা নেই 😆 ওনাদের শিক্ষিকা তো একজনই 😌 😆"
832532002394910_412011371492773,আপনাদের যারা শিক্ষক ছিল তাদের ছেলে পুলে গুলোকে আপনারাই লাঠি মারছেন কারণ তারা অধিকারের দাবি নিয়ে রাজপথে
832532002394910_7883861768378815,পুলিশদের চেতনা হোক💐
832532002394910_1052467699725403,আপনাদের মতো শিক্ষকদের শিক্ষায় শত শত ঘোষ এমন শিক্ষায় শিক্ষিত হয়েছে । বাংলা গর্বিত হয়েছে
832532002394910_492901833597808,পাবলিক আপনাদের শিক্ষক! প্রণাম জানান😌
832532002394910_400538046076181,শিঁড়দাড়া ছাড়া কেউ শিক্ষক হতে পারেনা 😂😂
832532002394910_322574484260146,"West Bengal Police শিক্ষক দিবসের শুভেছা আপনাদের সকলকে, ভালো থাকবেন 🙏
এবং জীবনে বা কর্মস্থলে আমাদের তো একজন আদর্শ কেউ থাকেন তাদের মধ্যে যেনো রাজীব কুমার এবং বিনীত গোয়েলের মত কেউ না হন।"
832532002394910_820535246912191,"সনাতনী রা সারা দাও
কৃষ্ণ নাম মুখে নাও
জয় শ্রী কৃষ্ণ"
832532002394910_1981725342265287,সব অন্যায়ের উচিত শিক্ষা দেবেন। এই আশা ও ভরসা রাখলাম। শিক্ষক দিবসের শুভেচ্ছা। ❤️💐
832532002394910_379862018500820,কিছু অভদ্র আচরণ করা মানুষ দের আগে উচিত শিক্ষা দিন তারপর না হয় শিক্ষক দিবসের শুভেচ্ছা  জানাবেন
832532002394910_399480296513792,"একবার আপনারাও প্রতিরোধ গড়ে তুলুন, রাজ্যের স্বার্থে।"
832532002394910_1211966883260772,শিক্ষক দিবসে শিক্ষা হোক ও চেতনার উদয় হোক
832532002394910_876700447685114,মৌ লি ক ওদের আবার চেতনা! এরা মানুষই নয়। রোবট। শাসক শ্রেণি যেমন করে প্রোগ্রামিং করে পাঠায় তেমন কাজ করে। আজ এসেছে শিক্ষক দিবস ফলাতে।
832532002394910_1216376162908400,পশ্চিমবঙ্গে শিক্ষক নিয়োগ তো বন্ধ
832532002394910_812408950757092,"আজ সকাল সকাল ঘুম থেকে উঠে আমি বিছানায় বসেই আমার সকল শিক্ষক শিক্ষিকাদের মেসেজ, ফোন ইত্যাদি করছিলাম...

""স্যার/ম্যাডাম, আমি জীবনে যতটুকু যা করতে পেরেছি সবটাই আপনাদের জন্যই... কৃতজ্ঞতা জানাই, প্রনাম নেবেন...""

হটাৎ আমার বৌ পাশ থেকে খেঁকিয়ে উঠে বলল: ""এভাবে নিজে ভুল, অকর্মণ্যতা, অসফলতার দায় নিজের শিক্ষক শিক্ষিকাদের ঘাড়ে চাপানোর দরকার কি..."""
832532002394910_1473816356633115,Raju Bara😒
832532002394910_1483255212314674,Raju Bera একেবারে সপাটে থাপ্পড় মারলেন।
832532002394910_2466241270238537,Raju Bera police wala dabang style petai ni to 🤭🤭🤭
832532002394910_485980380876276,"Arnab Gurey বিয়ের তিন মাসের মধ্যেই বুঝতে পেরেছিলাম, বৌ-ই আমার সর্বশ্রেষ্ঠ শিক্ষক!
😂😂😂"
832532002394910_467489949602303,Raju Bera bou der kache surrender hoye jete hoi🙏 eta immortal truth
832532002394910_528783683065595,"Wow, what a teacher you are !"
832532002394910_492474043568127,Ghus khor ra akhn subhecha janache. #Respect_Teachers_Day
832532002394910_524984800045202,ধারাবাহিকভাবে প্রকৃত শিক্ষক-চাকরিপ্রার্থীদের আন্দোলনে পাশবিক নির্যাতনের পর এই‌ শুভেচ্ছা বড়ই হাস্যকর।
832532002394910_1239153827272329,শিক্ষা দপ্তর তো জেলে 😂
832532002394910_1479334799423107,বঞ্চিত শিক্ষকরা যখন রাস্তায় নিজেদের বঞ্চনার কথা তুলে ধরার জন্য নামে তখন তো বেশ ভালই লাথি কিল ঘুষি মারেন তখন কি মনে থাকে না শিক্ষকদের কথা
832532002394910_900956251964894,সৌ র দ্বী প  💯 right 👍
832532002394910_394187607119960,সৌ র দ্বী প 💪👍
832532002394910_1033070628107565,"পুলিশরা হবু শিক্ষকদের পেটায়, যোগ্য শিক্ষক দের পেটায় ,"
832532002394910_388729000913850,PC কে জানান গে যান
832532002394910_1055054396325123,অচেনা বর্মন what??🤣🤣🤣
832532002394910_379260355064355,অচেনা বর্মন  Apnar teacher der sathe meet korte icche korche jara ki'na apnake eto uccho sikshito koreche
832532002394910_1285992179426682,ছাত্রীকে পাত্রী বানিয়ে নেওয়া শিক্ষক দেরকে ও জানাই শিক্ষক দিবসের শুভেচ্ছা 😁
832532002394910_1036479810971574,"শিক্ষক দিবসে মাননীয় পুলিশ মহোদয় এর কাছে নতমস্তকে আবেদন শিক্ষা নিতে হবে বর্তমান সমাজ ব্যবস্থা সম্পর্কে ও পূর্ব বর্ধমান কার্জন গেট কান্ড র বাহারী রুপ ও পরিকল্পিত পরিকল্পনা সম্পর্কে।
জয় ভারত"
