COMMENT_ID,COMMENT
833222238992553_856546069909763,Ai vabe sobar pase thakun sir
833222238992553_521668267216883,Salute West Bengal police
833222238992553_8380983198633217,"ভালোকাজ sir.. but aro করা আইন আনতে হবে আমদের.. ওই মেয়েটার Future তো আরো ভালো হতে পারত!! ঐ ক্ষতি টা 3 লাখ টাকায় দিয়েও মিটবেনা কোনদিনও!!, অনেক অনেক বেশি দাম একটা মেয়ের আত্মসন্মান টা!! 😶"
833222238992553_536282812183460,"অন্য ক্ষেত্রে তো সাজাপ্রাপ্ত আসামীর ছবি দেয়া হয়, সানাউল্লাহ-র ছবি নেই কেন?"
833222238992553_1740403676732021,Prasun Maitra নামটা প্রকাশ করেছে এই অনেক
833222238992553_381174431735051,Prasun Maitra দুর্গাপুরে তো এদেরই এক পুলিশ 1 কোটি মত ছিনতাই করেছে। এসব খবর বা টাকা ফেরতের ছবি কি এই পেজে পাওয়া যাবে কিনা জানতে মন চাইছে।
833222238992553_860780712371119,মেয়েদের উপর অত্যাচারের বিচার অতি দ্রত হওয়া উচিৎ!!!! শাস্তি এমন হওয়া উচিৎ তা দেখে দ্বিতীয় বার কেউ অপরাধ করার সাহস না পায়!!! কেনোনা আমাদের দেশে মহিলাদের উপর অত্যাচার দিন দিন বেড়েই চলেছে!!!!
833222238992553_1246059259612650,"স্যার, আপনাকে স্যালুট জানাই"
833222238992553_856843889921562,স্যার আপনার দক্ষ তদন্তের ফলে আরো এবার সমাজে ন্যায় প্রতিষ্ঠা হলো এবং দোষী ব্যক্তি যাবতজীবন সাজা প্রাপ্ত হলো। একজন সফল তদন্তকারী পুলিশ অফিসার হিসাবে আপনাকে পেয়ে আপনার সাথে কাজ করতে পারার সুযোগ পেয়ে আমরা গর্বিত।
833222238992553_533345409150460,জয় মেজবাবুর জয়
833222238992553_873281377604409,Salute sir great job
833222238992553_1609615709683322,"এই ভাবে  পশুগুলোকে সাজা দিন,  🙏"
833222238992553_1052208249895472,"Si বিমল কুমার চক্রবর্তী আপনাকে কুর্নিশ জানাই। আপনাদের মত মানুষ আছে বলেই এখনো মানুষ বিচার ব্যবস্থাকে আস্থা রাখে। আরো এগিয়ে চলুন স্যার ,ভালো থাকবেন 🙏"
833222238992553_500406452612239,Good job sir salute sir
833222238992553_406459375813979,"Congratulations 💐 Sir. We are safe, because of you. You all ""be safe"". 🙏"
833222238992553_3722626624657618,Good job sir salute sir
833222238992553_1706704290158663,Sob thik ache tobe sentance to death dile valo hoto
833222238992553_8111283645655313,Great job Sir 👍
833222238992553_2519551374922560,Great job sir
833222238992553_3765154517061399,ধন্যবাদ West Bengal Police  কে।।
833222238992553_800377585340600,Salute sir ❤️
833222238992553_959903425891858,Good job Sir
833222238992553_545852248006238,"Shudhu jail noy, aadh mora kore fele rakha uchit"
833222238992553_3453725818264559,Salute Sir 🫡❤️
833222238992553_1504977516826859,"Good job, salute janai"
833222238992553_1039011264267323,Salute sir
833222238992553_559344749757160,Good job sir
833222238992553_504600252507096,"আপনাদের জন্য আমরা শান্তি থাকি, আন্দোলন করি, কিছু সমাজ বিরোধী আপনাদের বিরুদ্ধে কথা বলে। খুব খারাপ লাগে। আপনারা শ্রদ্ধার মানুষ।"
833222238992553_548220314432656,Good job 👍
833222238992553_2086802435069002,Good job sir
833222238992553_1979367522513474,Good job sir
833222238992553_2299150637104036,Good job
833222238992553_1078467343118954,Salute Sir🫡
833222238992553_3618800365098481,Good job sir
833222238992553_492991103660982,Very very good work.
833222238992553_494308590076755,Good job sir
833222238992553_1188445459105055,Good job 👍🏼
833222238992553_833785908785153,Very good investigation sir
833222238992553_1730774217663194,Avijit Samadder অভিজিৎ এখন কোথায় আছিস?
833222238992553_531316302751393,Good job
833222238992553_2074394682977176,Salute sir
833222238992553_3948649438751494,"এই সব পশু গুলোর একটাই সাজা শুধু মাত্র ফাঁসি,
না হলে একরম বর্বরতা দিন দিন বেড়েই যাবে,

যাতে এই সব কাজ করার আগে ১০বার ভাবতে হয়"
833222238992553_552610177110917,good Job Sir
833222238992553_1230098441752039,I 💚WBP
833222238992553_524429103433092,ধন্যবাদ আপনাকে 🙏🙏
833222238992553_1994430507657945,Good job
833222238992553_1036132297832323,Happy teachers day sir
833222238992553_1000176261857074,Good job sir
833222238992553_406895275375424,Aima aima saharaw 🌹🌹🌹🌹🌹🌹
833222238992553_1048319603602681,স্যালুট স্যার
833222238992553_918929400279744,সেলুট স্যার
833222238992553_1029021252097665,জয় মেজবাবুর জয়
833222238992553_1888184858343602,তাও কিছু লোকে বলবে যে পশ্চিমবঙ্গে কোনো অপরাধীর নাকি শাস্তি হয় না।
833222238992553_524083650119268,Vicky Mukherjee না না কেউ বলবে না তবে  পশ্চিমবাংলার চটিলেহন কারি দের শাস্তি হয় না এটা বলতেই পারে😶😶
833222238992553_479790688360775,Good job
833222238992553_1278323486869993,Excellent work 👍👌👏👏
833222238992553_1696024414497708,স্যালুট স্যার।
833222238992553_1884730652046039,স্যালুট স্যার
833222238992553_818843937125932,অভিনন্দন জানাই।
833222238992553_542626121668776,পশ্চিম বাংলার পুলিশ পারে।
833222238992553_478870654967601,Okanei guli mara uchit. Meye ti kon family belongs kore..
833222238992553_1709129419898246,প্রণাম নেবেন স্যার।🙏🏻
833222238992553_1033444281320822,Y after 3 years it’s too late
833222238992553_845773714203644,Sab sir jadi amon hoto to satti khub valohoto
833222238992553_863430539070344,"কি শাস্তি হলো, সেটা প্রতিটা খবরের কাগজে হেডলাইন হওয়া উচিত, তবে ধর্ষকদের মনে ভয় আসবে।"
833222238992553_1280830426448847,ফাঁসি
833222238992553_1681786455888902,সানাউল্লার ছবি কই ?
833222238992553_3742947025944998,"আপনাদের উপর ভরসা সবসময়, আমরা যারা পুলিশ হওয়ার জন্য পড়াশোনা করছি এই কাজগুলো তাদের কাছে অনুপ্রেরণার এক একটি মাইলফলক 🙏🏻

গর্বের পশ্চিমবঙ্গ পুলিশ ❤️"
833222238992553_1025260452942600,"Sk Firoz Ali হ্যাঁ গর্বের ঘুষখোর পুলিস 😂 .... 
পুলিশ শব্দ টাই একটা গাল ।"
833222238992553_481949481355591,Salute sir
833222238992553_480457501469970,"খুব ভালো 👌
তবে এতদিন তো এরকম পোস্ট দেখি নি হঠাৎ কি হলো ?"
833222238992553_525036499979376,"এটাই করা উচিৎ 
ভালো কাজ👍"
833222238992553_1589058201822424,Good job
833222238992553_1165776457858278,Good job bimal kumar saheb er
833222238992553_527816699638591,
833222238992553_1370779407642770,
833222238992553_890600796460963,
833222238992553_1537930600469956,🙏🙏
833222238992553_1233621091309452,🫡🫡🫡
833222238992553_547067661180442,❤️🙏
833222238992553_1746486759493687,❤️❤️❤️
833222238992553_413377071351880,"Amar Sangbad আমার সংবাদ 
Newz 24 Ghanta"
833222238992553_4603115596580875,🫡
833222238992553_1087789999578202,Salut Sir🫡
833222238992553_3865793230364225,Very good investigation sir. Joy Hind sir
833222238992553_833243825660168,Good job
833222238992553_367499246415589,Good job sir ..... Salute u Sir
833222238992553_1196711048241611,"অন্য ক্ষেত্রে তো সাজাপ্রাপ্ত আসামীর ছবি দেয়া হয়, সানাউল্লাহ-র ছবি নেই কেন?"
833222238992553_1465455710836183,Salute sir 🫡
833222238992553_813660200851257,Salute sir
833222238992553_557003136664953,Salute
833222238992553_560256603126605,Salute
833222238992553_542278071656670,Salut sir
833222238992553_552173487482018,Salut sir
833222238992553_498139686479187,Salut sir
833222238992553_1955939811521031,.🙏🙏🙏🙏..
833222238992553_502209842512654,Salute
833222238992553_952710710206855,Salute.Sir.....
833222238992553_808540208105323,Salute sir
833222238992553_507282758613633,Saute sir
833222238992553_1677852756370094,Thanks
833222238992553_994438585765557,Salute Sir
833222238992553_8428922817170874,
833222238992553_1073743524367827,সে না হয় বুঝলাম । কিন্তু এতদিন পর কেনো বিচার পেলো । এখন বা পোস্ট করে কি বোঝাতে চাইছেন । যে তিলোত্তমা থেমে যাবে ।  শাক দিয়ে মাছ ঢাকা যায় না sir
833222238992553_1158938785167764,"ধামাচাপা পড়ে যাওয়া কেস গুলোর ব্যাপারেও আমাদের জানান.... 

2019 পুরুলিয়া মনিকা মাহাতো রে* কেস কোন পুলিশ অফিসার দেখছিলেন ?
তার এখন কোথায় প্রমোশন হয়েছে ??

অপরাধী গুলো কোথায় গেছে ??"
833222238992553_1529363374349550,"বাহ   তিন বছরের মধ্যে solve.  Congratulations. 

Rgkar justice তাহলে 2027 er মধ্যে hoe jabe..আশা করি"
833222238992553_1012991757290510,"স্যার,
আপনাদের জন্য পুলিশের একটু হলেও কদর ও সন্মান বাড়লো।"
833222238992553_877057503845255,"Aar kono High Level ba prabhab shali r chele jdi kauke rape kore.... Case dismiss drkr porle meye r baap ma jele dhukiye debe... Osob jana ache bhai... Oi kut kachari case jader kono upor mohol er chena jana neyi oder jonno koto IPC Act... Koto formality... Koto kelani lock up a ba ba mahan police mahan duty korche... Bhaba jaye... Upor mohol theke ekhunji HELLO bole dik drkr porle FIR chire fele debe... Nahole sala Vijay Maliya & Mehul cholki Nirav Modi taka mere bose ache kichu hocche... Aar tmi samanno SBI, PNB je bank ei hok loan chao matro ১ lakh ei cheye dakho... Form 16 ache salary slip ache company identity ache Co Lateral security ache... Aato kichu chaibe je tmi Loan Spelling tai bhule jabe... So esob dekhiye lab neyi onek jana ache onek chena ache boyes toh amr kom hyene... Thak bhai onek hyeche 🤚🤚🤚🤚"
833222238992553_2274569302915373,"First I thought, he is the culprit. 🙂"
833222238992553_1053534558964145,তবে এই শাস্তি দেওয়ার জন্য পুলিশ ডিপার্টমেন্ট কে কুর্নিশ জানাই খুবই ভালো কাজ। ঠিক করেছেন। সকল পুলিশদের উদ্দেশ্যে বার্তা আপনারা মেরুদন্ড সোজা করে কাজ করুন আপনারা সকলে ঊর্ধ্বে সকলের উপরে সম্মান পাবেন
833222238992553_510252844948577,"আমার এলাকায় , কয়েক জন বাংলাদেশী এসেছে ,,,
সেটা আমি আমার লোকাল থানা তে complain করি,, pundibari police station....

Sa** গুলো , কোনো action e নিলো না ।।।

মুখে টাকা গুঁজে রেখেছে ।"
833222238992553_533554519044539,Eshb fb e post na kore abhaya r doshi der khojar kaaj e mon den dekhi. Okommer dheki. Apnader spineless activity dekhe agami projonmo police howar kotha chintao korbenah.
833222238992553_900461635309220,2021 er case solve holo 2024 e?? Ajob deri vai
833222238992553_1207852780422782,"https://bangla.hindustantimes.com/bengal/districts/durgapur-incident-police-staffs-are-involved-in-robbery-at-durgapur-police-arrested-the-gang-31725642718843.html
Police aajkal dakatio korche ? Wah wah."
833222238992553_1797428621058678,"Sir
কিছু মনে না করলে
পোস্ট হেডলাইন এর নিচে অভিযুক্ত র শাস্তিপ্রাপ্ত এর ছবি দেন
হেডিং এর নিচে সাহসী বিমল স্যার এর ছবিটি  দেখা যাচ্ছে
ফলে অন্যরকম   নেগেটিভ  মনে হচ্ছে
শাস্তি  প্রাপ্ত  ব্যক্তির পাশে সাহসী পুলিশ অফিসার  এর ছবি  থাকলে ভালো লাগবে
হেডিং  এর নিচেই  বিমল বাবুর ছবিটি 
একটু অদ্ভুত  লাগছে
নয়তো বা অপরাধীকে সাহসিকতার  সঙ্গে গ্রেপ্তার  করে দৃষ্টান্ত স্থাপন  করলো পুলিশ 
এই লাইন টি জুড়ে দিয়ে বিমল বাবুর ছবিটি  দিলে
আরও  সুন্দর হতো প্রতিবেদন টি"
833222238992553_813489284140626,পুলিশ এর আসল রূপ সবাই টের পেয়ে গেছে। তাই এখন যতই ভালো কাজ করার নাটক করুক না কেনো কিছু হবে না আর
833222238992553_1781571215713141,"১০০ টার মধ্যে একটা ঘটনা এমনি দেখা যায়, এবং বাকি ৯৯ টা ঘটনা রাজনীতি/টাকার আড়ালে লুকিয়ে যায়।
এখন তো রোজই একটা করে ধর্ষণের ঘটনা শুনতে পাচ্ছি।"
833222238992553_1553086102085993,"খুব ভালো স্যার
কিন্তু তিলোত্তমার ক্ষেত্রেও এমনই পোস্টের আশায় রয়েছে পুরো পশ্চিমবঙ্গ ।।"
833222238992553_1305119660864024,https://www.facebook.com/bpofficialpage/videos/1507827443177850/?app=fbl
833222238992553_450931700602700,আইন এমন হওয়া উচিত যাতে সমাজের পরিবর্তন হয় । এই সব লোক পরবর্তীতে টাকা দিয়ে জামিনে বের হয়ে যায় । তাকে মাটির ভিতর গে*** পা*** মে*** হ*** করা দরকার ছিল
833222238992553_1424546571560411,আপনারা পারলেন কিন্তু কলকাতা পুলিশ কেন ন্যায় বিচার দিতে পারছে না ! - আমরা সাধারণ মানুষ খুব অসহায় বোধ করছি।
833222238992553_1790796761727095,"এখানে ক্রিমিনাল হেভি ওয়েট ছিল না। তাই পুলিশ তাড়াতাড়ি কাজটা সেরে ফেলেছে। বাকিটা বললাম না,"
833222238992553_1959328024490884,"কিছু চুঁচিল দের এগুলো চোখে পড়বে না কারণ তাদের চোঁখ এবং ব্রেইন গোবর আর গো মূত্র দিয়ে ভরিয়ে রেখেছে । 

Thank you WBP"
833222238992553_524647636646413,অপরাধীর ধর্ম হিন্দু হলে রায় ও অন্যরকম হতো
833222238992553_854105463353183,https://www.facebook.com/share/r/oVkYRdpYvoqw1N4W/?mibextid=oFDknk
833222238992553_512412514818297,https://www.financialexpress.com/india-news/kolkata-doctors-rape-murder-police-tried-to-hush-up-case-offered-us-money-claims-victims-father/
833222238992553_1229402488088667,প্রশংসনীয়।। তবে অভিযুক্ত র ছবিটা দিলে শান্তির ছেলের বদনখানা দেখা যেতো।
833222238992553_428272146373480,বিনীত গোয়েল রিসাইন দাও ✊
833222238992553_714048114232866,"ইংরেজ শাসনের মতন পুলিশি ব্যবস্থা দরকার
গ্রেট জব ওয়েস্ট বেঙ্গল পুলিশ"
833222238992553_1029664632137009,"ফাঁসি হওয়া উচিত ছিল , আপনারা কি বিশাল কিছু  ছিড়েছেন নাকি ??এখন ফেসবুকে পোস্ট মারাচ্ছেন,  যাবজ্জীবন আবার কোন সাজা নাকি, খাবে দাবে ঘুরবে জেলের মধ্যে ..... আবার বড় বড় করে এডভারটাইজ দিচ্ছে ফেসবুকে ,নিকম্মা পুলিস সালা , হাতে চুড়ি পর তোরা। 
ফাঁসি দেবার ব্যবস্থা করুন নাহলে এনকাউন্টার করুন পুরুষত্বের পরিচয় দিন ।। 
মানুষ যদি ক্ষেপে পুলিশের কি হতে পারে সেটা বাংলাদেশ কে দেখে শিখুন ।"
833222238992553_3831341677192341,"এখানে অভিযুক্তের আর্থিক পরিস্থিতি ভালো ছিল না, এবং সে শাসক ঘনিষ্ট বা শাসকদলের কোন উচ্চ পদস্থ নেতা ও ছিলনা তাই এর ক্ষেত্রে সঠিক আইনি ব্যাবস্থা করতে পেরেছে প্রশাসন। না হলে এই বোনটির পরিণতিও R.G. KAR  এর মত অবিচারেই রয়ে যেত।"
833222238992553_1503422623632053,সানাউল্লাহর ছবি দেন নি কেন ? অন্য ক্ষেত্রে তো ছবিসহ পোস্ট করেন ?
833222238992553_886022476754445,Sob polic Sirdara brikri kors Daine
833222238992553_1227053955144422,এনার ভালো কাজের সাথে যারা বারাসাত নিরীহ প্রতিবাদী দের পেটালো তাদের ছবি দিয়ে কনডেম করুন সৎ সাহস থাকলে
833222238992553_1203424487451776,উনি কিন্তু physically খুব 'fit'
833222238992553_961640739062408,"সাব্বাস।
আর জি কর মামলায় আপনাদের মূল্যবান সহযোগিতা চাই।।"
833222238992553_2902104633273266,"খুবই ভালো কাজ করেছে পুলিশ, তবে সম্প্রতি আর জি কর ঘটনায় পুলিশের ভূমিকা কি সেটাও পোষ্ট করে জানানো হোক"
833222238992553_3758763924367014,"এগুলোই আপনাদের থেকে আমরা আশা করি স্যার ❤️
কিন্তু RG KAR কান্ডে পুলিশের ভূমিকা, আমাদের আপনাদের উপর ভরসা করার থেকে বিরত করেছে 💔"
833222238992553_1037101047904602,"Salute to West Bengal Police West Bengal Police👮 🙏 
Now
#justiceforRGKar
#sandipghoshpunishment
#justicefordrmoumitadevnath"
833222238992553_489936000494275,https://www.facebook.com/groups/newtownrajarhatporibar/permalink/3884790011753938/?mibextid=Nif5oz
833222238992553_1029157675329323,#justiceforRGKar
833222238992553_508268735138315,Sir please looking for Nadia bhimpur case
833222238992553_2035365640252152,"আর,জি,কর নিয়ে কিছু বলুন। আর,জি,কর নিয়ে চুপ কেন আপনারা?"
833222238992553_1048511006712559,বলছি মাথাভাঙ্গার তৃণমূলী দোষী দের কি ধরলেন? নাকি রাজীব কুমার এখনও লুকিয়ে আছেন?
833222238992553_524672596622058,"আপনাদের আগের পোষ্টগুলিতে অপরাধীর ছবি ছিল, এই পোষ্টে নেই কেন"
833222238992553_482057991259664,সুপ্রিয় ভূইঁয়া উনি দুধেল গরু তাই
833222238992553_2075074392917835,"Good Job 👍🏼
কিন্তু হঠাৎ এগুলো পোষ্ট করার মানে কি❓
এটা তো পুলিশের কাজ। নিঃসন্দেহে পুলিশের দায়িত্বের মধ্যে পড়ে। বেতন তো এমনি এমনি দেওয়া হয় না। আসলে R.G. Kar কান্ডের পর পশ্চিমবঙ্গ পুলিশ এখন Damage Control এর জন্য খুঁজে খুঁজে ভালো কাজগুলো জনগনের সামনে তুলে ধরে নিজেদের ফাটা ইজ্জত বাঁচাতে চেষ্টা করছে মানে শাক দিয়ে মাছ ঢাকা, কিন্তু লাভ নেই মানুষ আজকাল বোকা নয় সবাই সব বুঝে।"
833222238992553_1025677818887606,মেয়েটার নাম উল্লেখ করুন
833222238992553_1033562044974507,"মেরুদন্ড বিক্রি করবেন না, সাম্প্রতিককালে বেশিরভাগই মেরুদন্ড বিক্রি করে দিয়েছে।"
833222238992553_1214682309880287,মেরুদণ্ড সোজা রেখে কাজ করুন। মহান কাজের জন্য কুর্নিস জানাই ।
