,Unnamed: 0,POST_ID,CAPTION,REACTION_COUNT,COMMENT_COUNT
0,0,692583847600758_833222238992553,"কিশোরীকে যৌন নির্যাতন, শাস্তি যাবজ্জীবন 

হুগলি (গ্রামীণ) পুলিশ জেলার আরামবাগ থানা এলাকায় ২০২১ সালের মে মাসে বাড়িতে মেরামতির কাজ করতে আসা সানাউল্লাহ খানের দ্বারা নিগৃহীত হয় এক ১৬ বছরের কিশোরী, যাকে বাড়িতে একা পেয়ে যৌন নির্যাতন চালায় হুগলিরই গোঘাট থানা এলাকার বাসিন্দা সানাউল্লাহ। যাওয়ার সময় মেয়েটিকে শাসিয়ে যায়, মুখ খুললে ভালো হবে না। 

প্রথমে ভয়ে এই ঘটনার কথা কাউকে জানায়নি মেয়েটি। তবে চার মাস পর প্রকাশ পায় সে অন্তঃসত্ত্বা, যার ফলে তার অভিযোগের ভিত্তিতে ২০২১ সালের ১১ সেপ্টেম্বর আরামবাগ থানায় পকসো আইনের অধীনে রুজু হয় মামলা। তদন্ত করেন সাব-ইনসপেক্টর বিমলকুমার চক্রবর্তী, এবং অভিযুক্তকে গ্রেফতার করে বিচারপর্ব চলাকালীন আগাগোড়া তার হেফাজতের ব্যবস্থাও করেন। 

মামলার রায়ে যাবজ্জীবন কারাদণ্ড দেওয়া হয়েছে অভিযুক্তকে, সঙ্গে আর্থিক জরিমানা। সরকারের তরফে কিশোরীকে ৩ লক্ষ টাকার ক্ষতিপূরণের নির্দেশও দেওয়া হয়েছে।

Hooghly Rural Police",1404,150
