COMMENT_ID,COMMENT
832532002394910_1496914695036369,সকল শিক্ষক দের শ্রদ্ধা জানাই।
832532002394910_1763477404404939,❤️শুভ শিক্ষক দিবস❤️
832532002394910_1437359286954652,শিক্ষক দিবসে সমস্ত শিক্ষক দের আমার প্রণাম 🙏
832532002394910_431731043255601,শিক্ষক দিবসে প্রতিটি শিক্ষক এবং শিক্ষিকা দের শুভেচ্ছা জানালাম।যাহাতে আগামী দিনে শিক্ষকতার সাথে সাথে মানব সমাজে উন্নয়নে বিশেষ ভূমিকা পালন করেন।
832532002394910_1052966153000775,Happy Teacher's Day 🙏
832532002394910_1234269407576305,Happy teachers day
832532002394910_486886667524103,💖 শুভ শিক্ষক দিবস 🙏
832532002394910_1232143401140423,Greetings to all teachers on the special occasion of Teachers’ Day. 🙏💐
832532002394910_1197648581559914,Happy teacher's day
832532002394910_908659894417893,"যদি Society Day পালন করা হয় তাহলে সেই দিন শুভেচ্ছা জানানোর অধিকার যে গুটিকয়েকের থাকবে না তাদের মধ্যে অন্যতম হল পুলিশ! 
আপনারা কেবল দূর্নীতি, খুন এবং ধর্ষণ দিবস পালন করা হলে শুভেচ্ছা জানাতে পারেন!"
832532002394910_482734924581130,Happy teachers day
832532002394910_1569983697205703,তোলা আদায়ের সর্বোচ্চ শিক্ষা দেওয়ার জন্য সিভিক সম্প্রদায় আজ খাকি বাবুদের শুভেচ্ছা জানিয়েছে?
832532002394910_1572273960361154,Happy teacher's day
832532002394910_1193234108593562,"শিক্ষক দিবসে দেশের সকল শিক্ষকদের শুভেচ্ছা

#teachersday2024"
832532002394910_1084897006398835,"সমাজের শিক্ষক পুলিশ, যারাই পারে সবাই কে শিক্ষা দিতে,,সুস্থ শিক্ষাদানের মাধ্যমে সুস্থ সমাজ উপহার দিতে আমাদের কে।।
                অসংখ্য ধন্যবাদ পুলিশে কর্মরত সমস্ত মানুষ কে এই শিক্ষক দিবসে ।।।।
                   জয় হিন্দ ।।"
832532002394910_502793972502685,"Biswajit Saha পার্ক সার্কাস এরিয়া তে আপনার কথা প্রযোজ্য নয় স্যার, দুঃখিত ও লজ্জিত, শাসন ব্যবস্থা ভেঙে পড়েছে, জানি স্বীকার করতে কষ্ট হয়।"
832532002394910_3306790856294295,ঈশ্বরচন্দ্র বিদ্যাসাগরের জন্মদিনটি শিক্ষক দিবস হিসেবে পালন করা হোক।
832532002394910_1261089615346117,"Happy Teachers day to all the teachers who helped me in my education, success and growth as a human being"
832532002394910_447051825002174,শিক্ষক দিবসের শুভেচ্ছা ও শ্রদ্ধা জানাই সমস্ত শিক্ষক ও শিক্ষিকাদের💐🙏
832532002394910_1296708291292414,"আজ ৫ ই সেপ্টেম্বর সারা ভারতবর্ষ জুড়ে ভারতবর্ষের অন্যতম মহান শিক্ষাবিদ তথা প্রাক্তন রাষ্ট্রপতি ডক্টর সর্বপল্লী রাধা রাধাকৃষ্ণণ - এর জন্মদিন উপলক্ষ্যে ""শিক্ষক দিবস"" পালন করা হয় । যিনি সারা জীবন ভারতের শিক্ষাকে এগিয়ে নিয়ে যাওয়ার লক্ষ্যে অবিরাম পরিশ্রম করে ছিলেন ।। আজ এই বিশেষ দিনে সকল শিক্ষকদের নতমস্তকে প্রণাম 🙏 ।"
832532002394910_475102038761398,Biman Roy চটি চাটা
832532002394910_522724483790480,Biman Roy corrupted party r lokera pronam janiye onake choto korben na ...
832532002394910_386854737577396,Happy Teachers day to you sir ❤️. Congratulations and best wishes 🎉🎊. keep up the great work and keep doing your best in life stay safe ❤️ with love.
832532002394910_1511701190226866,"আপনাদের শিক্ষক তো কালীঘাটের উনি । 
শুভ শিক্ষক দিবসের শুভেচ্ছা আপনাদের ও , ভালো থাকুন , সুস্থ থাকুন ।"
832532002394910_473263878877622,ধন্যবাদ
832532002394910_364009506763720,🙏🙏🙏
832532002394910_500597225928479,Congratulations 👏👏
832532002394910_871828401497652,Congratulations 🙏
832532002394910_1094140262324474,🙏🥇🥇🌟🌟🇮🇳🇮🇳RESPECTED SIR🇮🇳🇮🇳🌟🌟 TEACHER DAY CONGRATULATIONS SIR 🇮🇳🌟🌟WEST BENGAL JAI HIND BEST WISHES GURU JI GOD BLESS SIR 🇮🇳🇮🇳🌟🌟🥇🥇🙏
832532002394910_527569603260674,আপনারাও শিক্ষক। শুধু পড়ালেই শিক্ষক নয়। প্রতিটি পেশায় অবদান যারা রেখে যান নতুন প্রজন্মের জন্য তারাও শিক্ষক। তাই আপনাদেরও শিকক দিবসের শুভেচ্ছা।
832532002394910_521880616989749,Tapan Manna
832532002394910_1581427519246959,শুভ শিক্ষক দিবস
832532002394910_1422864308393880,Happy teachers day
832532002394910_835326375395276,শুভ শিক্ষক দিবস 🙏🙏🙏🌹🌹🌹
832532002394910_878801280795857,ধন্যবাদ।
832532002394910_529645856304350,"Happy' teacher,s day"
832532002394910_530510186096972,শিক্ষক দিবসে আমার সকল শিখাগুরুদের জানাই প্রণাম ও শুভেচ্ছা। ভালো থাকবেন সবাই।।। 💐
832532002394910_479068781615090,ধন্যবাদ🥰
832532002394910_1061151259046643,ঘুষ দিয়ে চাকরি পাওয়া শিক্ষক কে o শুভেচ্ছা
832532002394910_500737716041477,শিক্ষক দিবসের সমস্ত শিক্ষকদের প্রণাম জানাই
832532002394910_525573156522207,Happy teachers day
832532002394910_884870676852059,Happy teachers day
832532002394910_1008725774124978,Congratulations 👏
832532002394910_1205696897337419,সময় জীবনের সবচেয়ে বড় শিক্ষক।
832532002394910_4562724553953299,শুভ শিক্ষক দিবস
832532002394910_2712794358879967,Happy teachers day
832532002394910_536235485547126,💖 শুভ শিক্ষক দিবস 🙏
832532002394910_1575341416726242,ধন্যবাদ 🥰
832532002394910_915348757088000,🙏🙏🙏
832532002394910_365109993204560,❤️শুভ শিক্ষক দিবস 🙏🙏🙏
832532002394910_538102408644825,Happy teachers day.
832532002394910_732386485699765,শুভ শিক্ষক দিবস
832532002394910_1287053225611899,Happy teachers dey
832532002394910_1647912326056679,সকল শিক্ষকদের শিক্ষক দিবসের শুভেছা জানাই
832532002394910_431163939480642,শিক্ষক দিবসে সমস্ত শিক্ষকদের আমার প্রণাম জানাই🙏
832532002394910_1062919182153618,শিক্ষক দিবসের অনেক অনেক শুভেচ্ছা।
832532002394910_1078710750538903,শিক্ষক দিবসে শিক্ষক দের শুভেচ্ছা জানালাম।
832532002394910_1472230676775666,মেরুদণ্ডটা সোজা করে বাঁচার প্রতিজ্ঞা করুন। মানুষের বিশ্বাসটা রাখার চেষ্টা করুন এটাই আসল শিক্ষা ।
832532002394910_1237267734394091,Happy teachers day
832532002394910_8118725474878084,Happy teacher's day
832532002394910_844084677900391,Happy teachers day 🩷
832532002394910_443477468020676,Happy Teachers day
832532002394910_496283733032387,শুভ শিক্ষক দিবস 🙏🙏🙏
832532002394910_1580512386150604,#HappyTeachersDay 🌹
832532002394910_1217243119588502,"""Happy Teachers' Day to our police force! You not only protect and serve but also guide us with lessons of discipline, responsibility, and integrity. Your leadership teaches us the importance of law and order, making our communities safer and stronger. Thank you for being role models both in uniform and in action."""
832532002394910_8573401449359695,"শুভ শিক্ষক দিবসে, শুভেচ্ছা জানাই।🙏🏻"
832532002394910_901790661765005,"আপনাদের হেড মাস্টার তো কালীঘাটে।
আজ একটু গড় হয়ে প্রণাম করে আসুন।
বড়ো বড়ো আশীর্বাদ পাবেন। 🤣"
832532002394910_540105912022247,Happy teacher's day
832532002394910_911191354378201,Congratulation
832532002394910_714660480829641,শ্রদ্ধার্ঘ্য
832532002394910_539258541876228,Congratulations
832532002394910_1219052349341357,Happy teachers day sir Amar Sato koti pranam roilo thank you so much
832532002394910_513559811540134,Happy teachers👩‍🏫‍ day
832532002394910_1757733395032505,Happy teachers day 💐💐
832532002394910_1033144688559061,"সময়ের থেকে বড় শিক্ষক আর কিছুই হতে পারে না। ""এই ঐতিহাসিক সময়"" আমাদের অনেক কিছু শেখাচ্ছে। 
শুভ শিক্ষক দিবস💐❤️"
832532002394910_820732030219162,ভালো থাকুন সকল মাস্টার মশাই
832532002394910_1423633101639076,Happy teachers day.
832532002394910_505209072233111,"পড়া শিখেছি শিক্ষক দের কাছ থেকে,  রোদ,বৃষ্টি কে সহ্য করতে শিখছি পুলিশ কাছ থেকে। এনাদের 🙏🙏"
832532002394910_885184016274960,Happy teacher's day..
832532002394910_1544001359844534,শেষ কবে শিক্ষক নিয়োগ হয়েছে ? কতজন হয়েছে ? রাজ্য জুড়ে শিক্ষিত বেকার যুবক যুবতির সংখ্যা কত ??? না এইসব প্রশ্নের উত্তর আপনাদের দিতে হবে না শুধু একটু সহনশীল আর বাস্তব মুখী হন অমন একটা অশিক্ষিত ও ক্ষমতা লোভী মহিলার কথাই সাধারণ মানুষের জীবন বরবাদ করবেন না আপনাদের লাঠি কারোর সার্টিফিকেট দেখে না.... শুধু নিজেদের প্রমশন খুঁজলে হবে....
832532002394910_819396770176930,Happy Teachers day
832532002394910_3934779773475475,Happy teachers day
832532002394910_492341210427069,Happy teachers day
832532002394910_816479120652882,Happy teacher's day
832532002394910_423949990189413,🙏🙏🙏
832532002394910_402685152570179,Happy teachers day
832532002394910_1544853403093113,Happy teacher's day
832532002394910_1046698570399153,"স্যার বলেছিলেন জীবনে ফাস্ট সেকেন্ড হোস বা নাই হোস, শিরদাঁড়া বিক্রি হোতে দিবি না।
 শিক্ষক দিবস ❤️🙏"
832532002394910_867380445345148,Happy teacher's day
832532002394910_9077813348900137,Happy teachers day
832532002394910_436961139362159,"যাহ, আমি তো জানি পিসিমনি আপনাদের সব থেকে বড় শিক্ষক। সারাদিন ঘ্যান ঘ্যান করে ভ্যানতারা কষে চলেছে আপনাদের কানে কানে। পিসির ছবি লাগান স্যার।"
832532002394910_1151094122655009,Happy teacher's day
832532002394910_1222783235589756,Happy teachers day
832532002394910_2599848663555108,Happy teachers day sir
832532002394910_370019129490985,জাতীয় শিক্ষক দিবসের শুভেচ্ছা ও শুভকামনা রইল
832532002394910_830070795775138,Happy Teachers day
832532002394910_475226135333516,Happy teachers day
832532002394910_1033943338364086,শুভ শিক্ষক দিবস
832532002394910_3783333358551465,শুভ শিক্ষক দিবস
832532002394910_1188234738922020,Happy Teacher's day
832532002394910_881506333838393,Happy teacher's day
832532002394910_859909136240219,Happy Teachers day
832532002394910_3670342506614089,Happy teachers day
832532002394910_481567748088089,শুভ শিক্ষক দিবস
