COMMENT_ID,COMMENT
835790465402397_4022840721307726,"হাজারো ব্যথা বুকে ধারণ করে যারা ডিউটি করেন, এবং আমাদের সুরক্ষা দেন, এনারা হলেন আমাদের প্রিয় বন্ধু পুলিশ কর্মীরা।পরিবারের মায়া সন্তান-সন্ততিদের মায়া পিতা-মাতার মায়া সবকিছুকে দূর করে আমাদের সুরক্ষার জন্য,তারা রাত দিন এক করে ডিউটি করে যাচ্ছেন প্রত্যেককে অসংখ্য অসংখ্য ধন্যবাদ।আমাদের সমাজে কিছু মানুষ আছে। যারা কিনা পুলিশ দেখলে নাক মুখ সিটকায় আর মনে করে পুলিশ বুঝি সবাই ঘুষখোর ভুল ধারণা দূর করুন,একে অপরের সহযোগিতা করুন সমাজ পরিবর্তন করার জন্য এমন কিছু লাগে না লাগে পরিষ্কার মন মানসিকতা ধন্যবাদ সমস্ত পুলিশ কর্মীদেরকে।ভালো থাকবেন স্যর আপনারা।"
835790465402397_1051892633232517,এই জঘন্য কাজের জন্য এমন সাজা হোক দোষী সাব্যস্ত হলে এনকাউন্টার.....
835790465402397_486753674122531,Good work sir
835790465402397_8377110665688671,Wonderful Sir.
835790465402397_3539115956335002,"Great 
এটাই চাই 
দোষীদের শাস্তি"
835790465402397_1723246431819564,স্যালুট স্যার
835790465402397_1447740002556710,Good work
835790465402397_1220800115777924,Salute sir
835790465402397_552940080506642,"এস আই সমর রায়। আপনাকে কুর্নিশ জানাই, সঠিক তদন্ত করে সঠিক বিচার পাইয়ে দেওয়ার জন্য।🙏"
835790465402397_8086605531434805,ay bhabe porinoto boyosko mohilara jano bichar pai.
835790465402397_4032350820369462,Good job sir
835790465402397_2775461892619538,গ্রেট স্যার আপনি গ্রেট
835790465402397_1905299939950477,ভবিষ্যতে জামিন না পায় ও প্যারোলে মুক্তি না পায় সেটা দেখতে হবে
835790465402397_419773951218336,"Dipankar Debnath ইন্দ্র জিৎ EBAR THEKE ETA HIBE,JAIL BORE GALE SARKAR BHARAN POSAN KORTE KORTE EMNI SESH HOYE JABE. https://www.facebook.com/share/p/eRhiJLqAk5MhakKa/?mibextid=oFDknk"
835790465402397_872494814446970,"ভাগ্যিস, শিশুটিকে পুড়িয়ে দেন নি । আপনারা তো আবার সৎকারএ পারদর্শী । phone আর টাকার বান্ডিল আসলেই মৃতদেহ সৎকার করে দেন ।"
835790465402397_1187124902398725,এর যোগ্য সাজা হইতো....জীবন্ত হত্যা... এত সহজ মৃত্যু এর কাম্য ছিল না..🤬🤬🤬 এর মত হাজারো বেজন্মা মানুষ আমাদের সমাজে মুখোশের আড়ালে ঘুরে বেড়াচ্ছে... ছি ! এগুলা মানুষ না অন্যকিছু...!!
835790465402397_1984135882030966,স্যালুট স্যার
835790465402397_1245588706564411,"""পশ্চিমবঙ্গ পুলিশ"" নীরবে সব উত্তর দিয়ে থাকে...একটু ধৈর্য্য ধরুন...evidance কখনো destroyed করা যায় না...."
835790465402397_529067116293779,"Bhalo thakun, manuser jonno kichu Karun."
835790465402397_1194353711888086,🇮🇳⚖️🙏 JAI HIND SATYAMEV JAYATE 🇮🇳⚖️🙏
835790465402397_460914486925338,এই মানুষ রূপে পশু গুলো কতটা পাষণ্ড
835790465402397_2019822091769819,Salute Janai Sir ke
835790465402397_1221233352344954,"Great work 
তবে আরো সাজা দেওয়া যায় কিনা দেখুন একটু"
835790465402397_1279729516327020,এই পোস্ট গুলো সমানে এই গ্রুপে চলছে
835790465402397_487832850834201,🙏🏼
835790465402397_490600007264568,👌👌
835790465402397_496419999912851,"Fasi hoa uchit chilo
Era manush noi 1ta 3bochorer bachchar sathe jara egulo korte pare tara kokhon o manush hote pare na
20 years por berie abr era somaje bosobas korbe jeta uchit noi"
835790465402397_1240831363768937,20 years na fashi howa uchit
835790465402397_438380942557641,"Santosh Gorat আপনার সাথে একমত নই। 
ফাঁসি দিলে তো ঝামেলা মিটেই গেল। 
কুড়ি বছর বা ৩০ বছরের দন্ড মানে নরক যন্ত্রনা ভোগ করা, এটাই তো মেইন সাজা।"
835790465402397_894168335924174,"Ashish Das  কেউ কি বলতে পারবে যে ২০ বছর পর জেল থেকে সে সংসোধন হয়ে যাবে, না কি ২০ বছর পর বেরিয়ে এসে আবার ওকেই কিছু করবে না"
835790465402397_3693993754184631,এন্টাসিড দাদা hai 20 years por tou beche thakbe beche thakar odhikar nai or
835790465402397_1319270732369244,Good job West Bengal Police 🙏
835790465402397_1175229657034942,Great work by west bengal police . But ete fasi howa dorkar chilo. R bichar ta within 1 year er moddhe howa dorkar.
835790465402397_1223753728653862,Exemplary  punishment
835790465402397_3707889349502841,"Sir
Greet job"
835790465402397_876023867317954,Excellent
835790465402397_1180129456616599,Excellent
835790465402397_1190873568814300,
835790465402397_442561751470382,"A bad guy who is worse than a pig or a dog, doesn’t he have a family?"
835790465402397_1635339654032027,https://www.facebook.com/share/p/GR1dRjjJAZVfMwH6/?mibextid=oFDknk
835790465402397_509418955032314,"খুবই ভালো। সাধুবাদ জানাই। 
কোনো বড় বাপের ছেলে এক কাজ করলে সমান শাস্তি পেতো তো? তখন ও পুলিশ এরম কাজ করত তো?
আর পুলিশ তখনও দোষির শাস্তির পর এরম পোস্ট করতো তো????!"
835790465402397_910429924470821,"যদি আর জি কর নিয়ে প্রমান লোপাট না করতেন তাহলে আজকে 
Cp গোয়েল এর ফোটো পাশে সন্দীপ ঘোষের ছবি থাকতো।

সাজা দেওয়ার জন্য।

আপনারা এতটাই নির্লজ্জ পোস্ট করে কী হবে ❓"
835790465402397_931730005665583,"আমার এলাকায় , কয়েক জন বাংলাদেশী এসেছে ,,,
সেটা আমি আমার লোকাল থানা তে complain করি,, pundibari police station....

Sa** গুলো , কোনো action e নিলো না ।।।

মুখে টাকা গুঁজে রেখেছে ।"
835790465402397_1041824707349326,"2020 সালে ঘটে যাওয়া ঘটনার সাজা যদি এই ঘোষনা হয় তাহলে কি ভাবে R G KAR এর ঘটনার এতো তাড়াতাড়ি নিস্পত্তি হবে?  সময় তো লাগবেই, তাহলে ততদিন রাস্তায় সবাই বসে থাকবে?"
835790465402397_1164752387928802,Salute Janai Sir ke Apnader moto sir ra thaklei nirjatita ra sasthi pabe Great job Sir
835790465402397_1886337061873092,"https://www.facebook.com/share/p/DNupBZFNdAy9RvN5/?mibextid=oFDknk

সুপ্রিম কোর্ট কে ব্যাঙ্গ করেও এই গ্রুপে এই পোস্ট চলছে"
835790465402397_830079769285564,Sandip Halder এটা ব্যাঙ্গ বলে মনেহচ্ছে আপনার?
835790465402397_1538672470111952,Good job... But আর জি কর নিয়ে পশ্চিমবঙ্গ পুলিশ ব্যর্থ। বিগত কয়েকদিনের মধ্যে বেশ কয়েকটা ঘটনায় সফল হয়েছে পশ্চিমবঙ্গ পুলিশ তার জন্য অভিনন্দন।
835790465402397_861041832788932,"West Bengal Police sessions case 275/2021, midnapore district court complex, long time WA pending, no arrest, ref. Gr case/19720/2017, সরকারী নার্সিং স্টাফ কে তার বাড়িতে খুন করে জ্বালিয়ে দেওয়া হয়, অভিযুক্ত ওনার স্বামী। অভিযুক্তের নামে POCSO রয়েছে তারই নাবালিকা কন্যাকে ধর্ষণের অভিযোগে। 7 বছর হয়ে গেল, বিচার? কোর্টে মামলা পেন্ডিং কারন ডেটের পর ডেট গেলেও no arrest. Can you please look into this matter? Dantan PS, Paschim Medinipur District Police"
835790465402397_447164818471911,"ভগবান শ্রীকৃষ্ণ বলেছেন পাঁচটি
পরিস্থিতিতে অবশ্যই অস্ত্র উঠাও...
১/ দেশ রক্ষা
২/ ধর্ম রক্ষা
৩/ সত্য রক্ষা
৪/ স্ত্রী রক্ষা
৫/ আত্ম রক্ষা
ঐক্যবদ্ধ হোন সকলে।💪🙏
#SaveHindusInBangladesh
#SaveHinduGirls #SanatanaDharma
#SaveHinduTemples
#savebangladeshhindhuproperty"
835790465402397_954888913067923,আরজিকরের ঘটনায় কেন এনাদের মতো পুলিশদের নিয়োগ করা হয় না!!
