COMMENT_ID,COMMENT
814687067512737_1290160108813897,"We are available on YouTube too. Please visit-
www.youtube.com/@westbengalpoliceofficial"
814687067512737_3779552278979900,Sir basirhat district kono kobor nei
814687067512737_343717625461561,Very good job
814687067512737_864671392252678,Good job
814687067512737_955984312952632,Good job 👍
814687067512737_1162350021550007,Good job
814687067512737_414752738255299,"You are doing good job.....We are always you you , thank you & best wishes...💐💐"
814687067512737_1878312356004955,Good job sir thank you
814687067512737_3173543439447769,Great 👍
814687067512737_506167928761835,প্রশাসনের কর্মকর্তাদের  সাধারণ মানুষের পাশে দাঁড়ানোর জন্য সাধুবাদ জানাই 🙏🙏🙏
814687067512737_473100858828537,Good job
814687067512737_478794908117915,Great job 👍
814687067512737_1009239394317452,"Congratulations,great job done ✅"
814687067512737_7794458884009308,Good job WBP
814687067512737_836034934913634,খুব ভালো কাজ করছেন স্যার। 🙏🏻
814687067512737_2286486451699029,Great work wbp 👍👍
814687067512737_1505508710361176,Very good service 👏
814687067512737_1222836022404796,"Salute 🫡 
West bengal police 
Great job 👍"
814687067512737_1067063728450369,সত্যি আপনারা আছেন বলে  এখন ও সাধারণ মানুষ বাঁচার স্বপ্ন  দেখে। আমার ও বিশ্বাস আমার  চৌদ্দ লাখ টাকা  আপনাদের সহযোগিতায়  ফিরে  পাবো। এই আশা  নিয়ে  এখনও বেঁচে  আছি। 🙏🙏
814687067512737_2325227254487353,Very nice
814687067512737_395584009813291,Good job
814687067512737_446023278432218,Fantastic work
814687067512737_464675656389974,"বহু মানুষের টাকা খোয়া যাচ্ছে, দয়া করে এই সমস্ত কালপ্রিটদের ধরে কঠোরতম শাস্তি দিন আপনারা"
814687067512737_877688294413090,Sir amero hoya chilo but pai ne plz ektu dakhban kalyani police station ta Gd kora acha
814687067512737_510434684705962,Amaro biswas  amar 14 lakh  taka ferodh  pabo  apnader help.
814687067512737_3652543981674773,Good job
814687067512737_1642632123191164,Khub khub valo kaj
814687067512737_1041560070456247,Good job sir 👏
814687067512737_422589157493657,জয় হোক আপনাদের । খুব ভালো কাজ । এভাবেই পাশে থাকুন সমাজের ।🙏
814687067512737_868948454597776,"sir আমার বাড়ির পাশের একজনের টাকা নিয়ে নিয়েছে, কি করা যায় ।"
814687067512737_8394108827266159,Akon amr ta peleo hoy....
814687067512737_2445276695662526,Kivabe complain korbo ektu bolben sir
814687067512737_733480255519488,"সাধারণ মানুষের জন্য আপনাদের কাজ কে সম্মান জানাই,,খুব সুন্দর কাজ ।।এই অসাধারণ কাজের জন্য ধন্যবাদ সবাইকে ।।ভালো থাকুন ও সুস্থ থাকুন সবাই,,
        জয় হিন্দ ।.."
814687067512737_1917779278686528,Good job sir
814687067512737_2019873745136069,Sir amar sathe akta froad hoy 14000 ami complainan kora chi akta mail asache holo ki korbo bujta parchi please aktu lo valo hoy sir
814687067512737_1191346185520937,খুব ভালো কাজ। সাধারন মানুষ অনেক উপকৃত হচ্ছেন
814687067512737_374163305551467,Har har Mahadev
814687067512737_419025077830128,
814687067512737_800699595576907,🙏🙏🙏
814687067512737_1330787368325651,👍🇮🇳🙏
814687067512737_864487182218719,🫡♥️💙🎉💫
814687067512737_934752088649658,🙏
814687067512737_986272383181707,🙏🙏🙏
814687067512737_2202672703432939,👍👍
814687067512737_2288486734832311,💙🙏
814687067512737_380354854803399,👏👏👏
814687067512737_519784334039633,Great 👌👌👌
814687067512737_1333899157391121,Great 👌👌
814687067512737_840741424684117,Good job sir🙏🙏🙏
814687067512737_8803880849629302,🙏Thank you Sir!
814687067512737_1012906020328110,"সবাই পাহারা দিচ্ছে মন্দির, কেনো জানেন ? দেখুন কাদের থেকে নিরাপদ রাখার জন্য ।  https://t.me/breakingpage/2191"
814687067512737_471075465716876,"স্যার বহু ফেক প্রোফাইল তৈরি করে মানুষের মধ্যে বিভেদ সৃষ্টি করতে ভূয়া পোষ্ট করছে ,একটু দেখবেন।"
814687067512737_883597037150997,"সবার টাকা ফোন ফেরত হচ্ছে 
আমার আর ফোন ফেরত পাচ্ছি না 
৬মাস হয়ে গেলো😭"
