COMMENT_ID,COMMENT
799289395719171_898441048762029,"We are available on YouTube too. Please visit-
www.youtube.com/@westbengalpoliceofficial"
799289395719171_1182200802998284,"West Bengal Police গানটি চয়নের জন্য অনেক অনেক ধন্যবাদ। জয় রক, জয় Fossils......"
799289395719171_535279199161030,West Bengal Police এদেরকে বলে লাভ নেই এরা মরা ভালো বেঁচে থাকলে মানুষের ক্ষতি।
799289395719171_374752312346703,"West Bengal Police আপনারা তো এদের চোখে দেখেন না । খেটে খাওয়া সাধারণ মানুষদের একটু খানি দোষ দেখলেই মামলা দিয়ে দেন , সাধারণ মানুষ আপনাদের ঘৃণ্য চোখে দেখে।"
799289395719171_443127558620805,গান গুলো যিনি select করছে 🫡🫡😂
799289395719171_1023470835361777,Je banache take ekbar dekhte chawa amr mon🙂
799289395719171_1309340950025517,শেষে বাংলা ব্যান্ড Fossils এর হাসনুহানা গানটা দিয়ে ভিডিও টা ভালই করেছেন।
799289395719171_1390831454918684,Joy rock 🤘🏻
799289395719171_487932883711428,"Thank You
Joy Rock 🤘
Joy Fossils"
799289395719171_1234639580860722,Koustab Ron ফসিলস এর হাসনুহানা দিয়ে ভালই ভিডিও টা ম্যাচ করেছে।
799289395719171_842984797303924,"Kuntal Roy ekdom thik...
line by line"
799289395719171_1044540186702620,একটু বিনা হেলমেটে বাইক চালানো ছেলে দের ধরুন স্যার - ওদের জন্য আমাদের bike চালানো মুস্কিল হয়ে যাচ্ছে।। আমরা মরলে তো আমাদের বাড়ির লোক দুঃখ করবে - আপনাদের তো কিছুই যায় আসবে না।।
799289395719171_360506877082585,Song & scene.......What a combination 🤣
799289395719171_1201268291010565,Ruhana Parveen যাই বলুন দারুন ম্যাচিং করেছে রূপম ইসলাম এর ফসিলস ব্যান্ডের হাসনুহানা গান টা দিয়ে
799289395719171_1927811410996764,Safe Drive Save Life
799289395719171_399242489796470,"বুলেট গাড়ির সাইলেন্সার খুলে বিভৎস আওয়াজ করে যারা গাড়ি চালাচ্ছে, তাদের বিরুদ্ধে আইনি ব্যবস্থা নিন।"
799289395719171_1229624915063172,জয় রক 🤘🏻
799289395719171_850879629737279,Safe drive save life 👍🏻
799289395719171_1894923527636745,What a song selection 🤣😂
799289395719171_1178576103268551,"দৃষ্টি আকর্ষণ করছি 
আজাদ ভারতের আজাদ নাগরিক 
আমার রাজ্যে কোথাও গেলে আঁধার কার্ড রাখা কি বাধ্যতামূলক নাকি?"
799289395719171_492710503439648,Raj Kumar Biswas  অবশ্যই অন্তত ডিজিটালি doc রাখা উচিত আমরা দেশের বর্ডার রাজ্যে আছি আর আগন্তুক কিছু বিদেশী আর তাদের কু কর্মের কথা মাথায় রেখে অন্তত নিজের নাগরিকত্বের পরিচয় দেওয়া অবশ্য বলে মনে করি আমি
799289395719171_1011681567305757,Sir help karun kichu please sir🥺
799289395719171_821476426623161,"Ei sab manush der sathe,ei rakam houa khub darkar"
799289395719171_466140449485206,Sir kichu chapri ache bike er single cylinder engine besi higher cc o noy tate 1st copy company silencer lagiye eto bikot vbe jay kono heart patient thakle tar osubidha hoye jabe..oi chapri gulor ektu bebostha korun.. jara proper biker tara valo hy kintu chapri der jalay rastay chola muskil
799289395719171_460445733412012,আহা কি সুন্দর দৃশ্য
799289395719171_8097547176951187,এদের দাবী টা কি 😄
799289395719171_366729299489831,এই বয়সের ব্লাডের প্রবলেম এটা
799289395719171_1684665752300702,হা হা হা!
799289395719171_3902005923419214,মৃত্যু
799289395719171_1048153780323743,Apnader Selection ta just WoW. 👌
799289395719171_481530318163169,R bachlo koi!!!! Boli to hoe e gelo🤓
799289395719171_1031470295275037,এর পর ও যদি কিছু মানুষ না বোঝে তাহলে আর কি করা যাবে
799289395719171_2152594951775671,জয় হিন্দ
799289395719171_3899207447017634,ঠিক ঠিক ঠিক
799289395719171_1681066896043062,"Sudhu gari noy, license noy ekdom life imprisonment korun gari chalano theke eder"
799289395719171_1521644959233736,Happy birthday to you 😂😂😂😂
799289395719171_1009940550749733,Admin 🫡🤣
799289395719171_1153740849219408,Rupam Islam এর গান এইভাবে কেউ ভাবে নি😀
799289395719171_774497144893083,Suvam Dey Atanu bhai 🤣🤣
799289395719171_369219599524874,Prosenjit Roy thik ache to?
799289395719171_1217231789411150,অমিত ফসিলিয়ান্ 🙂 দেখো দাদা
799289395719171_860189229304154,"অনেক অনেক ধন্যবাদ। জয় রক, জয় Fossils......"
799289395719171_1381655699180938,এরকম আরো মজার ভিডিও চাই।
799289395719171_1504029933839186,জয়  ফসিলস 🤘🤟🖤
799289395719171_454473230695086,মজা পাইলাম না আরেকটু হলে ভালো হতো ভিডিও টা🙂
799289395719171_441483535530774,🖤🤘🏻🤣
799289395719171_1006457780693983,
799289395719171_907753094728314,🤣🤣🤣
799289395719171_1954800431646424,😂🫨🫡🫡🫡
799289395719171_371845749294887,#justiceforabhaya
799289395719171_1164854128141822,😂
799289395719171_1140684433680161,🤣🤣🤣
799289395719171_1579444719637270,😂
799289395719171_468525906130330,😅🤣
799289395719171_489290046813883,🔥
799289395719171_481524787792029,Argho Sarkar
799289395719171_1232005517900837,😆
799289395719171_1177896433412495,"Saptak Biswas , Abhinandan Dey , Dipan Sen , Suman Khara , Soham Ghosh  🤣🤣🤣🤣"
799289395719171_789508989964238,Tonmoy Hasan Forhad
799289395719171_278987851943568,Rupam Islam 😕🙏
799289395719171_26106709345643032,Pür Nêñ Dêü 😂😂😂
799289395719171_718790257008347,Subhadip Kar 🔥🔥🔥
799289395719171_1513408162717444,Pritam Das share korechi eta ❤️😂
799289395719171_485099670803535,Shourya Sinha Debajeet Sarker
799289395719171_547707157703183,😳😳😳
799289395719171_472012252091119,Bipro Biswas
799289395719171_1030682575238159,রূপক হালদার Dhur...😂😂
799289395719171_2665956006907310,Admin 🔥
799289395719171_1067750348313973,Rupam Islam Joy Rock Boss 🖤🤘🏻
799289395719171_1680608392714151,and the Darwin award goes to
799289395719171_1254880402161656,Take care
799289395719171_1639328980134980,Joy Rock 🤘🏽🤘🏽🤘🏽🤘🏽
799289395719171_400057619752553,Woooooo sera
799289395719171_1015079053555311,Super
799289395719171_1143764100048290,"Rupam Islam crying in corner 
Admin 🗿"
799289395719171_801008565546113,WB🅿️
799289395719171_487772050501102,"স্যার, পশ্চিমবঙ্গ পুলিশ রিক্রুটমেন্ট বোর্ড পরিচালিত আগত পশ্চিমবঙ্গ পুলিশ কনস্টেবল পরীক্ষার প্রশ্ন বিক্রির দালাল চক্রের  কিছু ব্যবস্থা করুন, নাহলে আমরা সাধারণ মধ্যবিত্ত পরিবারের ছেলে মেয়েরা মরে যাবো .. আমাদের কাছে কল রেকর্ড ও ফটো আছে .. কিছু ব্যবস্থা নিন দয়া করে 🙏 🙏 🙏"
799289395719171_1522194345042809,"ও চলছে না,,, ও ফ্রিতে খেলা দেখাচ্ছে।।। হতে পারে ও এখন হাসপাতালে মৃত্যুর সাথে পাঞ্জা লড়ছে,,, অথবা ও ওখানেই মরে গেছে।।। 

আর এসব ভিডিওর পরে হাসপাতালের হাড়ের ডিপার্টমেন্টের কিছু ভিডিও ছবি দেওয়া উচিত।।। ডাক্তার রুগিদের কিভাবে ওয়াস করছে,, হাড় কিভাবে জোড়া লাগানো হচ্ছে,, পেকে ওঠা ঘা কিভাবে কেটে ফেলা হচ্ছে,,, আর সাথে রুগিদের চিৎকারটা।।।। তাহলে হয়তো ওপেন রাস্তায় এসব করার সাহসটা পাবে না।।।"
799289395719171_1136349914105924,এদের উচিৎ শিক্ষা দিয়ে আপনারা লাঠি পেটা করুন
799289395719171_511601818239340,Sudhu gari te police lekha thakle ai niyom mene na cholleo hobe
799289395719171_843735044565983,"ভূল গান চয়েস করে ফেলেছেন:: গান টা হতো ""আমি হেলে দুলে যাবো শস্বান ঘাটে"""
799289395719171_889964702994589,"Ajogyo baba maa = puro world er 12 ta baza...
Government er kach theke licence nite habe emon law haoya uchit,,,,,, sex karlam aar baccha haye gelo.... Ar amanush touri karlam"
