COMMENT_ID,COMMENT
820325810282196_438268092539808,"যাবজ্জীবন শুনতে শুনতে কান পচে গেল
মৃত্যুদন্ড বলে কোন কিছুই শুনতে পায়না"
820325810282196_1783264292077779,Great job sr ❤️🫶
820325810282196_375751575355010,Salute Sir 🫡
820325810282196_1954777568302753,Salute sir
820325810282196_490218380294140,এটা পুলিশের দায়িত্বের মধ্যেই পড়ে।দোষীদের খুঁজে বের করাই হলো তাদের কাজ।
820325810282196_1183093592811581,এইভাবে যদি রেপিস্টদের শাস্তি দেওয়া হয় তাহলে হয়তো জনগণ বেশি খুশি হবে।
820325810282196_517933714180245,Great job🙏. এভাবেই R G kar এর case টাও solve হবে আশায় থাকলাম।।
820325810282196_816338670484156,এভাবেই আরজি করের ঘটনায় দোষীদের বের করে কঠিন শাস্তি হবে আশায় থাকলাম।
820325810282196_2832411186910761,আপনার মতো অফিসার দরকার আমাদের পশ্চিমবঙ্গে সব থানায়।👏👏👏
820325810282196_461986059983729,Great job 👏
820325810282196_863989361838551,Good job sir
820325810282196_385667191298938,"We need officers like you in all Police Station's in West Bengal.
Congratulations Sir, 🎉 👏 🎉"
820325810282196_1628380941062945,Great job sir 👍
820325810282196_391503046940654,Great job...salute
820325810282196_1193054142011062,Salute Sir 🫡
820325810282196_871777668130046,Very good job sir
820325810282196_1529011237723868,Very good job
820325810282196_3890960387888643,Great job.🙏🙏
820325810282196_364411313382395,Good job sir 🙏
820325810282196_353791091122817,Hats off 👏
820325810282196_1773500006792726,Good job sir🙏🙏🙏
820325810282196_914765657158379,Good job jethu❤️
820325810282196_1024850465520476,Great Job
820325810282196_1181312853074276,Great job
820325810282196_998452038677413,Good job sir
820325810282196_875067894497094,Congratulations 🎉
820325810282196_1028413608774070,Very sad
820325810282196_2315279182136795,Good job sir
820325810282196_375439608727172,Good job 👍
820325810282196_476162871851393,Very good job sir 👍
820325810282196_2222939771401340,Salute sir
820325810282196_1035268021338722,Good morning sir
820325810282196_1238341917589199,Great work Sir।
820325810282196_1476674343211515,Good job sir 💯👏
820325810282196_433522582335850,I salute you sir:  great job what you have done
820325810282196_1038659114710434,Well done!!
820325810282196_851764080254689,"Salute sir,"
820325810282196_886818313468726,ধন্যবাদ🙏💕
820325810282196_520415863820512,"খুব সুন্দর কাজ এটাই আসা করে জনসাধারণ অপপনাদের কাছ থেকে,,"
820325810282196_475689475230326,"আপনার মতো সৎ , সাহসী ও নিষ্ঠাবান  পুলিশ অফিসারের বর্তমান ভীষন অভাব এই দেশে"
820325810282196_464435796491448,I salute you sir 🫡🫡
820325810282196_8349828405067401,খিব ভাল নাগিল খবরটা শুনিয়া
820325810282196_1243790160127061,West Bengal police a arkom oo officer ache jane khusi holam..❤❤❤❤
820325810282196_3843927132553360,"Se thik ache...but sasti ta ektu kom bole mone hlo...14 bachor por abr to chara pbe,...!"
820325810282196_368328139494052,Sir স্যালুট 🙏
820325810282196_469617745956322,Salute sir
820325810282196_941164171383306,Well done Rabbani Hossain sir & WB police.
820325810282196_1217396892908392,Salute Sir apnar mato sob IO Der hoya dorkar
820325810282196_501423495629125,সেলুট
820325810282196_2837540193063771,"প্রিয়, রাব্বানী দা,  সত্যি সত্যিই আমরা গর্বিত আপনার উজ্জ্বল দৃষ্টান্ত তৈরী করার জন্য। ভালো থাকবেন.....🙏"
820325810282196_1492493998069914,Superb sir 👍
820325810282196_1024550839199300,Oti uttom.
820325810282196_1195912518318183,স্যালুট sir💚💚
820325810282196_501009929285844,Good job sir
820325810282196_867431434822225,salltue sir🙏🙏🙏
820325810282196_503810295716264,আসল অপরাধী শাস্তি পাবে এটুকু ই আশা আপনাদের কাছে
820325810282196_1156293782146632,Good work sir
820325810282196_1055461515968299,Dhannobad sir
820325810282196_458789073810520,"গুড জব,, স্যালুট জানাই।"
820325810282196_516449787540913,স্যালুট
820325810282196_475351408656765,Salute the officer
820325810282196_1159831415310597,এটাই হওয়া উচিত
820325810282196_1019808572932708,Alhamdulillah apni bhlo takban sir
820325810282196_1017008257093878,Joy hind sir 🙏✊
820325810282196_1646108845960552,Proud of you Dear Sir🙏
820325810282196_2495800047293018,স্যালুট জানাই
820325810282196_775340338146443,"শুনেছিলাম প্রাচীন কালে এই সব পন যৌতুকের কালচার ছিলো, আধুনিক যুগে এসেও এসব কি শুনি, এগুলো আমি শুধু সিনেমায় দেখতাম, বাস্তবে কখনো যৌতুক নিয়ে কামড়াকামড়ি দেখিনি!
#একদম উচিৎ বিচার হয়েছে, তবে জনসম্মুখে ফাঁসি দিলে আরো ভালো হতো!  তাতে বাকিরা সাবধান হয়ে যেতো"
820325810282196_1016314739775963,সাব্বাস ....We are proud of you
820325810282196_1139927233745387,Kolkata Police a ki ei rakam daksha adhikarik nei?
820325810282196_530918186040877,Good job 🙏
820325810282196_1055489462584022,"Salute u , Sir 🖐️"
820325810282196_2068704303525033,Good Job SI Rabbani Babu.
820325810282196_1501714690473424,Salut sir.  ২০১৫-২০২৪ ভারতে অপরাধীদের শাস্তি পেতে এত দেরি হয় কেনো?
820325810282196_1048797479552690,"পুলিশ যে ভালো কাজ করে তার ভিডিও তুলে সোশাল মিডিয়া দিতে বলেন নিজ নিজ আইডিতে ,,সব পুলিশ জেলা এবং থানাগুলিতে এতে মানুষ পুলিশের সাথে বেশি যুক্ত হবে ,,অপরাধ কি মানুষ বুঝতে পারবে ,,অন্যায় কমবে ,,পুলিশ সম্পর্কে মানুষের ধারনা আরও ভালো হবে।।বিষয়টি বিবেচনা করবেন দয়া করে,,ভালো থাকুন ও সুস্থ থাকুন সবাই।।
                        ❤️❤️❤️"
820325810282196_986255253234439,কি ভাবে সেলুট জানাব বুঝতে পারছিনা কোথায় ২০১৫ আর ২০২৪
820325810282196_1007927757477229,Erokom post chai .
820325810282196_8283190421724023,"Good job sir, apnake salute janai 🫡🫡🫡"
820325810282196_1725470711555908,Ih
820325810282196_1057363692506710,আপনার মতো অফিসার দরকার
820325810282196_2070009343413840,এবার আর জে করের টার অপেক্ষায়!!
820325810282196_1078358424079185,"দক্ষ অফিসার 
স্যালুট"
820325810282196_1037286657977207,Bolchi sir ai process ta tao koto din legeche??mane doshi koto din por jail holo???
820325810282196_417614700770765,Leo Blake-z Salehin 9.5 years approx
820325810282196_1102166518093392,হত্যার শাস্তি যাবজ্জীবন ! ? ?
820325810282196_311898011950791,"Belal Ahmed তাহলে কি দেওয়া যেত, জাজ সাহেব?"
820325810282196_797070799256436,Good job West Bengal Police 🚨
820325810282196_1014954126973004,"ফাঁসি চাই পাবলিক 
ফাঁসি ফাঁসি ফাঁসি ফাঁসি ফাঁসি ফাঁসি ফাঁসি ফাঁসি ফাঁসি ফাঁসি ফাঁসি ফাঁসি ফাঁসি ফাঁসি ফাঁসি ফাঁসি ফাঁসি ফাঁসি ফাঁসি ফাঁসি ফাঁসি ফাঁসি ফাঁসি ফাঁসি ফাঁসি ফাঁসি ফাঁসি ফাঁসি ফাঁসি ফাঁসি ফাঁসি ফাঁসি ফাঁসি ফাঁসি না
আইন কড়া করো না হলে মেয়েরি স্বাধিন পাচ্ছে না"
820325810282196_906330524659135,আজীবন আমাদের ভরসা আপনাদের ওপর পশ্চিমবঙ্গ পুলিশ জিন্দাবাদ ❤️
820325810282196_533694392342605,Salute 💝🙏
820325810282196_1687611691778798,"Very Nice sir 
Well Done sir ❤️❤️"
820325810282196_1154531102901219,দাদু ❤️
820325810282196_507016581700419,যাবজ্জীবন কারাদণ্ড দিয়ে কোন লাভ নেই। একমাত্র উপায় হচ্ছে মৃত্যুর বদলে মৃত্যু তাহলে সমাজের মধ্যে কেউ অপরাধ করার সাহস পাবে না𝓁
820325810282196_479393568229137,
820325810282196_1205182000672453,❤️
820325810282196_481895774454273,
820325810282196_475946011956352,
820325810282196_1210667243580179,
820325810282196_1722041855236659,
820325810282196_849793477083408,🫡🫡🫡
820325810282196_1658201768306991,🫡
820325810282196_923326692857007,🙏
820325810282196_462610536750464,❤️❤️
820325810282196_1924761557951424,🌷🙏
820325810282196_903589111599082,🩷🩷
820325810282196_2229029397471305,🙏🙏🙏
820325810282196_875559621142309,🙏🙏
820325810282196_929383655616654,🙏🙏🙏
820325810282196_861678212103598,👍👍👍
820325810282196_1183310766259097,👍
820325810282196_1730680904406269,যেদিন আপনারা আরজি-কর এর দোষীদের ধরে উপযুক্ত শাস্তি দেবেন সেদিন আবার আপনাদের প্রতি আমার সন্মান বেড়ে যাবে ❤️‍🩹
820325810282196_386758901192133,অপরাধির সাজা এমনটাই হতে হবে। ধন্যবাদ
820325810282196_1515932152621940,Good job
820325810282196_428297830216683,🫡sir
820325810282196_1869953046834322,Salute
820325810282196_821162693541140,Duty Experience
820325810282196_1009361690867406,Nice.sir 🥰🥰🥰
820325810282196_1200691614312896,Salute  sir
820325810282196_807322134818187,Good job.
820325810282196_876054151054377,Salut sir
820325810282196_1228880631455502,Salute sir.
820325810282196_3890739184502008,💕 U Sir
820325810282196_1021675975887015,Salute sir
820325810282196_2401291506740894,Well Done Sir 👍✅
820325810282196_1166422097910246,Salutes
820325810282196_1173548353864852,প্রনাম ভারতীয় বিচার ব‍্যবস্থাকে অপরাধ করার 9 বছর পর অপরাধী শাস্তি পেলো।
820325810282196_429469396115937,"পুলিশ দের যা কর্তব্য তাই উনি করেছেন।
এবার কথা হচ্ছে আপনারা কেন এনার ছবি ভাইরাল করছেন। কারন হাজারে একটা পুলিশ হয়ত নিজের কাজ টুকু সঠিক করে পালন করে। তাই এই গুলো পোস্ট করে wbp এর নাম রোশন এর চেষ্টা হচ্ছে।"
820325810282196_829250012671329,"https://www.facebook.com/share/v/UbvRg1N5VAnRT7Ff/?mibextid=oFDknk

বিস্তারিত দেখতে চোখ রাখুন।"
820325810282196_3717256898532254,#Justice_for_RG_kar
820325810282196_1020564566173797,#Justice_for_RG_kar
820325810282196_1966112517152791,#Justice_for_RG_kar
820325810282196_387228077737750,#Justice_for_RG_kar
820325810282196_850917420312503,#Justice_for_RG_kar
820325810282196_901667435105264,#justiceforRGKar #justiceformoumita #justiceforrgkarvictim
820325810282196_1212871940050087,https://www.facebook.com/share/r/vKPmV9JufaW2tsJ5/?mibextid=D5vuiz
820325810282196_1536671736919061,#WeWantJustice #KolkataDoctorRapedAndMurderCase
820325810282196_1012325157350202,Binnaguri out post sab ghus pawa amr tym bodu nirjaton case korte giye nichilo na grm member sp ke phn korle tkn case nei ja poisa kheye dabiye rekheche kno babosta nei ni 2 yr ki kno kichu todonto kore na police .amr husband taka diche oc ke msg shot chilo
820325810282196_511896654657922,সারা জীবনে বোধহয় ১টাই achievement করেছে। বুক দেখে টাই মনে হচ্ছে।
820325810282196_3862614720689632,Good job ato tara tari jodi dosi dhora porlo ta hole rg hospital ta kobe dhora porbe dosi
820325810282196_341995248985025,"All eyes on Pakistan
Pray for Pakistani students. 

#savepakistanistudent  ✅

#ALjazerra✅
#Bbcnews #CNN✅ #TheWashingtonPost✅
#TheNewYorkTimes✅ #TheGuardian✅
#BBC #AlJazeeraEnglish✅ #TheWallStreetJournal✅
#CNBC #DhruvRathee✅ #UnitedNations✅ #NewYorkTimesOpinion✅
#ABCNews✅ #NewYorkPost✅ #ProjectNightfall✅
#AbhiandNiyu ✅
#protectstudents✅
#savestudents✅ #Savepakistanistudents✅"
820325810282196_1721610392005706,https://www.youtube.com/watch?v=bRGomK4ToLQ
820325810282196_415682964324532,Good job nanuji 👍❣️
820325810282196_1187081849206752,"I know why I don't like the police. 
Because you guys don't punish the guilty. 
You inflict severe cruelty on the innocent. West Bengal Police"
820325810282196_2166436137073952,বাংলার পুলিশ বলেই সম্ভব। CBI হলে আসামি কবেই বেকসুর খালাস হয়ে যেত।
820325810282196_382350207964788,"পুলিশ এর মেরুদণ্ড সর্বদা এইরকম ই সোজা থাকুক ।

স্যালুট স্যার"
820325810282196_7936164713085967,"প্রশংসনীয় কাজ করেছেন অফিসার। কিন্তু খুব কম অফিসাররাই এমন ভালো কাজ করেন, jodi 10% পুলিশ নিজের ডিউটি ঠিক করে তাহলে দেশের অনেক উন্নতি হতো।"
820325810282196_1535557667042869,https://drive.google.com/file/d/16sk_jC3NRQwEKjk71J8LGMyIfwZ1ilxB/view?usp=drivesdk
820325810282196_1203733274107158,"R g kar r khetreo etai hobe vebechilam 
... mohamanyo adalot to case tai transfer kore dilen..."
820325810282196_393286780450307,I know Rabbani sir as I was posted in Samuktala and he also was posted at Samuktala PS at that time.
820325810282196_1140031877091210,দৃষ্টান্তমূলক শাস্তির অভাবে অপরাধীরা অনায়াসে অপরাধ করে যাচ্ছে এবং কয়েক মাস জেল খেটে দিব্যি বুক ফুলিয়ে ঘুরে বেড়াচ্ছে।
820325810282196_500451426016676,যারা fridge freezer বলতো তারা কোথায় গেলো আজকেও তো তাদের প্রতিবাদ করতে আসা উচিত..
820325810282196_1197603371437160,R G কর এর দোষীদের কেনো বাঁচানোর চেষ্টা
820325810282196_466752286196747,"পুলিশ অফিসার যিনি দোষী দের ধরেছেন সেটা সত্যি প্রশংনীয়, কিন্তু আপনারদের পোস্ট করার ধরন দেখে মনে হচ্ছে আসল লক্ষ্য হল একটা। বিশেষ সম্প্রদায় কে বার্তা দেওয়া. আরজিকর এ আপনাদের ভূমিকা গোটা দেশ দেখল . ফেসবুক এ দেখালাম মুশিরদাবাদ আর জলঙ্গী তে আবার একটি মেয়ে রেপড হইছে রিসেন্টলি , আবার কালকে একজন পুলিশ কর্মী জান বাঁচানোর জন্য ছুটে পালাচ্ছে, তা ওই দোষীদেড় কবে ধরে ফেসবুক পোস্ট দেবেন  . পাক সার্কাস রাজবাজার মেটিয়াবুরুজ এ গেলে আপনারা ছুটে পালান কেন . আইন তো সবার জন্য সমান, না প্রশ্নও করলে , অন্যায়  আর প্রতিবাদ করলে এরেস্ট করবেন . এতে কী সমাজ বদলাবে. মানুষের ঘৃনা টা কোন পর্যায়ে পৌঁছেছে সেটা আপনাদের সত্যি কোনো ধারণা নেই."
820325810282196_3180422868755212,Rabbani hossain মতো চোখ আপনাদের নেই ক্যানো বলুন তো? তাহলে সেদিন doctor টি Suicide করেনি murder হয়েছে বুঝতে পারতেন।  আবার ফলাও করে লোকে স্যালুট ঠুকে যাচ্ছে এদের? ভাড়া করেছেন নাকি লোক? আগে আর জি কর case এর সুরাহা হোক দোষীদের শাস্তি হোক তারপর আপনাদের প্রতি আস্থা ফেরানোর কথা ভাবা যাবে।
820325810282196_1179242663128942,"গরীব মানুষ রা অপরাধের শাস্তি ঠিক পাই, কিন্তু ধনী রা , প্রভাবশালী, যাদের মাথায় পলিটিক্যাল হাত আছে তারা সব ছাড় পেয়ে যায় স্যার, যেদিন ধনী, গরীব, যেই হোক না কেনো অপরাধ করলে যোগ্য শাস্তি পাবে সেদিন সংবিধান নিজের যোগ্য সম্মান পাবে, ইন্ডিয়া তে এটা কখনো সম্ভব নয়"
820325810282196_1188869502356709,এখানে সুব্রত পালের জায়গায় কোনো চটিচাটা প্রভাবশালী হলে আপনাদের বীরত্ব টেবিলের তলায় গিয়ে লুকোতো।
820325810282196_788866349818416,#Justice_for_RG_kar
820325810282196_846133984146915,#Justice_for_RG_kar
820325810282196_550759243955498,#Justice_for_RG_kar
820325810282196_1082822446522775,#Justice_for_RG_kar
820325810282196_1037181581401359,#Justice_for_RG_kar
820325810282196_1066077328854176,#Justice_for_RG_kar
820325810282196_524660233405132,#Justice_for_RG_kar
820325810282196_806871141609765,#Justice_for_RG_kar
820325810282196_517039747518476,#Justice_for_RG_kar
820325810282196_1516978202263179,#Justice_for_RG_kar
820325810282196_521629693721410,#Justice_for_RG_kar
820325810282196_692627676390745,"ন্যায় বিচার হলো না
হত্যার বিচার মৃত্যুদন্ড হবে"
820325810282196_1907375143023670,https://www.youtube.com/watch?v=NEyrn-Db4Ro
820325810282196_1021268815862194,"এতে এত প্রসংশার তো কিছু নেই।
এটা তো এঁর কাজ।"
820325810282196_3741726786041440,"পশ্চিমবঙ্গের পুলিশ প্রশাসন খুব সক্রিয় দেখেই বোঝা যাচ্ছে। 
ঘরে ঢোকার পর রাব্বানী সাহেব সবকিছু জানা সত্ত্বেও কেসটা সল্ভ করতে দশ বছর লাগিয়ে দিল।
🤣🤣😁😁"
820325810282196_479092661607178,"কোনো শাসকের চমচা আমার কমেন্টস টা delet করে দিলো 😂
ঘটি বেঁকে গেলো কমেন্টস এই 😅"
820325810282196_1490388048251962,Netar bata hole to Suicide e bole diten #shamewestbengalpolice
820325810282196_1434348590597819,West Bengal police ki korche seta sobai to dhektei pachhe..🙏🏼
