COMMENT_ID,COMMENT
811614037820040_465577379704862,"We are available on YouTube too. Please visit-
www.youtube.com/@westbengalpoliceofficial"
811614037820040_8088374971216937,West Bengal Police wow congratulations 👏🏻 Good job 👍🏻⚖️🖤🔥
811614037820040_754222126714896,Best admin west police police ever get❤️
811614037820040_877037137779248,Your safety and the safety of others depends on your attention and consciousness. Drive with care and make the road a safer place for everyone. Nice massage by West Bengal police.
811614037820040_858537305718509,"আপনাদের এই সাবধানমূলক কথা গুলো আমরা খুব enjoy করি, ভালো লাগে....👍👍👍"
811614037820040_2555519054837888,Congratulations sir
811614037820040_348042978239570,Darun
811614037820040_2203681923339706,"দারুন চিন্তা,,খুব সুন্দর বিষয় টা  ,,সহজেই মানুষ বুঝতে পারবে তাদের এটা করা যাবে না।।"
811614037820040_1197944321553656,Video gulo valo. But Public ke aro bojhanor jonno field e aro besi kore awareness programme nite hobe. Jeta last 3/4 years age khub valo moto hoyeche.
811614037820040_504234138990205,Best example 🙂
811614037820040_480109071403369,Darun chilo eta🤣
811614037820040_460571156886016,সময়ের সাথে সমাজ কে পাল্টানোর অভিনব অভিজ্ঞতা ।
811614037820040_512382914800926,আপনারা মাঝে মাঝে 😀😀
811614037820040_994293175772679,Jai hind
811614037820040_1405719577484292,এই পেজের এডিমিন টা দারুণ❤️
811614037820040_1056000146103794,Aree Bhai Admin kaun hai👌😂
811614037820040_480358191605210,সেরা 😂😂😂
811614037820040_501173185631106,R8
811614037820040_885717223426434,আপনারা তো conscious করে যাচ্ছেন কিন্তু শুনছে কে? কবে ফিরবে চেতনা।
811614037820040_987886436421478,Prosenjit Roy aygolo korbii nahh
811614037820040_516789760916958,
811614037820040_1678776579524586,
811614037820040_1015784126744788,😀😀😀
811614037820040_480331434736424,😅👍
811614037820040_855097266089637,Tanmoy Sen
811614037820040_1033669674814317,🥴
811614037820040_1040569570782211,😆😆
811614037820040_480175828047630,😆😆😆😆
811614037820040_455744750767342,Ayes Mallick
811614037820040_1212949003354868,Debopriyo Ghosh my dada is back 😂
811614037820040_840446388223069,Ayes Mallick reetesh deshmukh e tor dada😂
811614037820040_816159960661567,"Debopriyo Ghosh ami bhablam reetesh da likhbi 😂
Tomar onko sir 😂"
811614037820040_526216659984391,WONDERFUL
811614037820040_460007303597270,Good
811614037820040_832517861916076,Excellent message
811614037820040_416508108073795,When a Memer get job in Police cyber cell🤣
811614037820040_1671743696958868,"Safe drive save life ।।
কিন্তু রাস্তা তাও তো ভালো হতে হবে , অনেক সময় রাস্তা খারাপ হওয়ার জন্যই দুর্ঘটনা হয়"
