COMMENT_ID,COMMENT
834094738905303_1036719214785428,পশ্চিমবঙ্গ পুলিশের পক্ষেই সম্ভব এত দ্রুত তদন্ত শেষ করে দৃষ্টান্ত মূলত শাস্তির ব্যবস্থা করা।। ধন্যবাদ জানাই পশ্চিম্বঙ্গ পুলিশ কে 🙏🙏🙏🙏
834094738905303_805032318195718,Manirul Islam Choti na Chatle westbengal police valoi kaj korte pare prove that.....praud of westbengal police......
834094738905303_1028493682104413,"Manirul Islam 
খোঁজ করে দেখবেন আব্বাস কোন প্রভাবশালী ব্যক্তি নয় বা তাদের নিকট আত্মীয় ও নয় ঐ আর জি করের প্রাক্তন অধ্যক্ষের মতো, আবার এমনটাও হতে পারে আব্বাস ঐ সময় ঘটনাস্থলের আশেপাশেই ছিলেন না"
834094738905303_1174909836914613,Rana Pom Riyanshi Apni ki chaten bolun to.....nijer swarter janno kichu na kichu to apni nischoi chaten
834094738905303_508355565263841,Arunava Saha kato janen kintu ektuo ahonker nei apnar
834094738905303_936676828271796,"Sanjay Chatterjee 
কোথায় আর জানলাম, জানে তো বঙ্গে শুধু একজন, দিদিমনি ছাড়া আর কোন জন। কোন বিষয়ে খামতি নাই তার তাই তো নাম তার সবজান্তা ভাই।
মাথায় রাখবেন আপনি কিন্তু সঞ্জীব ঘোষ নন্। তাই যে কোন সময় আব্বাস হয়ে যেতে পারেন"
834094738905303_859419116288295,"""পশ্চিমবঙ্গ পুলিশের"" পক্ষেই আমিও একজন পুলিশ কর্মচারী হয়ে এখন নিজেকে ধন্য মনে হচ্ছে, এত দ্রুত তদন্ত শেষ করে দৃষ্টান্ত মূলত শাস্তির ব্যবস্থা করার জন্য।। ধন্যবাদ জানাই ""পশ্চিমবঙ্গ পুলিশ"" স্যালুট জানাই 🫡🫡🫡."
834094738905303_790419749702937,"Sudhangshu Malik,,, রাজ্য পুলিশ যখন ব্যর্থ প্রমানিত হয়, তখন সিবিআই তদন্ত হয়।।।।"
834094738905303_1238366753864280,Sudhangshu Malik 13 month long time .
834094738905303_1072577294236123,Sudhangshu Malik স্যালুট জানাবেন ঠিক আছে পুলিশ বিভাগের কর্মচারী হয়ে নিচে লেখা পশ্চিমবঙ্গ বানান টা একটু ঠিক করে নিন পারলে🙏
834094738905303_1033314395188912,West Bengal police er  কাজ দেখে খুব ভালো লাগলো..আমি একজন police officer. আমার গর্বিত অনুভব করছি l justice দেওয়া সঠিক investigation er পরে হয় l সেটা হয়েছে l victim এর বাড়ির লোক বিচার পেয়েছেন..আমি খুশি l ধন্যবাদ সবাই কে l
834094738905303_381323741684415,"R Chowdhury এই জাস্টিস টা কি আরও আগে করা যেত না ,"
834094738905303_918605010077711,Good Job sir
834094738905303_1472774244116786,Congratulations
834094738905303_1000302255175827,অভিনন্দন জানাই পুলিশ প্রশাসনকে 🙏
834094738905303_337645149430006,Great job 👍
834094738905303_3702489513304322,Good job Paresh da 👏
834094738905303_1026001835896279,"West Bengal Police zindabad ❤️ 🙌
জয় বাংলা ❤️
জয় হিন্দ🇮🇳"
834094738905303_930304095573549,পুলিশের কাজ সত্যি প্রশংসনীয়। জাস্টিস এর জন্য ধন্যবাদ। আপনারা আছেন বলেই আমরা নিশ্চিন্ত আছি।
834094738905303_1623636054867090,Great job 👍
834094738905303_994835675774586,Good job sir
834094738905303_1711880446236123,জয় হিন্দ
834094738905303_390468017197277,Very good job salute
834094738905303_525659469847626,"I love only West Bengal Police, great job 🫡 স্যালুট"
834094738905303_1052000569818641,শিলিগুড়ির পুলিশ প্রশাসনকে। ধন্যবাদ
834094738905303_1242895580486050,Great Job 👌👌 thanks #WBP
834094738905303_414609311228948,Very good news
834094738905303_534009895826442,Jai Hind
834094738905303_1031750551780193,Much needed Justice....congratulations to team 👏👏
834094738905303_1580020499277921,Good job Siliguri PC...Big Big Salute 🫡 IO @ Matigara PS
834094738905303_855134452968028,"খুব সুন্দর একটা খবর পেলাম, অপরাধী শাস্তি পেয়েছে, এটা শুনে খুব ভালো লাগলো, এবং ধন্যবাদ জানাই সাব ইন্সপেক্টর পরেশ বর্মনকে, সাধারণ জনগণের পুলিশের উপর থেকে বিশ্বাস এখনো হারিয়ে যায়নি, বিশ্বাসটা সব সময় ছিল এবং থাকবে, ধন্যবাদ অল ওভার ওয়েস্ট বেঙ্গল পুলিশ"
834094738905303_8458738607524170,"দেখবেন যদি  উচ্চ আদালতে যায়, যেন সাজা কম না হয়।"
834094738905303_882170253834506,Good work by IO and great achievement by West Bengal Police.
834094738905303_555159956946961,Great job!!!
834094738905303_3756688331255139,Congratulations to the Matigara Police Station officer SI Paresh Barman and all his colleagues who worked with him in this case. Good job done 🙏🏻
834094738905303_3690372084559016,"Great job, congratulations"
834094738905303_3714772255442113,Congratulations
834094738905303_1242257230125237,Great grand salute to West Bengal Police
834094738905303_1720293045419756,Cops of Siliguri police commissionerate have given a speedy and much coveted justice to the departed victim and her family.The team members have set an example of their dexterity and professional skill.A big salute for all of them.
834094738905303_891962916126231,Good Job WBP & SPC & specially Matigara Police.
834094738905303_388850070922677,"Great job, congratulations"
834094738905303_890778276279430,Congratulations
834094738905303_1289577019079405,Good job 👏🏻
834094738905303_3754076461472942,Great job 👏 Feel proud for West Bengal police
834094738905303_539530175120929,Great job sir.
834094738905303_1683963989066324,Great job
834094738905303_536080552286085,Great success and achievement bondhu
834094738905303_510187471741018,Great job sir
834094738905303_407343511997123,Great job
834094738905303_820075706975967,Congratulation to Siliguri Police Commissionerate.
834094738905303_428233733602789,Great job sir
834094738905303_824782533059038,Salute sir
834094738905303_1225642092035265,"We r proud of you sir.
Congratulation 🎉"
834094738905303_430668556689460,Great job.. salute sir
834094738905303_409290431797103,West Bengal police great job
834094738905303_8773995665985005,"Great job, congratulations"
834094738905303_969166344965289,Great job WBP
834094738905303_8175082325918624,Great job sir
834094738905303_717303440583985,Great job 👏 Sir
834094738905303_3737312769817372,Great job sir
834094738905303_1019390066230897,Congratulations
834094738905303_1046327403595608,অনেক অনেক ধন্যবাদ 🙏
834094738905303_1463549690876773,Congratulations sir..
834094738905303_1730933577738724,Great job WBP
834094738905303_325112037290502,Great job sir
834094738905303_804086421802664,Great job Sir 👏
834094738905303_1505571296832229,অকুন্ঠ অভিনন্দন জানাই শিলিগুড়ি পুলিশ কমিশনারেটকে। অভিনন্দন জানাই  তদন্তকারী অফিসার  পরেশ বর্মণ মহাশয়কে।  আপনাদের সুচারু  কর্মপদ্ধতি   দ্রুততার সঙ্গে  উপযুক্ত প্রমাণ সহ তদন্ত সমাপন ও চার্জশিট দাখিল  আদালতকে  এগিয়ে দিয়েছে বিচারপ্রক্রিয়া সমাপ্ত করে রায় দানের দিকে। মাননীয় আদালত যে রায় দিয়েছে  তা  দৃষ্টান্তমূলক হয়ে রইলো। শ্রদ্ধা জানাই মাননীয় বিচারককে।   উপকারীর ছদ্মবেশে   অপরাধী একটি মেয়ের জীবন কেড়ে নিয়েছে। পরলোকগতা মেয়েটির পরিবারকে জানাই আন্তরিক সহমর্মিতা।🙏
834094738905303_1458723818134880,"Great job  ,congratulations"
834094738905303_1149815479429531,Great job
834094738905303_1206145274028400,Good job sir
834094738905303_1676958642842633,Great job sir
834094738905303_2022348718204226,Great job
834094738905303_485698617763480,Great job
834094738905303_1054157936330714,Great job 👏
834094738905303_1312198666820772,Excellent job 🙏
834094738905303_1723311845105214,"Great job sir, Jai hind 🫡🫡🫡"
834094738905303_562050466160510,Great job
834094738905303_1197519531490032,Great job...
834094738905303_1700740114078349,Wow big congratulations 👏👏🎉👏
834094738905303_509044401724030,Great job sir
834094738905303_828112772642049,Great job
834094738905303_875474360688914,"Great job, 👍"
834094738905303_885928253583369,Good job sir
834094738905303_519465973969538,Great job 👍
834094738905303_2285277831642688,Salute W.B Police for such a speedy justice.
834094738905303_510915511886832,Great Job
834094738905303_3835233660098508,Great job sir
834094738905303_362453790270671,🙏🙏🙏
834094738905303_440198989031933,Great job 👍
834094738905303_1966822750458012,পশ্চিমবঙ্গ পুলিশ প্রশাসন সফলতার সাথে এগিয়ে চলেছে l ধন্যবাদ জানাই 🙏🏻
834094738905303_1208782313762111,Congratulations 💐
834094738905303_528815199608457,"Great Job, Salute sir"
834094738905303_420276450601884,Great job Bhai paresh keep it up
834094738905303_2175828162798724,Excellent work 👏
834094738905303_390672307170389,Very good work and good performance 👏
834094738905303_484477744485048,Great job 👏
834094738905303_1187747979172394,"Great  job the West Bengal, salute Sir"
834094738905303_433495089144179,প্রত্যেকটা পাপির এমন শাস্তি পাওয়া উচিত। স্যালুট জানাই ওয়েস্ট বেঙ্গল পুলিশ কে👍👍
834094738905303_1332036534262562,Great job sir Ji
834094738905303_8158656487550815,Great Job Sir..
834094738905303_541698408201256,Great job🙏🏼
834094738905303_500549482729478,Great job batchman
834094738905303_530316096119321,Great job
834094738905303_484141661161619,Great achievement....
834094738905303_2302630530087648,স্যালুট
834094738905303_456516920721454,Good job 🙏🏻Sir
834094738905303_948422097088775,Congratulations Batch
834094738905303_8428316813898734,Great job
834094738905303_1675681073231987,Good job sir
