,Unnamed: 0,POST_ID,CAPTION,REACTION_COUNT,COMMENT_COUNT
0,0,692583847600758_800978018883642,"৬ মাদক পাচারকারীর ১২ বছরের কারাবাস 

ঘটনা ২০২২ সালের। আসানসোল-দুর্গাপুর পুলিশ কমিশনারেটের কোকওভেন থানা এলাকায় পশ্চিমবঙ্গ পুলিশের STF-এর (Special Task Force) হাতে ধরা পড়ে ছয় কুখ্যাত মাদক পাচারকারী। বাজেয়াপ্ত হয় ৩৫৩ কিলো গাঁজা। মামলা ছিল এসটিএফ-এর তদন্তকারী সাব-ইন্সপেক্টর সোমনাথ মণ্ডলের দায়িত্বে। দিনকয়েক আগে রায় বেরিয়েছে মামলার। রায়দান পর্বে অভিযুক্ত সকলের ১২ বছর সশ্রম কারাবাস এবং মাথাপিছু এক লক্ষ টাকা জরিমানার সাজা ঘোষণা করেছেন আসানসোল এনডিপিএস আদালত। জরিমানা অনাদায়ে আরও নয় মাসের সশ্রম কারাদণ্ড।

অভিনন্দন STF! মাদকের বিরুদ্ধে লড়াই চলুক প্রতিদিন, আপোষহীন।",542,21
