COMMENT_ID,COMMENT
803892288592215_692727239675870,"We are available on YouTube too. Please visit-
www.youtube.com/@westbengalpoliceofficial"
803892288592215_513282111311120,West Bengal Police amar barir chor ta k too aar dhorte parlen na. Sala gandur dol
803892288592215_810723764526097,Finally WB Police got interesting social media handler like Bengaluru and Delhi police.🤭🌞
803892288592215_500793259003373,How do they get our numbers?
803892288592215_4060734550820689,Trisha may be they chose random WhatsApp number
803892288592215_3633735716890629,"Trisha data is for sale on internet Some apps gaming apps ,social apps, online survey share your data"
803892288592215_430376346298820,"Sk Saifuddin Hussain to be really honest, some of my friends actually make money from these scams , but only on the first try only. actually they give out money once so that people believe they are some genuine company, so they give out like 900 rs for first time in your bank account.. and later they ask for money so that they can give bigger task to you.... So the trick is to only work once and take money from them 😂😂😂 4-5 friends of mine got 800-900 from the scammers and then we had dominos party 😂 later when the scamster said you need to give 2000 to get a new bigger task , my friends simply said no I don't have money to give 😂"
803892288592215_513684314372760,Abhishek Borthakur scammer ke sath scame ho giya🤣🤣🤣
803892288592215_875999967762959,Sk Saifuddin Hussain bro remember India is not for beginners... Yaha scammers ko hi scam kar dete hai 😂
803892288592215_3675376696060769,Abhishek Borthakur yeah I did scam with them too... Almost earned 15000 . Now They don't text anymore 🥲🥲🥲
803892288592215_1577933889827586,Trisha through private bank workers
803892288592215_1474925059793885,sera cartoon🤣
803892288592215_1619695678806703,অসাধারণ ভাবনা। অসাধারণ। খুব সুন্দর ভাবনা। (শুধু pop up whatsapp msg টা পড়া যাচ্ছে না। ওটাকে একটু ভেঙে ভেঙে কয়েকটা ভাগে করলে মনে হয় better হত।)
803892288592215_1152921602595717,লোভে পাপ পাপে গর্ত 😁
803892288592215_1134812017603589,"চরম Best এন্টারটেইনমেন্ট জায়গা এখন, এই page আমার কাছে 🥰🥰🥰🥰🥰    সত্যিই বলছি মন টা ভালো হয়ে গেলো। তবে এসব দেখতে দেখতে পুলিশ দেখলে যে ভয় পেতাম এখন আর ভয় পাই না সাহস পাই ♥️"
803892288592215_380183681790812,Suman Mondal আমি তো পুলিশ দেখলে তিন পা পিছিয়ে তার পর সামনে যাই 😶
803892288592215_1007339323938486,চরম! 🤣🤣
803892288592215_920299859906276,Very good presentation of message 👍
803892288592215_1599272930853759,"Darun....
Sir / madam , plz Facebook sponsored pages er shopping sites gulor uporeo manush ke aware kore din ebhabei.... Maximum pages fraud. Amar sathe fraud hoyche. Ekta valo jama lobhe pore order korlam. Elo ekta baje purono jama. Ami #FraudAlert diye onek sites share korechi jara manusher taka niye baje jinis pathachche. Facebook e tara onek accounts khule rekheche. Sob Tai fraud."
803892288592215_479882401437557,"Same আমার সঙ্গে হয়েছে কিন্তু আমি 210 টাকা পেয়েছি , পরের দিন আমাকে টাস্ক দেওয়া হয়েছিল ঈদ থাকার কারণে টাস্ক কমপ্লিট করতে পারিনি খুব আপসোস হচ্ছিল but এখন বুঝতে পারছি যেটা হয় ভালোর জন্যই হয়😂😂😂😂"
803892288592215_1165039994936545,"Joy guru. 
Guru mean my mother,father,friend or my best relative who like me all the position in all time.He is my truth.who give us pure sunlight.joy maa saraswati.Proman."
803892288592215_842038184737407,What about fake investment earning app?
803892288592215_406534652415826,Sy sir 😂
803892288592215_1212727673074202,আপনারা ও পারেন
803892288592215_1205235037284126,"India ki har state ki police ko apne apne Facebook pages pe traffic rules ke meme bnna ne ki salary milti hai sirf, kisi bhi ameer rapist ko dhundna unki shaan ke khilaaf hai aur agar balatkari kisi neta ka relative nikle tab toh woh unka damaad hai.

kya kaha aapka bhi rape hua hai? Jaiye pehle daas tarike ke verifications karwaiye jo ki sarkaari aspataal loda kabhi karenge time se, fir uske baad khud se A4 size sheet pe khud ke arrange kare hue pen se statement likhiye FIR ki kyo ki hume toh salary free ki petroling aur chai samose dabane ke milte hain , mchudaye rape victim ki family jo ki trauma mein hai fir bhi try kar rahi stable hokar sab karne ke liye, aur jab sab khud se arrange karke jamma kara de toh thoda meethai (cash) bhi bhijwa dijiye kyo ki rapist ko dhundne mein calories bhi toh burn hogi daroga sahaab ki.
Aur humse koi umeed na rakhiye ga baar baar akar thaane mein, hum bss inquiry karwate hain (wo inquiry jo ki 2 dihati body language wale constable hain jo kabhi sidha answer nhi dete kisi cheez ka aur ghamand pradhaan mantri se upar ka hai) , jab humari inquiry puuri ho jayegi tab apko info. Milegi, aur jada dikkat ho toh court chale jaiye aur apne ghisswate rahiye  waha dates postpone hone ke liye, bss humse umeed Naa rakhiye hume salary puuri sabji ki diet puuri karne ke liye milti hai aur thoda walk karne ke liye sarkari innova ya Scorpio mein , apni samasiya ki jimmedar aap khud hain.

Jab aapki beti/maa/behen aapni body leke ghumme gi bahar toh rapist toh r*pe kar hi dega na, wo bechara toh apna kaam kar raha hai. 

Savdhaan rahe , satark rahe aur self sufficient bnne. Police walo ko bhi bhoto kaam hote hain (netao aur ameero ke ghar chowkidari) ,  sabki madad karenge toh sabki madad karni padegi fir, ye desh savindhaan se chalega, machudaye common sense aur genuine understanding of the reality."
803892288592215_509149248364470,স্ক্যাম এবং ফ্রড সংক্রান্ত ব্যাপারগুলো এই ভাবে মজার ছলে জানানোর জন্য ধন্যবাদ। আপনাদের অন্য সব পোস্টগুলো দেখেছি। জন-সচেতনতার জন্য খুবই উপকারী।
803892288592215_1040438784452377,Nice 👍 keep it up ❤️
803892288592215_401839542346399,Broo...5k amr dubeche😫😫😫
803892288592215_853834336639428,"Khub sundor explain,apnara o paren mosai😊"
803892288592215_1902451210226389,Nice explain 👌
803892288592215_1149909439425890,Sir kothao kono valo kj er khobor a6e?? Jeta safely korte pari abong payment o thik somia pai jabo😁
803892288592215_1189851888879183,Songs selection ke liye.. Admin deserves a Grammy award 🏆😄
803892288592215_2782947451858371,Mast thaa 🤣🤣🤣
803892288592215_1237432557629935,Atai ghote 🤣
803892288592215_997336772042362,ধন্যবাদ শেয়ার করার জন্য ।।
803892288592215_540372908453601,সিরিয়াস এগুলো এখন আতঙ্ক হয়ে দাঁড়িয়েছে যেনো।
803892288592215_1232387874465311,Wah 😂😂
803892288592215_1962319410878710,West Bengal Police 😂🤣🤣🤣🤣 aise bol rahe ho jayse app log koi chote mote scammer ho !!! 🤣🤣🤣
803892288592215_870415091140043,"আমার গেছে ৩০,০০০🙂"
803892288592215_480636178156847,You became the biggest scam!!!
803892288592215_491287563660120,Bengal Police always OP 😂
803892288592215_400456809354195,You are a scam to wb people
803892288592215_1184900039462414,I got 150...then I block them
803892288592215_850993960264016,খুব সুন্দর হয়েছে। কে বানাচ্ছেন বলুন তো? বেশ খাসা হচ্ছে কিন্তু।
803892288592215_777219477946097,
803892288592215_849275199983373,
803892288592215_498824539309830,
803892288592215_494415143166906,
803892288592215_1904707299975440,Anuj Lingwal
803892288592215_1560152204878220,👍
803892288592215_382671184463571,🙏
803892288592215_7712614735501459,👌🏻👌🏻
803892288592215_1014555930366419,সৈ ক ত
803892288592215_1553839265488835,🤣🤣🤣
803892288592215_1054316096127793,🤣🤣🤣
803892288592215_1013880423651010,🤣🤣🤣
803892288592215_2227888644318097,Washim Choudhury
803892288592215_1049761453466454,Luke Lyngdoh mene toh 150 rs leke gali deke block kar diya tha 😎
803892288592215_1650942755462098,Ani Sh
803892288592215_451045607973250,Sudip Thapa Chettri aw k aw
803892288592215_3969914873242970,২৯০০০ আমার গেছে 🙂
803892288592215_1581892445871895,It's Scam Beware 😔
803892288592215_471881558916781,Nice msg 💚
803892288592215_8052657901436543,Nice one 👍
803892288592215_983534383495855,Good program
803892288592215_7877821058971887,OSM 🤣
803892288592215_469021545837421,Bravo 👏
803892288592215_897690819040964,Awesome.
803892288592215_1931559387265240,Geya.....Good bye....
803892288592215_1201517351055414,Uday Pandit 🤣
803892288592215_1458533264851358,Suraj Debnath আপনি তো এদের ভাবনার বাইরে
803892288592215_1428932087770802,Otp vul dewa ki pap
803892288592215_1045658630336292,Na na bebohar tai asol
803892288592215_2000631133714154,Members of your organization also do scam under systematic patronage.
803892288592215_1887107291765628,#justiceforRGKar
803892288592215_322879574236158,😂😂 nice
803892288592215_1264613941394793,It's all right. But my question is why these guys are running successfully.
803892288592215_508099715507309,আমি ২০০ টাকা নিয়ে ব্লক করে দিয়েছি
803892288592215_825670269723016,#Wewantjustice
803892288592215_430763606063108,#justiceforRGKar
803892288592215_399855103125078,Eguloi kore beran wbp kheye deye r ki kaaj akhon r chaliye jaan scam sikhacche
803892288592215_514635921158763,Are u guys ashamed yet even being mocked and ridiculed at the SC due to your failure?
803892288592215_1941103846369340,"Shob theke boro scam toh West Bengal P.... Thak, bollam na, fill in the blanks kore nin"
803892288592215_417121387560457,"এইসব ভিডিও দিয়ে খালাস 
এই স্ক্যামের অংশ আপনারা ও
সেটার মুখোমুখি আমি হয়েছি"
803892288592215_803108348567956,আপনারা বেঁচে আছেন আমরা ভেবেছিলাম তো মরে গেছে সব ওয়েস্ট বেঙ্গল এবং কোলকাতা মরে গেছে😂😂😂😂।
803892288592215_1959686721156017,"Apnara aage State er public ke sadharon security ta din, pore gyan dite asben !!! 🤣"
803892288592215_2004804943270023,Waste bongol police.... 🤡🤡🤡🐼🐼🐼
803892288592215_1031737604823148,Sir asa kori justice o pabo
803892288592215_472143019129285,Apnara YouTube ei thakun r Criminal ra Rastai thakuk
803892288592215_1965184273909851,Saikat Mitra Bekar= Africa ka mosh...compare ta just op🤡🤣
