COMMENT_ID,COMMENT
794679532846824_6940432596059262,"We are available on YouTube too. Please visit-
www.youtube.com/@westbengalpoliceofficial"
794679532846824_1018844359792403,West Bengal Police 3 years hoye gele ekhono amar churi hoye jaba phone paba gelo na 🙏
794679532846824_368905849198085,Ager year e 15 aug churi hoi train theke ekhono pelam na.....
794679532846824_1211688893601970,Very good job West Bengal police team
794679532846824_878920734067811,আমার তিনমাস হয়ে গেছে এখনও পাইনি 😔
794679532846824_1530562874239185,3 years hoye gelo ekhono pelam na 🙏
794679532846824_886447976813331,Sir amar phone 2 bochor hoye giyeche akhono o pai ni 🙂
794679532846824_833486048848121,Shadiman Mondal sem problem
794679532846824_770160675193835,"Amio amar hariye jaoa phone peyechi, coochbehar sp thana theke. 🫡"
794679532846824_454413037435614,Sridam Biswas kotodin por peye6en
794679532846824_1837439263400427,Mukta Bhowmick 3 mas por
794679532846824_984154157053000,Great job sir
794679532846824_459618860161224,Good job 👍
794679532846824_458817790435495,"The West Bengal Police 🚨 are making significant strides in various fields, one of which is recovering stolen📱 and returning them to their rightful owners ❤️. The efforts have brought relief to many, ensuring that stolen property is reclaimed and justice is served.

However, I suggest that in the process of these recoveries, exposing photos of the thieves to the public can be beneficial in raising awareness and deterring future thefts."
794679532846824_7671627489610769,Good job Our West Bengal Police
794679532846824_1164475734855169,Good morning 🌄
794679532846824_364988609647141,"Great..!!! 
Keep up the good work."
794679532846824_495643836347321,"Sir ,Amar phone ta February te Churi hoye jai ekhono paini, Rajapur (HOWRAH) thana te G.D korechi, ekhane job kori, Dupure field theke aste aste niye nei, Onk Document chilo.GD no-1344"
794679532846824_853624360029549,Amar phone ta o jodi fire petam ☹️
794679532846824_2360674874323908,We are proud of you WB Police
794679532846824_957256699531892,Salute sir
794679532846824_1609173919869084,Congratulations 👏👏
794679532846824_1284868289155972,Very Good Job..... Keep it up 👌😍💖💐🙏😍
794679532846824_1208967356687641,Thanks WB Police & her family
794679532846824_1228372678517488,"AMAR 29 TH JUNE AMAR NIJER BARI THEKE AMAR ANDROID MOBILE PHONE  CHURI HOY , DURGAPUR POLICE STATION E G.D KORIECHI EKHONO PHEROT PAINI , ASHA KORCHI  TARATARI PHEROT PABO"
794679532846824_791728046487966,Good job
794679532846824_1891482034658718,Jai Hind 🇮🇳 Sir.
794679532846824_929448388934393,"বারাসাত কাছারী ময়দান থেকে আমার মোবাইল ফোন (Oppo F19 pro) চুরি গেছিলো 06 March 24. প্রধানমন্ত্রী নরেন্দ্র মোদিজি-এর মিটিং ছিলো যেদিন,  সেদিনের ভিড়ের মধ্যে,  আমার মতো অনেকের, প্রায় ৪০-৫০ জনের মোবাইল ফোন চুরি হয়েছিলো। আমরা সবাই বারাসাত থানায় G.D. করেছিলাম dated 6.3.24. কিন্তু আজ পর্যন্ত সেই চুরি যাওয়া ফোনের কোনো হদিস পাইনি। আপনারা দয়া করে যদি আমার চুরি হওয়া মোবাইল ফোনটা উদ্ধার করার ব্যবস্থা করেন, তাহলে অসীম কৃতজ্ঞ থাকিব।🙏"
794679532846824_1877378126122934,"তিন বছর হয়ে গেল তারকেশ্বর থানায় ডাইরি করেও ফোনের কোন হদিস মিলছে না, ডাইরি নং 1061 dt 19.02.2021"
794679532846824_1014813773125333,Amr 3 mas hoyegalo pelam naa Bhovanipur thana
794679532846824_3331658203802432,অসাধারণ ❤️🙏
794679532846824_1131468814746891,"😭 আমারও একটা ফোন হারিয়ে গিয়েছে 1 year হয়ে গেছে কোনো খবর পাইনা,
FIR ও করেছিলাম ।"
794679532846824_1153767492410286,Amar 3 years hoyagalo online korache Mejia thana thaka kono response nai
794679532846824_513359127923832,Amar 2to phone churi geche jadavpur thana te case korechi 1bachor hoyegeche akhono apini
794679532846824_1839004489909629,Jai Hind
794679532846824_1422467631749883,Jai Hind
794679532846824_1864360440697454,আমার ফোন এখনো পেলাম না
794679532846824_916554946854537,Ami akhno plam na...murshidabad amr phone hariya giachilo saktipur PS er under a .....
794679532846824_866434015327605,Bidhannagar Police station er kono update ache ?
794679532846824_8144204072268997,Apnar phn haria ge6e 1 yr er besi hoa gelo akhon o pai ni case kora a6a
794679532846824_3180962532033986,Amr phone Kobe pabo.. 2 year hoye Gaye chye..
794679532846824_955682646333359,Very good job WB police
794679532846824_374921408946924,Suvan Chowdhury tui mention kor .
794679532846824_920466616551844,Great Job 👍💖
794679532846824_499862992711281,❤‍🩹❤‍🩹❤‍🩹❤‍🩹
794679532846824_970230354836715,❤️❤️❤️
794679532846824_1858399157957814,Very good job WB police ❤️❤️❤️
794679532846824_1807540829769871,Great
794679532846824_994345182170734,Take care
794679532846824_791421656512640,Good job
794679532846824_996991462028958,"Ph hariye jaowa,stolen howa,on the way jekhane khushi hok..sir 3te jinis jante chaichi,je area theke holo sei local thanai complain korbo??? Nijer area police station a with bill box details diye gd korbo ??? R at last website a giye o ki listed korbo.je site ta ache.tobei ki ph churi holeo ph ferot paowar asha rakhte pari...details a jodi bole den.tahole onekei upokar pai.."
794679532846824_774175031453972,Apnader k salute 🫡 janai... Tobe amader thanay complaint korle kono phone e pawa jay na... Amr dekha chokhe amr bondhu der 2-3 joner phone hariye ge6e ba churi hoye ge6e... Kintu akhono aktaw khuje pawa jaini..
