COMMENT_ID,COMMENT
826882589626518_465833919758589,4 bochor lege gelo sasti hote
826882589626518_829278455643675,Giriraj Mahato এই দেশে সব সম্ভব।
826882589626518_384858857758548,Giriraj MahatoIndian Judicial System 🤡
826882589626518_1011244567679465,Ankita Ray rapist gulo ke 1 maser modhye fasi deoua uchit
826882589626518_1051715906466429,Great job
826882589626518_1236142550728525,Good morning everyone ✨
826882589626518_465161513184661,"কারাবাস নয়, ফাঁসি দাউ"
826882589626518_836885698558237,"West Bengal Police আপনাদের একটা সাজেশন দেওয়ার ছিল !
দয়া করে আপনাদের এমন এক পুলিশ বাহিনী তৈরি করেন আর এমন এক স্পেশাল কোর্ট ও তৈরি করেন যেখানে শুধু যৌনো নির্যাতন এর  কেস গুলো এক বছরের মধ্যে সলভ করার ক্ষমতা থাকবে ।
আজকাল যা হারে যৌননির্যাতন এর কেস বাড়ছে দিন দিন এভাবে নির্যাতিতার মনোবল ভেঙে যাচ্ছে আর  দোষীদের সাহস আরো বেড়ে যাচ্ছে"
826882589626518_876156491057875,"অপরাধী শাস্তি পেয়েছে তার জন্য ধন্যবাদ, শুধু শাস্তি টা পরিমাণে  কম হোয়া গেছে, একটু কঠোর শাস্তি হলে মনে হয় পরবর্তী তে অন্যকেউ এই জঘন্য কাজ করতে ভয় পেতো। 🙏"
826882589626518_537347352196388,Great job mam🙏🙏🙏
826882589626518_1048508306708882,সময় টা কম হয়ে গেল মনে হচ্ছে ❤️‍🩹😁
826882589626518_1066078681607541,Good job mem কিনতু শাস্তি টা ঠিক হয় নাই টুকু কঠিন হওয়া দরকার ছিল
826882589626518_1140536844413537,"Kalketu Kumar Kumar punishment মহামান্য আদালত দেন,  পুলিশ না।"
826882589626518_513639791073415,চার বছরের আগের কেস আর সম্প্রতি রায় বেড়িয়েছে।। 😯
826882589626518_813004180984802,Congratulations
826882589626518_439158041776224,Good work
826882589626518_842094637897962,এত তাড়াতড়ি বিচার হয়ে গেল 😀
826882589626518_1261443101510921,Very nice west bengal police
826882589626518_847603257465350,Bichar pete 4years
826882589626518_490702347006016,Congratulations.🙏
826882589626518_816675987322509,Bapre khub taratari hoye gele je 🙏🫡
826882589626518_546146687836414,Death penalty hoyni keno ?
826882589626518_419669437791708,"খুব হয়েছে!
আর বাজনা বাজালেও সেই সম্মান ফিরে পাওয়া কঠিন"
826882589626518_1023121449471072,বিশাল কাজ করেছেন আপনারা
826882589626518_1563618884230743,4 year good job 👍
826882589626518_3765549057044999,"পুলিশ যে ভালো কাজ করে তার ভিডিও তুলে সোশাল মিডিয়া দিতে বলেন নিজ নিজ আইডিতে ,,সব পুলিশ জেলা এবং থানাগুলিতে এতে মানুষ পুলিশের সাথে বেশি যুক্ত হবে ,,অপরাধ কি মানুষ বুঝতে পারবে ,,অন্যায় কমবে ,,পুলিশ সম্পর্কে মানুষের ধারনা আরও ভালো হবে।।বিষয়টি বিবেচনা করবেন দয়া করে,,ভালো থাকুন ও সুস্থ থাকুন সবাই।।
                       ❤️❤️"
826882589626518_960993065794306,Police ar upore amader anek trust ache
826882589626518_527116309877843,খুব সুন্দর
826882589626518_1013986493541967,অনধিকার প্রবেশের আইন টা কী?
826882589626518_1227116021743107,Fasi dile khusi hotam
826882589626518_472493165695145,"৪ বছর!
আহারে বেচারি 🙂"
826882589626518_495275253218468,Saza ta Kom hoyeche aro dorkar  minimam 30year
826882589626518_2213343915725174,শাস্তি কম হয়ে গেছে আরো দরকার
826882589626518_3812254565688537,Bichar bebostha koto slow adeshe.... Ae dharaner oporadh er bichar bebostha ro Fast hoa utchit
826882589626518_1535271177079785,এটা কিন্তু কোন সাজা হলো না ?
826882589626518_1060234061649331,সুনীতি মেডাম জন্য রইলো ❤️🥰
826882589626518_864285588961081,"Rape case kono simple 10 or 14 year punishment noi 👎👎👎👎

One an only Immediately ""Fansi"" dite hobe tahole jodi ektu kome"
826882589626518_1020575222725681,আজ পুলিশের ভূমিকা নিয়ে আমরা গর্বিত
826882589626518_844981154034544,ভালো কাজ
826882589626518_1279217556574101,"Appreciable 👌👍💪
At the meantime we want WBP take same action against Rich and Powerful convict"
826882589626518_1414086022589870,
826882589626518_904857588136826,🙏
826882589626518_1065877195547388,🙏❤️
826882589626518_1022321639208040,👍🏻
826882589626518_2136711486710460,👍
826882589626518_1699515084179096,🙏🇮🇳
826882589626518_2600204533517714,
826882589626518_1042769344139040,"দৃষ্টান্ত মূলক শাস্তি কাম্য ছিল  ,,,"
826882589626518_1657521945104469,পশ্চিমবঙ্গ পুলিশ জিন্দাবাদ❤💚 জয় বাংলা💚 জয় মা দুর্গা💚 ❤
826882589626518_1210231443346384,Kamal er puro name ta ki sir ?
826882589626518_1559339271680952,Musafir Partha https://m.facebook.com/story.php?story_fbid=924770526363317&id=100064911331630&mibextid=Nif5oz
826882589626518_409080198956744,Fasi kno noy o to bari abr o korbe
826882589626518_1251159115823166,Ariz vai 🫡
826882589626518_1197343258178071,"Pritam Soren ha bhai, eta jokhon maa Women PS e chilo tokhonkar!"
826882589626518_480054941588144,Ariz Malik oooo
826882589626518_492323536745703,Ĝood job
826882589626518_1940480243138110,Great 👍 Thanks 🙏
826882589626518_468644852816720,এই সব দিয়ে কিছু হবে না। আপনাদের আসল চেহারা সবাই জেনে গেছে। দলদাস ফোর্স।
826882589626518_483995961206852,Salute
826882589626518_1332263824407504,খুঁটির জোর নেই নইলে নির্যাতিতাকেই জেল খাটতে হতো
826882589626518_810385391306866,#justiceforRGKar
826882589626518_1913216679185659,আগের  post এর কমেন্ট বন্ধ 🤣🤣🤣
826882589626518_1431843678207189,চটি চাটা পুলিশ।।। মানুষের রাগ বাড়ছে আপনাদের উপর এটা বুজতে চাইছেন না আপনারা।। এই সাদা আঁচল সারাজীবন থাকবে না ।।।😡
826882589626518_1444751752784160,"স্যার সাধারণের মত সামলাতে পারছেন না কমেন্ট ব্লক করে রেখেছেন ? 
আয়নায় নিজেকে একবার দেখুন মানুষের অবয়ব দেখায় না পশুর"
826882589626518_1243454389981966,Police verification korte koto taka tola dite hochhe akhon?
826882589626518_1308013363938116,Gore chele dhukiye debo
826882589626518_1191296892134291,Momotar chuda
826882589626518_1153103279321267,Tora deshdrohi
826882589626518_473527725573076,Suorer baccha police
826882589626518_913928794097888,Suorer baccha police
826882589626518_905373261411096,Ek ek laati ka badla legnge Tumse Mamata Banerjee ko ek din ek Desh Chood ke bahgana padega aur tum police walo ko Tuamri Aukat batayenge ache se Tuamra bhi parviar hoga uski chinta Karna suru kar do ab badla liya Jaayega tumse tum goli maaro hume baki Tuamra ilaaj paka Karenge ab ache se
826882589626518_384208008054411,তো কমেন্ট hide করার কি আছে?
826882589626518_533800359130372,Non political case gulow to vloi registered krte paren r je je ghotonay tmc r lukjon involved thke sei khetre apnader hat pa chole na keno thkhon to criminal der bachate uthe podhe lege jan public sb dkhche kin2 janen to public er mar kewda tola par mathy rkhban kotha ta public khepe gle kin2 palanor poth pabe na
826882589626518_2039677199783223,CBI kintu tadonto ghuriye niyechhen....
826882589626518_1051453393370314,Ki r Shasti holo ? Jail e bose নির্যাতিতার স্বামীর করের টাকায় অন্ন ধ্বংস করবে
826882589626518_1049979126539169,"অপরাধী শাস্তি পেয়েছে তার জন্য অনেক অনেক ধন্যবাদ এবং এই সফলতায় আপনাদেরকে প্রণাম জানাচ্ছি । কিন্তু শাস্তি টা অনেক কম হয়ে গেছে ।
ফাঁসি হলে ভালো হতো । 
ফাঁসি না হলেও অন্তত যতদিন বাঁচবে ততদিন জেল হলে ভালো হতো । 
আর শাস্তিটা দিতে অনেক দেরি হয়ে গেল না ?"
826882589626518_477813171736241,"একজন প্রমাণিত সাজাপ্রাপ্ত ধর্ষকের পরিষ্কার ছবি দিতে পারলেন না, অথচ আরজীকরের ধর্ষিতা মৃতার নাম বলে দিলেন?
এতেই তো আপনাদের প্রকৃত পরিচয় প্রকাশ পায়।।"
826882589626518_475961335332805,"কামদুনির কেসে আপনারা যে বাজীমাত করেছেন, সেই মহান ব্যক্তির পরিচয় দিয়ে একটু লিখলে খুশি হব‌।"
826882589626518_1714217212648902,https://youtu.be/MI1A_S5-xfc?si=VUV4zOURvwvcUlO9
826882589626518_1748142815719663,"Riding is my addiction, if I don't get it then I will do it the other way round."
826882589626518_840923358176903,"বিদেশী শেয়ার কেনা বেচার নামে ১ লাখ টাকায় প্রতি মাসে ১১০০০ টাকা দেবার প্রতিশ্রুতি দিয়ে monzaee বলে একটা কোম্পানি সেক্টর ফাইভে হয়েছে
 বহুবার বহু মানুষকে সাবধান করেছি 
আমার কথা শোনেনি এখন কোম্পানি এজেন্টদের কমিশন দেওয়া বন্ধ করেছে আসল টাকাও তুলতে পারছে না ১১% সুদ দেওয়া বন্ধ 
বিশদ জানতে আমাকে ফোন করুন
হয়তো আরো কিছু মানুষকে আমরা সচেতন করতে পারব বাঁচাতে পারবো 
আপনার পরিচিতরাও একটা চিটিংবাজের পাল্লায় পড়ে টাকা রেখেছে আমাকে এই নম্বরে ফোন করতে বলুন আমি ডিটেইল টা বলছি। 9433086606
 আমি সাবধান করেছি বলে 
আমাকে উল্টাপাল্টা কথা বলেছে 
যে আমি কিছু বুঝিনা
 যেটা বুঝি না সে বিষয়ে কেন কথা বলছি

আপনাদের ভাই ছেলে বন্ধু
সুমন বণিক 
মাহেশ ♥️শ্রীরামপুর
 9443086606"
826882589626518_1585854308664176,Sunil Sahu kaun hai..... Where is Sunil Sahu
826882589626518_1179192100040076,"Are sar mujhe Main police mein jakar kya karunga Main ek engineer hun...
Mujhe kuchh paise chahie padhaai karne ke liye hamen jo hai car and bike chahie ghumne ke liye.."
826882589626518_1304919017142167,"West bengal police এর এই পেজ টা তে যে টাইপিস্টের কাজ করেন ওনার বাংলা বানান সম্পর্কে আগে ওয়াকিবহল হওয়া প্রয়োজন,  গাদা গাদা বানানের ভুল আছে , টাইপিস্টকে অনুরোধ করবো বাংলা তে বানান গুলো যেন ঠিক করে লেখেন ""এসিস্ট্যান্ট হবে না অ্যাসিস্ট্যান্ট"" (দাশ হবে না)  দাস  হবে ""দাশ"" তখনই হবে যখন ইংরেজি তে DASH থাকবে ওনার ইংরেজি তে DAS আছে , চার্জশিট দাখিল কথাটা ঠিক বাংলা ভাষার জন্য প্রযোজ্য নয় চার্জশিট দায়ের করা হয়েছে লিখলে লেখাটা ঠিক লাগবে।"
826882589626518_499679542884134,ওপরের পোস্টটাতে কমেন্ট অফ কেন 🤣
826882589626518_2258590357827312,"পুলিশ সবাইকে ন্যায় অন্যায় দেখায়, আইন দেখায় সবাইকে কে কেস দেয় কিন্তু পুলিশ অন্যায় করলে কেস দেবে কে??"
826882589626518_520354654072042,এই না হলে kelkata পুলিশ 🥴
826882589626518_1269045801136527,বলছিলাম যে শুভেন্দু দা আবার পোস্ট করেছে আপনারা নাকি মিথ্যা অভিযোগে ওদের অ্যারেস্ট করে ভয়ে ছেড়ে দিয়েছেন..মান সম্মান টা বাঁচাতে কিছু একটা পোস্ট করুন
826882589626518_1281320533247026,"বিচার করতে চার বছর লেগে গেলো 
সুন্দর কাজ  আর  তাও আবার জেল 
সুন্দর বিচার 
এই মায়ে দাম এটা 
শাস্তি দিতে হলে তেমনি দাও 
না তো ছেড়ে দাও 
শাস্তি একটা হাওয়া দরকার  মৃত্যু  Ok"
826882589626518_1267775744603648,যেই গুলো শাস্তি পায় না।সেগুলোর কি আপডেট?
826882589626518_1048060200320562,আর জি কর কি হবে? সব প্রমাণ তো চটি চেটে লোপাট করেছেন আপনারা।
826882589626518_1101970731290362,Comment bondho rekhechis kno re 1st post e choti chata? Toder bari te maa bon ki pithe banate jai naki re behaya er dol?
826882589626518_930823595754520,এতো তাড়াতাড়ি কাজ করেন না আপনারা কি বলব
826882589626518_1794543481075509,"আপনাদের সহকর্মী চুঁচুড়া র si দার্জিলিং এ খুন হন, তার শাস্তি। কি হয়েছে? যে খুন করলো সে তো আপনাদর কে বডিগার্ড বানিয়ে ঘুরে বেড়ায়"
826882589626518_1053945733054808,"সুকান্ত মজুমদার বলছে কিছু পুলিশ নেশাগ্রস্ত ছিল 🤣 স্যার ওকেও দু ঘা byatam পেটা করলেন না কেনো , ওই বদমাইশ টা নিজেই একটা মাতাল"
826882589626518_710432891268178,"পুলিশ ভাইদের বলছি, এদের পা'ছায় মা'রো,
বাংলাদেশে আন্দোলন দিয়ে হাসসে এরা"
826882589626518_1212005720139947,Madar chod
826882589626518_1719992508823703,Khankir chele police
826882589626518_499135009722931,এতো দিন পরে রায়.....  এদের সঙ্গে সঙ্গে শুট করা উচিত।
826882589626518_498345229798770,Worst police in India is West Bengal Police ... West Bengal police=Bangladesh army
826882589626518_1222621318890687,Naapunsak bengal police... Gandi naali ke keede...
826882589626518_1697362464429026,"#AbhishekBanerjee #AllIndiaTrinamoolCongress  #Mamatabenajee 
#westbangalpolic #KolkataPolice #indian 
#WeWantJustice 
Eta ki rokm bichar?????sob kichu niye Rajniti bondho hok,manush mara gelo o eke niye rajniti korche Bjp
#IndiaLaw kothor hok,law jodi kothor na hoy erokm onek me der pran jabe
Aj ja hoche valonhoche na ,charto name jara ei Rajniti korche westbangal e tader ami. Grina korchi ,ekta student mane ekta diamond sekhne oder name aj ja  koche tate khub kharp dik e jache,police ke marche ulto,police nijer atorokhar jonno kothyo kothylathi to chalabei,#cbi bolechilo sahantipurno bhbhe ,eta shntipurno ? Kolkata Police r o police post dorkar ,kiser pdotag korbe keno korbe ?
Charto der name nogra rajniti hoche eta bondhobhok
Ei asnto westbangal amra china !!"
826882589626518_984484846763795,এতো তাড়াতাড়ি বিচার আর যৌন নির্যাতন এর জন্য ৬ মাসের সাজা না ঘুরতে যাওয়া বলে এটাকে..
826882589626518_528159286371296,"Police ❌
Mamatar choti chata chakor✔️"
826882589626518_2395883483950590,"Chup soitaner dol 
Momotar chakor"
826882589626518_531098592609247,"অভিযুক্ত যদি আর জি কর কান্ডের মতো কোনও প্রভাবশালী ব্যক্তি হতো , তাহলে হয়তো আজও সাজা হত না"
826882589626518_1257333102089814,শুধু অপরাধ আর দুর্নীতির অকাট্য প্রমাণ আপনাদের কাছে থাকে না |
826882589626518_1689806488518839,বাবা কলকাতা পুলিশের এত পোস্ট এর বহর কি নিজেদের ভাবমূর্তি ঠিক করতে?
826882589626518_864403765321490,ঐ কুকুর পুলিশ কমেন্ট বক্স ওপেন কর আগের পোস্ট এর। এই প্রোফাইল এর অ্যাডমিন একটা বেজন্মা।
826882589626518_1044112694011326,"ওয়েস্টবেঙ্গল পুলিশ কে আমার অনুরোধ আপনারা কি সত্যি পুলিশ না, অন্য কিছু আপনারা তো সব আগে থেকে জানতে পারেন তো চার মাস পেরিয়ে গেলো আমার একটা বাইক চুরি হচ্ছে পশ্চিম মেদিনীপুর এর শালবনি থেকে কোই সেটা তো আজও শালবনি থানার পুলিশ বের করতে পারলো না সব থেকে হাস্যকর বেপার হলো যে বাইক টা চুরি করে নিয়ে গেছে সেটা পুলিশ জানে তাও বের করতে পারছে না কেন। সব জানার পরেও পুলিশ হাতে চুরি পরে আছে নাকি। পারলে কমেন্ট এর রিপ্লাই দিবেন না হলে পুলিশ পরিচয় টা দিবেন না"
826882589626518_507867068601973,"গরীব বলে আজ শাস্তি পেলো, বড়লোক হলে দেখিয়ে দিতো...."
826882589626518_916144586961135,"Age boyal machta dhorun 
Esob chunoputir golpo pore sonaben"
826882589626518_1019426779878038,"স্যালুট,
কিন্তু অভিযুক্ত তৃনমূল নেতা হলে আপনাদের সাহসিকতা, আপনাদের সামর্থ্য কোথায় যায় ?"
826882589626518_2052644715130607,CHUP COWARD WEST BENGAL POLICE..
826882589626518_8043410272422994,Onnanno rajje arkm manush der bachiye rakhe na.. west bengal r bichar babotha ki onak tai durbol hoye geche??
826882589626518_1044647947073849,"4 bochor por bichar 🙂 tau abar 10 yr jail 🥱
E to onk beshi hoye gelo... Bichar aaro 10 yr pore kora jeto"
826882589626518_502620419372068,"Etai west Bengal sasti hocche 10 year jail a bose thako... Time a time khaw ghumou... 🤣🤣🤣🤣
Etai nki sasti"
826882589626518_1488776115080878,এরা এগুলোই করবে কিন্তু TMC দলের কেউ করলে ওদের কিছু ছুড়তে পারবে না
826882589626518_3786780811561872,"Just joking punishment na dilei parto😂😂😂😂😂😂😂😂

Ata kon system j emon joghonno oporadh 4 years bad punishment 

Lol 🤣🤣🤣🤣🤣 system"
826882589626518_532385295897354,RG Kar এ কী হয়েছিল ?
826882589626518_1306946543490340,"Biswas holo na . 

https://www.facebook.com/share/p/LFsYHtPggbDUm9Zc/?mibextid=qi2Omg

Ai vedio ta dekhun r bolun enar ki sasti howa uchit??? Naki eta police er dress pore eta onno lok. Police k bodnam korar jonno emon koreche????? I hate WB police. Amr mote WB te police hatiye kono security agency k WB er rokhhar daitto dewa hok. Onek durniti kome jabe.

Hoyto ai comment ta dekhar por hoyto amr kache pH asbe humki dewar jonno, ami pH dhorbo na. R barite o apnara aste paren Gunda bahini niye, to bole rakhi amr ekjon family member media te ache. 😡"
826882589626518_2835607510071568,"সবই দেখছি সনাতনীরা ,তারা তো সবাই নিরামিষ ভোগী, তাহলে গায়ে জোর আসলো কী ভাবে 😃😃😃😃"
826882589626518_1438554333474054,"Ai sob sasti dea kno lav nai se tho jel gea sorkar takai kache 😂 doctor oh sorkari dekache special vbe aiche aro 😂

Basi na amn case a guli mre mera felte hobe jte ai khobr ta sune sobi voy pai 🙂 jte next time omn oporadh korar age manus vabbbe 1000bar 🔥🔥"
826882589626518_3950089248559458,ভারতের কলকাতা আমাদের বাংলাদেশ আমরা ফেরত চাই
826882589626518_506101785690629,"Kalke  chandamari   ,rajpur  a ki hoyeche?"
826882589626518_8766976413330418,পুলিশ আর বিশ্বাসযোগ্য নেই।গতকাল ইন্দিরা মুখোপাধ্যায়ের প্রেসকনফারেন্স দেখে ধারনা সত্যি হল।
826882589626518_1222244075444565,4 bchr por!!!! 🙏🙏🙏 erporeo vorsa korbo. 😂😂 eta kono sasti??!! Jail e to valoi thakbe..
826882589626518_1545423143077113,4 yr laglo...sasti dite??!!!!!!!
