,Unnamed: 0,POST_ID,CAPTION,REACTION_COUNT,COMMENT_COUNT
0,0,692583847600758_826919769622800,"নবান্ন অভিযানে 'লাশ ফেলে দেওয়ার ছক', গ্রেফতার ৪ 

গত রাত থেকে চারজন পড়ুয়া নিখোঁজ, এই মর্মে এক রাজনৈতিক নেতা টুইট করে বিভ্রান্তি তৈরি করার চেষ্টা করছেন।সত্যিটা হল, কেউ নিখোঁজ নন।ওই চারজন আজকের নবান্ন অভিযানে ব্যাপক হিংসা ছড়ানোর পরিকল্পনা করছিলেন বলে আমাদের কাছে নির্দিষ্ট এবং অকাট্য তথ্যপ্রমাণ রয়েছে। খুন এবং খুনের চেষ্টার চক্রান্ত করছিলেন ওঁরা। শান্তিরক্ষার স্বার্থে, সাধারণ মানুষের নিরাপত্তার স্বার্থে ওঁদের গ্রেফতার করা হয়েছে, এবং ওঁদের পরিবারের সদস্যদের সেটা জানিয়েও দেওযা হয়েছে।",6691,1272
1,1,692583847600758_826882589626518,"প্রায় চার বছর আগের কথা, ১০ ডিসেম্বর, ২০২০। কোচবিহার জেলার কোতোয়ালি থানা এলাকার একটি গ্রাম। স্বামী ভিন রাজ্যে কর্মরত, ছোট ছোট তিন সন্তানকে নিয়ে গ্রামে একাই থাকেন স্ত্রী। ঘটনার রাতে সোয়া দশটা নাগাদ বাড়ির বাইরে শৌচাগারে যেতে হয় তাঁকে। সেই ফাঁকে ঘরে ঢুকে খাটের তলায় লুকিয়ে থাকে তাঁরই প্রতিবেশী কমল রায়। মহিলা ফিরলে তাঁকে আক্রমণ করে কমল, এবং যৌন নির্যাতন করে তাঁর উপর। বেরিয়ে যাওয়ার সময় হুমকি দিয়ে যায়, একথা কাউকে বললে ফল ভালো হবে না। 

কোচবিহার সদর মহিলা থানায় দায়ের হয় মামলা, তদন্ত করেন এসিস্ট্যান্ট সাব-ইনসপেক্টর সুনীতি দাশ, অভিযুক্তকে গ্রেফতার করে চার্জশিট দাখিল করেন যথাসময়ে। মামলায় রায় বেরিয়েছে সম্প্রতি, যৌন নির্যাতনের শাস্তিস্বরূপ ১০ বছর এবং অনধিকার প্রবেশের জন্য ছয় মাসের কারাবাসের আদেশ দিয়েছেন আদালত, সঙ্গে আর্থিক জরিমানা।",1021,128
