COMMENT_ID,COMMENT
818378583810252_1046373893020780,"We are available on YouTube too. Please visit-
www.youtube.com/@westbengalpoliceofficial"
818378583810252_477061561754405,"পশ্চিমবঙ্গ পুলিশ গোটা ভারতবর্ষের অনুপ্রেরণা
সুন্দর বার্তা"
818378583810252_909708001189665,পশ্চিমবঙ্গ পুলিশকে অসংখ্য ধন্যবাদ জানাই। 🙏🏻
818378583810252_1667549190749384,🙏🌟🌟🥇🥇🇮🇳🇮🇳RESPECTED SIR 🇮🇳🇮🇳🌟🌟🥇🥇SPECIAL IPS PRAVEEN  TRIPATI SIR COMMISSIONER OF HOWRAH SIR 🇮🇳🇮🇳🌟🥇🥇🥇EXCELLENT WORK SIR 🇮🇳🇮🇳🌟🌟🥇🥇JAI HIND BEST WISHES GURU JI GOD BLESS SIR🇮🇳🇮🇳🌟🇮🇳🇮🇳🌟🌟🥇🥇🙏
818378583810252_845262254341712,Thank you sir ❤️❤️
818378583810252_383104061470573,Thank you so much west Bengal police
818378583810252_2831597833689033,Excellent initiative again and again thank you sir
818378583810252_1238247014018421,Very good 👍. Sir
818378583810252_3714324898897055,ভালবাসার আর এক নাম WEST BENGAL POLICE ❤️
818378583810252_514051481211969,Sir apnaki ki bole thanks janabo sir Vasa pachina.
818378583810252_900525325221487,Very good officer
818378583810252_3714738048775330,Thank you sir 🌹🌹🌹🌹
818378583810252_1056405475852200,Thank you sir 🙏
818378583810252_1537535040499642,Thanks. Such information for citizens is really helpful. 🙏
818378583810252_494989026550576,NOMOSKAR 🙏🏻
818378583810252_1960952737672374,আপনাদের যে সিনিয়র সিটিজেন দের জন্য শ্রদ্ধা কার্য্যক্রম আছে তার মেম্বার হওয়ার জন্যে 18 ই জুন শিবপুর থানায় জমা দিয়েছি। কি হলো কিছুই জানতে পারলাম না 2 মাস হতে চললো।
818378583810252_1157755102111747,"খুব সুন্দর বার্তা,,এটা সবার জন্য ।।ধন্যবাদ West Bengal Police  কে,,পুলিশ মানে ভরসা,,পুলিশ মানে কাউকে পাশে পাওয়ার বিশ্বাস ।।ভালো থাকুন সবাই ।
              জয় হিন্দ ।।"
818378583810252_1045978423556421,Jai hind sir ji
818378583810252_1655980591910646,Thank you so much for your information sir ✌️🙏
818378583810252_346159845231277,ধন্যবাদ West Bengal Police
818378583810252_1179551369918763,🙏🙏🙏
818378583810252_3368477206793421,🙏🏻
818378583810252_542254988137458,West Bengal Police
818378583810252_1198644287934060,পশ্চিমবঙ্গ পুলিশকে অসংখ্য ধন্যবাদ জানাই। 🙏🏻
818378583810252_376577978589677,Thank you sir.  ❤️❤️
818378583810252_543892911495888,Take care
818378583810252_1011924567043779,Thank you sir
818378583810252_1068047527984387,"ঠিক করে বাংলা তাও বলতে পারেনা না , সেটা নাকি হাওড়া পুলিশ কোয়াটার 😲"
818378583810252_349228858253877,Thank you Sir 🙏
818378583810252_1023366245720959,Police er upar astha firiey anun.Thank you sir.
818378583810252_469202489276192,থানায় কোনো টাকা লাগে না সেটা তো আপনি বলছেন । কিন্তু বাস্তবে এ ঠিক তাঁর বিপরিত ।
818378583810252_929278582226659,Sir mera mobile hack Kiya Hai Sar mobile number ************ number per hack hua hai please help
818378583810252_2173849166334406,"কোনো কারণে যদি পোস্ট মর্টেম রিপোর্টে‌ ভুল থাকে‌ তাহলে সেটা কিভাবে সংশোধন হবে সেটা বলুন...
#rgkarmedicalcollege"
818378583810252_3821726991438081,Nishith Bera akdm thik 💯
818378583810252_1005756614362153,"আপনি বলছেন কোন টাকা লাগে না, কিন্তু আপনার হয়তো জানা নেই, কোন সার্টিফিকেট নিতে গেলেই পুলিশ দুই হাত পেতে বসে থাকে ।"
818378583810252_538901988563231,Passport করার সময় পুলিশ verification করতে গেলে আপনাদের টাকা নেবার ব্যাপারটা বন্ধ করুন।শুধু তাই নয় টাকা না দিলে পুলিশ verification করতে অনেক বেশি সময় লাগিয়ে দেন।
