,Unnamed: 0,POST_ID,CAPTION,REACTION_COUNT,COMMENT_COUNT
0,0,692583847600758_818818573766253,#78thIndependenceDay #MeraBharatMahaan,3683,316
1,1,692583847600758_818378583810252,"কীভাবে পাবেন পোস্টমর্টেম রিপোর্ট? 

অস্বাভাবিক মৃত্যুর যে কোনও ঘটনায় ময়নাতদন্ত বা পোস্টমর্টেম হওয়াটা বাধ্যতামূলক। কিন্তু মৃতের আত্মীয়পরিজন কোথায় কীভাবে সেই পোস্টমর্টেম রিপোর্ট পাবেন,সে নিয়ে অনেকের মনেই প্রশ্ন রয়েছে, ধোঁয়াশা রয়েছে। পোস্টমর্টেম রিপোর্ট হাতে পাওয়ার সহজ পদ্ধতির কথাই বলা রয়েছে সঙ্গের এই সংক্ষিপ্ত ভিডিওয়।",1198,36
