COMMENT_ID,COMMENT
833222238992553_856546069909763,Ai vabe sobar pase thakun sir
833222238992553_521668267216883,Salute West Bengal police
833222238992553_8380983198633217,"ভালোকাজ sir.. but aro করা আইন আনতে হবে আমদের.. ওই মেয়েটার Future তো আরো ভালো হতে পারত!! ঐ ক্ষতি টা 3 লাখ টাকায় দিয়েও মিটবেনা কোনদিনও!!, অনেক অনেক বেশি দাম একটা মেয়ের আত্মসন্মান টা!! 😶"
833222238992553_536282812183460,"অন্য ক্ষেত্রে তো সাজাপ্রাপ্ত আসামীর ছবি দেয়া হয়, সানাউল্লাহ-র ছবি নেই কেন?"
833222238992553_1740403676732021,Prasun Maitra নামটা প্রকাশ করেছে এই অনেক
833222238992553_381174431735051,Prasun Maitra দুর্গাপুরে তো এদেরই এক পুলিশ 1 কোটি মত ছিনতাই করেছে। এসব খবর বা টাকা ফেরতের ছবি কি এই পেজে পাওয়া যাবে কিনা জানতে মন চাইছে।
833222238992553_860780712371119,মেয়েদের উপর অত্যাচারের বিচার অতি দ্রত হওয়া উচিৎ!!!! শাস্তি এমন হওয়া উচিৎ তা দেখে দ্বিতীয় বার কেউ অপরাধ করার সাহস না পায়!!! কেনোনা আমাদের দেশে মহিলাদের উপর অত্যাচার দিন দিন বেড়েই চলেছে!!!!
833222238992553_1246059259612650,"স্যার, আপনাকে স্যালুট জানাই"
833222238992553_856843889921562,স্যার আপনার দক্ষ তদন্তের ফলে আরো এবার সমাজে ন্যায় প্রতিষ্ঠা হলো এবং দোষী ব্যক্তি যাবতজীবন সাজা প্রাপ্ত হলো। একজন সফল তদন্তকারী পুলিশ অফিসার হিসাবে আপনাকে পেয়ে আপনার সাথে কাজ করতে পারার সুযোগ পেয়ে আমরা গর্বিত।
833222238992553_533345409150460,জয় মেজবাবুর জয়
833222238992553_873281377604409,Salute sir great job
833222238992553_1609615709683322,"এই ভাবে  পশুগুলোকে সাজা দিন,  🙏"
833222238992553_1052208249895472,"Si বিমল কুমার চক্রবর্তী আপনাকে কুর্নিশ জানাই। আপনাদের মত মানুষ আছে বলেই এখনো মানুষ বিচার ব্যবস্থাকে আস্থা রাখে। আরো এগিয়ে চলুন স্যার ,ভালো থাকবেন 🙏"
833222238992553_500406452612239,Good job sir salute sir
833222238992553_406459375813979,"Congratulations 💐 Sir. We are safe, because of you. You all ""be safe"". 🙏"
833222238992553_3722626624657618,Good job sir salute sir
833222238992553_1706704290158663,Sob thik ache tobe sentance to death dile valo hoto
833222238992553_8111283645655313,Great job Sir 👍
833222238992553_2519551374922560,Great job sir
833222238992553_3765154517061399,ধন্যবাদ West Bengal Police  কে।।
833222238992553_800377585340600,Salute sir ❤️
833222238992553_959903425891858,Good job Sir
833222238992553_545852248006238,"Shudhu jail noy, aadh mora kore fele rakha uchit"
833222238992553_3453725818264559,Salute Sir 🫡❤️
833222238992553_1504977516826859,"Good job, salute janai"
833222238992553_1039011264267323,Salute sir
833222238992553_559344749757160,Good job sir
833222238992553_504600252507096,"আপনাদের জন্য আমরা শান্তি থাকি, আন্দোলন করি, কিছু সমাজ বিরোধী আপনাদের বিরুদ্ধে কথা বলে। খুব খারাপ লাগে। আপনারা শ্রদ্ধার মানুষ।"
833222238992553_548220314432656,Good job 👍
833222238992553_2086802435069002,Good job sir
833222238992553_1979367522513474,Good job sir
833222238992553_2299150637104036,Good job
833222238992553_1078467343118954,Salute Sir🫡
833222238992553_3618800365098481,Good job sir
833222238992553_492991103660982,Very very good work.
833222238992553_494308590076755,Good job sir
833222238992553_1188445459105055,Good job 👍🏼
833222238992553_833785908785153,Very good investigation sir
833222238992553_1730774217663194,Avijit Samadder অভিজিৎ এখন কোথায় আছিস?
833222238992553_531316302751393,Good job
833222238992553_2074394682977176,Salute sir
833222238992553_3948649438751494,"এই সব পশু গুলোর একটাই সাজা শুধু মাত্র ফাঁসি,
না হলে একরম বর্বরতা দিন দিন বেড়েই যাবে,

যাতে এই সব কাজ করার আগে ১০বার ভাবতে হয়"
833222238992553_552610177110917,good Job Sir
833222238992553_1230098441752039,I 💚WBP
833222238992553_524429103433092,ধন্যবাদ আপনাকে 🙏🙏
833222238992553_1994430507657945,Good job
833222238992553_1036132297832323,Happy teachers day sir
833222238992553_1000176261857074,Good job sir
833222238992553_406895275375424,Aima aima saharaw 🌹🌹🌹🌹🌹🌹
833222238992553_1048319603602681,স্যালুট স্যার
833222238992553_918929400279744,সেলুট স্যার
833222238992553_1029021252097665,জয় মেজবাবুর জয়
833222238992553_1888184858343602,তাও কিছু লোকে বলবে যে পশ্চিমবঙ্গে কোনো অপরাধীর নাকি শাস্তি হয় না।
833222238992553_524083650119268,Vicky Mukherjee না না কেউ বলবে না তবে  পশ্চিমবাংলার চটিলেহন কারি দের শাস্তি হয় না এটা বলতেই পারে😶😶
833222238992553_479790688360775,Good job
833222238992553_1278323486869993,Excellent work 👍👌👏👏
833222238992553_1696024414497708,স্যালুট স্যার।
833222238992553_1884730652046039,স্যালুট স্যার
833222238992553_818843937125932,অভিনন্দন জানাই।
833222238992553_542626121668776,পশ্চিম বাংলার পুলিশ পারে।
833222238992553_478870654967601,Okanei guli mara uchit. Meye ti kon family belongs kore..
833222238992553_1709129419898246,প্রণাম নেবেন স্যার।🙏🏻
833222238992553_1033444281320822,Y after 3 years it’s too late
833222238992553_845773714203644,Sab sir jadi amon hoto to satti khub valohoto
833222238992553_863430539070344,"কি শাস্তি হলো, সেটা প্রতিটা খবরের কাগজে হেডলাইন হওয়া উচিত, তবে ধর্ষকদের মনে ভয় আসবে।"
833222238992553_1280830426448847,ফাঁসি
833222238992553_1681786455888902,সানাউল্লার ছবি কই ?
833222238992553_3742947025944998,"আপনাদের উপর ভরসা সবসময়, আমরা যারা পুলিশ হওয়ার জন্য পড়াশোনা করছি এই কাজগুলো তাদের কাছে অনুপ্রেরণার এক একটি মাইলফলক 🙏🏻

গর্বের পশ্চিমবঙ্গ পুলিশ ❤️"
833222238992553_1025260452942600,"Sk Firoz Ali হ্যাঁ গর্বের ঘুষখোর পুলিস 😂 .... 
পুলিশ শব্দ টাই একটা গাল ।"
833222238992553_481949481355591,Salute sir
833222238992553_480457501469970,"খুব ভালো 👌
তবে এতদিন তো এরকম পোস্ট দেখি নি হঠাৎ কি হলো ?"
833222238992553_525036499979376,"এটাই করা উচিৎ 
ভালো কাজ👍"
833222238992553_1589058201822424,Good job
833222238992553_1165776457858278,Good job bimal kumar saheb er
833222238992553_527816699638591,
833222238992553_1370779407642770,
833222238992553_890600796460963,
833222238992553_1537930600469956,🙏🙏
833222238992553_1233621091309452,🫡🫡🫡
833222238992553_547067661180442,❤️🙏
833222238992553_1746486759493687,❤️❤️❤️
833222238992553_413377071351880,"Amar Sangbad আমার সংবাদ 
Newz 24 Ghanta"
833222238992553_4603115596580875,🫡
833222238992553_1087789999578202,Salut Sir🫡
833222238992553_3865793230364225,Very good investigation sir. Joy Hind sir
833222238992553_833243825660168,Good job
833222238992553_367499246415589,Good job sir ..... Salute u Sir
833222238992553_1196711048241611,"অন্য ক্ষেত্রে তো সাজাপ্রাপ্ত আসামীর ছবি দেয়া হয়, সানাউল্লাহ-র ছবি নেই কেন?"
833222238992553_1465455710836183,Salute sir 🫡
833222238992553_813660200851257,Salute sir
833222238992553_557003136664953,Salute
833222238992553_560256603126605,Salute
833222238992553_542278071656670,Salut sir
833222238992553_552173487482018,Salut sir
833222238992553_498139686479187,Salut sir
833222238992553_1955939811521031,.🙏🙏🙏🙏..
833222238992553_502209842512654,Salute
833222238992553_952710710206855,Salute.Sir.....
833222238992553_808540208105323,Salute sir
833222238992553_507282758613633,Saute sir
833222238992553_1677852756370094,Thanks
833222238992553_994438585765557,Salute Sir
833222238992553_8428922817170874,
833222238992553_1073743524367827,সে না হয় বুঝলাম । কিন্তু এতদিন পর কেনো বিচার পেলো । এখন বা পোস্ট করে কি বোঝাতে চাইছেন । যে তিলোত্তমা থেমে যাবে ।  শাক দিয়ে মাছ ঢাকা যায় না sir
833222238992553_1158938785167764,"ধামাচাপা পড়ে যাওয়া কেস গুলোর ব্যাপারেও আমাদের জানান.... 

2019 পুরুলিয়া মনিকা মাহাতো রে* কেস কোন পুলিশ অফিসার দেখছিলেন ?
তার এখন কোথায় প্রমোশন হয়েছে ??

অপরাধী গুলো কোথায় গেছে ??"
