COMMENT_ID,COMMENT
802218518759592_1540165080253516,"We are available on YouTube too. Please visit-
www.youtube.com/@westbengalpoliceofficial"
802218518759592_847893520052482,Salute west bengal department of cyber police team members.
802218518759592_455246190724634,Congratulations Team..keep up the good work..save the people
802218518759592_791018636577513,Congratulations madam & your team 👏
802218518759592_440737612264096,"Congratulations,"
802218518759592_848677420035252,good job 👍
802218518759592_1879381345874054,Grand Salute 🙏
802218518759592_1265305184439669,Congratulations 👏
802218518759592_815280774041382,Good job
802218518759592_826480046250134,Good job 👏
802218518759592_1196525961691753,"অসাধারণ কাজ, আমার মন থেকে সমস্ত ওয়েস্ট বেঙ্গল পুলিশকে, সাধুবাদ জানাই।।"
802218518759592_472641195518522,CONGRATULATIONS
802218518759592_1200665928015481,Salute West Bengal Police Team! 💖💖💖🙏🙏🙏
802218518759592_1005411457659887,Good job 👍
802218518759592_986737212949196,EXCELLENT WORK
802218518759592_2492887677563303,স্যালুট স্যার
802218518759592_1018534976782257,নারী শক্তি জিন্দাবাদ।
802218518759592_832382278836842,Eirokom e police amader chai...
802218518759592_466520182679407,খুব ভালো স্যার  । পশ্চিম বঙ্গে পুলিশ চেকিং অবিলম্বে বন্ধ করুন
802218518759592_7845318682189614,Darun
802218518759592_1202523337420695,অনেক অভিনন্দন
802218518759592_483957147555802,👍
802218518759592_836975648530849,💖💖🙏🙏
802218518759592_1845013105978463,👍
802218518759592_393219067112291,
802218518759592_1006972057500684,যারা আছেন বলেই এখনো শান্তি তে ঘুমাতে পারি
802218518759592_850758383635307,Salute didi
802218518759592_2381804472009930,Salute 🫡
802218518759592_1632047730922415,Salute...
802218518759592_1566716444247153,Salute 👏
802218518759592_457711000372614,Well Done Pallabi Biswas 🙌🏽
802218518759592_531742349191628,জয় বাংলা।।।। সব কটা up bihar এর ক্রিমিনাল
802218518759592_1400782067278010,"আমি একটা জিনিস বুঝতে পারিনা, আমার একাউন্ট details কোথাও share না করেই ওদের কাছে চলে আসে  । কারোর কখন EMI বাকি, Bank এর লোন ইত্যাদি বিষয়ের তথ্য যেগুলো Bank বা সংযুক্ত কোম্পানি ছাড়া কারোর জানার কথা নয় সেগুলো এদের কাছে থেকে যায়  । তাহলে কি Bank বা চুক্তি কৃত কোম্পানি এই details share করে  ? কোনো ভাবে কি Bank নিজেই দায়ী থাকে? এটা বেশ রহস্যের  ।"
802218518759592_792664422850639,MD Mainuddin Saheb ভাবার বিষয়!
802218518759592_477220498574248,https://www.facebook.com/share/p/W2sq8PBeTYNxbq6x/?mibextid=oFDknk
802218518759592_2264222740419521,https://tv9bangla.com/west-bengal/purba-medinipur/chicken-supply-disrupted-in-west-bengal-price-also-may-rise-from-today-18th-july-2024-1095674.html?fbclid=IwZXh0bgNhZW0CMTEAAR2Oa_pl3UsGvAT2U3YYB005TECfu24Xq72OavZcyUyMAUZidL9sqOBnBmc_aem_PFPflvPQxscT9Zrhq4BeDQ
