,Unnamed: 0,POST_ID,CAPTION,REACTION_COUNT,COMMENT_COUNT
0,0,692583847600758_802218518759592,"বীমা পলিসি নিয়ে প্রতারণা, ধৃত দুই, উদ্ধার ৪ লাখ 

বীমা পলিসি রিনিউ করানোর সময় এসে গিয়েছিল হাওড়ার চ্যাটার্জিহাট থানা এলাকার এক বাসিন্দার। সেই মর্মে ইমেল পাওয়ার কয়েক দিনের মধ্যেই টাকা জমা দেওয়ার ব্যাপারে ফোন আসে তাঁর কাছে। ফোনের অপর প্রান্তে যে বীমা কোম্পানির প্রতিনিধি নন, রয়েছে এক প্রতারক, তা বোঝার আগেই তার হাতে নিজের ব্যাঙ্ক অ্যাকাউন্ট সংক্রান্ত সমস্ত তথ্য তুলে দেন অভিযোগকারী। অবধারিত ফল, তাঁর দুটি অ্যাকাউন্ট থেকে কয়েক কিস্তিতে উধাও হয়ে যায় ৩৩ লক্ষ টাকার কিছু বেশি। 

লিখিত অভিযোগের ভিত্তিতে মামলা দায়ের হয় ১০ ফেব্রুয়ারি, কিছুদিন পর তদন্তভার চলে যায় পশ্চিমবঙ্গ পুলিশের সাইবার ক্রাইম বিভাগের হাতে। বিভাগীয় প্রধানের তত্ত্বাবধানে তদন্তে যোগ দেয় হাওড়া সাইবার ক্রাইম থানা, তদন্তকারী অফিসার নিযুক্ত হন থানার সাব-ইন্সপেক্টর পল্লবী বিশ্বাস।  

সপ্তাহের পর সপ্তাহ প্রযুক্তি প্রহরা চালিয়ে এই সপ্তাহের গোড়ায় পল্লবী ও তাঁর টিম সাইবার ক্রাইম বিভাগের সহায়তায় নিউটাউনের টেকনো সিটি থানা এলাকার একটি আবাসনে হানা দিয়ে গ্রেফতার করেন সুশীল কুমার জেনা এবং প্রণব প্রকাশ ভোয় নামে দুই ব্যক্তিকে। তাদের কাছ থেকে বাজেয়াপ্ত করা হয়েছে ৩৮টি সিম কার্ড, অপরাধে ব্যবহৃত ব্যাঙ্ক অ্যাকাউন্টগুলির সঙ্গে যুক্ত বেশ কিছু মোবাইল ফোন, নগদ প্রায় ৪ লক্ষ টাকা, ব্যাঙ্ক স্টেটমেন্ট, দুটি গাড়ি, এবং বিভিন্ন ব্যাঙ্কের অসংখ্য ডেবিট কার্ড। 

বাকি টাকাও দ্রুত উদ্ধার করা যাবে, আশাবাদী আমরা।",701,36
