COMMENT_ID,COMMENT
814213080893469_1236261904389701,Dil se salute mam we r so proud of you joy hind 🇮🇳🙏🏻
814213080893469_1018798256506186,কংগ্রাচুলেশন
814213080893469_802681472060775,"Vinesh, we are proud of you"
814213080893469_2280346922329419,"প্রতিযোগিতা চলাকালীন হঠাৎ ওজন বেড়ে গেলো? ৫০ কেজি বিভাগে লড়তে নেমেছিল তখন ওজন ঠিক ছিল কিন্তু দুদিনের মধ্যে যেই ফাইনাল পৌঁছে গেলো সেই ওজন বেশি বলে বাতিল??? প্রথমত ভারতীয় হকি টিমের সাথেও অন্যায় হয়েছে, আবার এই কুস্তিগীরের সাথেও? বিষয়টা ভাবার আছে, তাছাড়া ভিনেশ পদক নিয়ে ফিরলে কাদের মুখে যেন ঝামা ঘষা যেত সেটাও ভাবতে হবে!!! 

চ্যাম্পিয়ন পদকে নয়, চ্যাম্পিয়ন বাই হার্ট ❤️"
814213080893469_987668739754182,"Ashis Dey Tinka waight agei ektu besi chilo, ager 2to round er weight checkup er age kichu na khya weight control a rekhechilo. 
53 category player,  53 category r trail a Jayni bole 53 category te onar jaygay onno keu chance pyeche. Oi karone 50 kg category te compet korte hoyeche."
814213080893469_462256583381840,"R btw hockey team er sathe ki onyay hyeche? 
India kal PC gulo k goel a convert korte pareni thik moto. Avishek j chance ta miss korlo ota mana jayna,  tarpor lalit o ekta miss korlo."
814213080893469_460046200242304,"Ashis Dey Tinka যাদের অস্তিস্থ শূন‍্য তারাই এই সব ভাববে ।উনি সরকার থেকে শুবিধা পেয়েছেন বলেই আজ ফাইনাল পর্যন্ত গেছেন ।  ওজন বেড়ে যাওয়াটা দুঃখ‍্যের বিষয় , ওনাকে কুর্নিশ জানায় পরবর্তীতে উনি ওনার সেরাটা দেবেন ।"
814213080893469_321119457657633,"ফোগটের এই মেডেল না পাওয়া শুধু দুর্ভাগ্যজনক নয়, নজিরবিহীন.. 
সাধারণত ওজনের জন্য এরকম সমস্যা হলে কোচিং স্টাফরা প্লেয়ারকে injured ঘোষণা করে বুক হয়ে যাওয়া মেডেল তুলে নেয়। কোচিং স্টাফ এবং ম্যানেজমেন্ট নিশ্চয়ই বোকা নন? তাহলে কী?

প্রশ্নটা খোঁজা দরকার..."
814213080893469_801939665443760,Sankar Panday erokom hoi na.. Jodi mat a injured hoi tahole othoba training injured hole medical certificate lage... Setao oder doctor ra debe
814213080893469_2223807547955325,"শুধু অর্জুনই মানুষের হৃদয়ে থাকেন তাই নয়, মহাবীর কর্ণও মানুষের অন্তরে রয়ে যান।"
814213080893469_1054839879531742,অভিনন্দন জানাই বাংলাদেশ থেকে
814213080893469_408384341727656,She is great
814213080893469_467885996045897,Congratulations 🇮🇳 ✌️🇮🇳
814213080893469_1213804086320087,কুর্নিশ জানাই আমাদের ভারত রত্ন লড়াই ময়দানে তুমি সেরা পৃথিবী জানে আর যতো দিন অলিম্পিক থাকবে এই দিন কেও ভুলবে না তুমি সেরা ছিলে ও থাকবে
814213080893469_1252779596100772,She is country's pride ❤️
814213080893469_984878203420127,Congratulations 🎉
814213080893469_4207786356168077,দুর্ভাগ্যবশত বোনটিকে disqualified করা হয়েছে তার over weight এর জন্য 😓
814213080893469_1954142231723853,Congratulations
814213080893469_404403272659208,CONGRATULATIONS SIR
814213080893469_1245479800141716,"Congratulations,,,,,"
814213080893469_866189045387196,Congratulations
814213080893469_1840790226415505,Congratulations
814213080893469_485764881091866,Huge respect 🫡❤️
814213080893469_4422873684518310,"🇮🇳🇮🇳🇮🇳🇮🇳🇮🇳🇮🇳🇮🇳🇮🇳🇮🇳🇮🇳🇮🇳
আপনি হারেনি হেরে গেছে ১৪২ কোটি ভারতবর্ষের মানুষের বিশ্বাস , আর তাদের আগামী দিনে মাথা উঁচু করে শিরদাঁড়া সোজা রেখে প্রতিবাদ  ও লড়াই করার সাহসের জুগিয়েছে আপনার লড়াই , আপনাকে আমাদের অন্তরের অন্তঃস্থল থেকে জানাই আন্তরিক শুভেচ্ছা ও স্যালুট ।"
814213080893469_8023616277725398,🙏🌟🌟🥇🥇🇮🇳🇮🇳RESPECTED SIR🇮🇳🇮🇳🥇🥇🌟🌟 OLYMPIC 2024 INDIA BRONZE CONGRATULATIONS PROUD OF INDIA CONGRATULATIONS 🇮🇳🇮🇳🥇🥇🌟🌟🙏
814213080893469_1526853088206250,Congratulations
814213080893469_398196486612072,Congratulations
814213080893469_505411298737478,Congratulations 🙏🇮🇳👍👍👍
814213080893469_1009255137352129,Congratulations
814213080893469_506065205144866,Congratulations 👏
814213080893469_1893905984409663,Congratulations
814213080893469_1134242647635883,Congratulations 🇮🇳💐
814213080893469_3767093626866406,Congratulations 🎉
814213080893469_522999003517482,God bless you my love Indian players and ♥♥♥
814213080893469_406371461966908,We Are Proud Of You ❤️
814213080893469_861377642086183,Champion 🏆 in her own style 😎
814213080893469_1040769011168100,Samanwoy Addhikary how many medal bongali won
814213080893469_1538040257067069,"Gold -Girl, winner of the hearts of crores of Indians"
814213080893469_379373891854573,Congrats.
814213080893469_7700261356768057,We are proud of you ❤️❤️❤️
814213080893469_406885568550206,Congratulations
814213080893469_803222201983562,আন্তরিক শুভেচ্ছা ও অভিনন্দন।
814213080893469_1023895642716498,Congratulations
814213080893469_1538812936709868,We are proud of you
814213080893469_390569147390166,Feeling Sad for Her😞 Our Champ🙏
814213080893469_1049372236892330,Congratulations 🙏🏻🙏🏻
814213080893469_1125646615573696,INDIA ZINDABAD
814213080893469_415627938157228,Vinesh you are the real hero
814213080893469_1205505793981116,বাংলা থাকে কোনো এথেলিটিক এর নাম এই ভাবে এলে আরও ভালো লাগতো। যাই হোক ভারতীয় হিসাবে ওনাকে স্যালুট জানাই
814213080893469_1079728286909262,Proud off you
814213080893469_484309447644203,ওকে কুর্নিশ জানাই।🌹👍
814213080893469_3819130674969824,🙏 So Congratulations 🤝🗽
814213080893469_2680927142071222,অবশ্যই।
814213080893469_867147288647302,Congratulations 💙🇮🇳🎉
814213080893469_840698204674408,Jai Hind
814213080893469_523490696691571,Jaihind
814213080893469_8360687333941739,Jaihind
814213080893469_514039604514277,"Yes ♥️
We need that kind of post"
814213080893469_1154152919212265,I lron women
814213080893469_407680298466133,Obossoi thakbe
814213080893469_841700091249969,"Joy hind
Bharat maata ki joy 🇮🇳❤️🇮🇳"
814213080893469_1170703297521842,একদম 👌❤️🌹
814213080893469_779600460918387,Gold jiteche ki?
814213080893469_463738566618566,Sekh InZu tournament theke terminate kore diache
814213080893469_1020992206435336,Prakhar Majumder hm 100 grn ojon besir jnno
814213080893469_504723165371011,Sekh InZu 🥺🥺
814213080893469_458424480497983,Every lndian love u dont be sad
814213080893469_1978020359320989,Jai Hind
814213080893469_1227306258632361,Shona Noye...khati heera ❤️
814213080893469_467666816195927,আমার প্রিয় একজন খেলোয়াড়। 🇧🇩
814213080893469_880635840621293,Golden girl 👍
814213080893469_1166210827999187,কোনো সন্দেহ নেই 🙏🇮🇳
814213080893469_1334753734148209,Valobasa tomar jono
814213080893469_480648881263123,Joy hind ✊🙏🙏🇨🇮🇨🇮🇨🇮
814213080893469_476149101794483,queeen❤️🏵️
814213080893469_1208079000381620,Joy hind
814213080893469_472354065564407,"১০০গ্রাম এর জন্য আটকে গেলো,,  ষড়যন্ত্র শিকার না তো,,  যে সেমিফাইনাল খেললো সে ১০০গ্রামের জন্য আটকে গেলো,, 😢😢"
814213080893469_1662657807825278,"So near ,yet so  far. Great performance"
814213080893469_3874076976245330,Project?
814213080893469_513807084552818,Indian legends ❤️
814213080893469_1923521351441548,
814213080893469_507508648524675,
814213080893469_1043946304010565,
814213080893469_879330290748837,
814213080893469_912501580685726,❤️🇮🇳🫡
814213080893469_1778082089389986,
814213080893469_395842843516984,♥️✊🙏
814213080893469_798344435787379,🙏🙏🙏
814213080893469_525337269928500,💝💝💝
814213080893469_345930865255633,💯
814213080893469_1137701933994365,🥇🏆
814213080893469_1712977746197425,👍👍👍
814213080893469_498612156096877,🏅🏅🏅🏅🏅🏅🏅🏅🏅🏅🏅🏅🏅🏅🏅🏅🏅🏅🏅
814213080893469_1002841791537357,❤️🇮🇳
814213080893469_720399720201303,❤️❤️❤️
814213080893469_491942190098374,❤️
814213080893469_1193175021893448,🙏
814213080893469_8233455036706265,কুর্নিশ জানাই আমাদের ভারত রত্ন লড়াই ময়দানে তুমি সেরা পৃথিবী জানে আর যতো দিন অলিম্পিক থাকবে এই দিন কেও ভুলবে না তুমি সেরা ছিলে ও থাকবে
814213080893469_791074276537207,Sad
814213080893469_1437908643576625,
814213080893469_491398386867682,We are proud of you dear sweetheart friend ♥️
814213080893469_1149615172787208,Wet rivew korte hobe... Joy hind... great sports women
814213080893469_1171520574114213,"পশ্চিমবঙ্গে সোনা কেন, হীরার মেয়েদের ও
তো কোনো সুরক্ষা নেই।
.
লজ্জা।"
814213080893469_507195951825598,Olympics   Vinesh Phogat fan club  Mamata Banerjee  After passing from class V to X one appear in Madhyamik/ CBSE/ICSE 10th Exam. If He/ She failed in 10th then what happen? Appear again or Sent to class V again????? Conclusion: Give Vinesh phoghat SILVER
814213080893469_778472934218847,BINOY BADOL DINESH BINESH !
814213080893469_2467789830079711,Madam aapni kichu  bolun .Aamra sotto ta jànte chai .
814213080893469_939017564657886,বিনেশ না ভিনেশ
814213080893469_1529490127995039,"চরম অন্যায় হলো, ইনজিওর ঘোষণা করলে রুপো টা তো পেত, সেমিফাইনাল কোয়ার্টার ফাইনাল খেললো তখন ওজন ঠিক ছিল, ফাইনালে ওঠার পর ওজন বেড়ে গেল।"
814213080893469_1534099667529231,KD KD weight ta morning a mapa hoi.. Semifinal er por ratre 52+ kg chilo.. Okhane 100 gm r komate pareni.. Sunlam chul kete ba blood ber koreo chesta korechilo..
814213080893469_763905692400541,KD KD r injured certificate lage seta committee r doctor ra debe
814213080893469_1203060574230812,ষড়যন্ত্র করে ফাইনাল থেকে বাদ দেওয়া হলো।
814213080893469_366495756490499,"when she own a gold, or any other medal in olympic?"
