COMMENT_ID,COMMENT
831272795854164_1165437091209542,Encounter korun
831272795854164_1584805589051651,দেশের পুলিশের কাছে তখনই ন্যায় বিচার পাওয়া যায় যখন অপরাধী শাসক দলের  কেও নই। অপরাধী শাসক দল ঘনিষ্ট হলে এই পুলিশ প্রমাণ লোপাটের কাজ করে। সেটা ইউপি হোক বা বাংলা। এর জন্য পুলিশ রা যতটা দায়ী তার চেয়েও বেশি দায়ী সিস্টেম। অনেক পুলিশ অফিসার অসৎ ভাবে কাজ করতে চাইলেও সিস্টেম তাদের কাজ করতে দেই না। কারণ সিস্টেম এর মাথায় বসে রই দুর্নীতিবাজ এক নেতা।
831272795854164_1404450897624251,Bap hai ke paap hai
831272795854164_1551152512493719,Great Sir.Salute WBP police
831272795854164_881784689953422,Good job dear🥰
831272795854164_3712781662304643,Great work! 👏
831272795854164_920982523383507,Great job @ Rajib. Carry on
831272795854164_1037370791170099,Great job sir
831272795854164_472511712267827,Great job sir
831272795854164_1668260933968761,Congratulations sir.
831272795854164_1045748666941079,Sob niyom kanun gorib der jonno jara boro lok rapist tader to sobai protection dai
831272795854164_825435956418798,Congratulations
831272795854164_1086446466419228,"Mrityu r bodole mrityu nah hole kono din o thambe nah esaab.. jabbojibon mane ja bojhai 14bochhor.. Tarpor ki…

Ekta nisppap jibon.. ki nisthur.. 

Chi chi chi. Ashinath. Go to the hell"
831272795854164_1755386025198470,Great work sir
831272795854164_531583492603814,Congratulations sir
831272795854164_8269675639777850,Great work 👏
831272795854164_1673056573531981,Mrittudanda deoa uchit emon nich manasikatar amanush gulo ke
831272795854164_882697033915080,Well done 👍
831272795854164_728770036057055,"খুবই ভালো ব্যাপার রাজীব বাবু এত সুন্দর কাজ করেছেন তাকে অসংখ্য ধন্যবাদ জানাই কিন্তু এর সাথে সাথে থানায় বহু পুলিশ থাকে যারা টাকার বিনিময়ে ভুল চার্জশিট দিয়ে নিরপরাধ মানুষকে বিভ্রান্তে ফেলে, তাদের দিকটাও খেয়াল রাখবেন।"
831272795854164_1196750848285420,Congratulations sir
831272795854164_420748984356875,Good job 👍
831272795854164_443768625362465,Akeo mere felar darkar
831272795854164_370898289449080,Salute Sir🙏
831272795854164_499374442703327,Congratulations all team members 🙏
831272795854164_1081580673406845,"একে যাবজ্জীবন কারাদণ্ড করা হয়েছে আমি খুশি, ফাঁ*সি দিলে আর খুশি হতাম, বা এই সমস্ত রাক্ষসী বাবাদের ইন*কাউ*ন্টারে শেষ করে দিলে আরো ভালো হয়। 

অত্যন্ত দুঃখের সঙ্গে, তার পাশাপাশি এটাও বলতে হয়"" যে সমস্ত কুলাঙ্গার গুনো ধ*র্ষণ করছে খু*ন করছে, তাদের এরকম সাজা হয় না। এটাই দুঃখ লাগে!
যদুবা সাজা হয়, তিন মাস পর জামিন নিয়ে বেরিয়ে আসে, আর ওই সমস্ত অপরাধমূলক কাজ আবার করতে থাকে"" জানিনা এখানে কেন আইনের চোখ কালো কাপড় দিয়ে বাধা থাকে!"
831272795854164_735432158709288,Good job 👏
831272795854164_1104603428332145,Good job 👍🏼
831272795854164_2086412225110037,Very nice sir
831272795854164_1162101634881607,Well done wb police
831272795854164_1440503726588326,Congratulations
831272795854164_1224432112068464,Congratulations bondhu 💐
831272795854164_1230541088367722,"আমাদের সমাজ হায় হায়,,, সদ্য জাতকের জীবনের দাম ৫০ হাজার, আর একজন ২০,২২ বছরের জীবনের দাম ১০ লক্ষ্য।।। ছিঃছিঃ।।এরকম কোর্ট না চালিয়ে গরু হাট খুলে নিয়ে বসা ভালো।।।"
831272795854164_1299077914639394,এই যুগে এসেও এগুলো মেনে নেওয়া সম্ভব না। খুব কষ্টকর
831272795854164_1303184627315502,Sabbas bondhu...
831272795854164_1062710392031484,"Great Job Sir

Jay Hind 🙏🙏"
831272795854164_2213196855722748,Debabrata Baidya 🙏 🙏
831272795854164_1212870816569971,আসামী টার কঠোর শাস্তিমূলক ব্যবস্থা গ্রহণ করা উচিৎ।। Great work wbp.
831272795854164_416391078127186,Eke oii kuyo te fele deoa uchit chhilo
831272795854164_807922027891652,"Crime er mul karon alcohol nesha jatiyo drobbyo.....protita elakatei moddopayider anagona tader open moddopan ,kotukti etc, etc eigulo bondho kora dorkar first"
831272795854164_858602149545793,"ফাঁসি দেওয়া হোক! অমানুষ , জানোয়ার ❗😡"
831272795854164_1213355733187141,Proud of you sir 🙏
831272795854164_951513500069828,তা না হয় ঠিক আছে। কিন্তু অন্যান্য কাস্টের মধ্যে বিশেষ করে হায়ার কাস্টের মধ্যে। কেন এই অপরাধের শাস্তিটা সোশ্যাল মিডিয়ায় তুলে ধরা হচ্ছে না। যে ওর সারা জীবন কারাদণ্ড হলো। না ফাঁসি হবে না কি হবে? কিছু দিচ্ছেন সোশ্যাল মিডিয়ায় এতে বোঝা যাচ্ছে হায়ার কষ্টের আসামি শাস্তিটা লোপাট করে রাখছি এই ব্রাহ্মণী বিচারপতিরা
831272795854164_1142982806801108,ফাঁসি দেয়া উচিত ছিলো
831272795854164_1562920817991624,"এইজন্য একজন মানুষকে শিক্ষিত হওয়ার উচিত 
মনুষ্যত্বহীনেরা শুধু এই কাজ করতে পারে"
831272795854164_1044578237219315,এইভাবে আসামিদের সামনে আনা উচিত
831272795854164_1728875751262326,ফাঁসি হলে বেশি খুশি হতাম
831272795854164_3813450598874115,একজন বাবা হয়ে এমন কাজ মানুষ কেমনে 😭😭😭😭😭😭😭😭😭😭😭😭😭😭😭😭😭
831272795854164_1212344083443978,"কিসের চার্জাশীট?
বন্দুকে গুলি চলে না??"
831272795854164_2178986362484974,"নিজের সন্তানকে মারতে একটুও কষ্ট হলো না!! আর নিজের কেন, অন্য কারো হলেও ওই টুকু নিষ্পাপ শিশুকে কেও মারার কথা ভাবতে পারে!!? এরা কি মানুষ!!!?❓

ঘটনা পড়ে মনটা ভারাক্রান্ত হয়ে গেল.. কেন করে মানুষ এই রকম!!!!!"
831272795854164_526812493630137,Why was he not sentenced to death instead of death?
831272795854164_1536367010639751,"এই case টা খুব ভালো ভাবে investigate হওয়া প্রয়োজন,"
831272795854164_1187498452295469,Great job
831272795854164_1203420027520777,"I come here to issue a warning! Recently I did a negotiation with a person called Ayan Banerjee! Where he claimed to have an agency with accounts to run ads! I made some deposits and soon he started to disappear, he stopped responding. I'm only sending this message because I don't think this situation is correct! Be careful with him. He stole almost $500 from me.
he have this numbers 9205525428 8927033098

मैं यहाँ चेतावनी जारी करने आया हूँ! हाल ही में मैंने अयान बनर्जी नामक व्यक्ति से बातचीत की! जहां उन्होंने विज्ञापन चलाने के लिए खातों वाली एक एजेंसी होने का दावा किया! मैंने कुछ जमा किए और जल्द ही वह गायब होने लगा, उसने जवाब देना बंद कर दिया। मैं यह संदेश केवल इसलिए भेज रहा हूं क्योंकि मुझे नहीं लगता कि यह स्थिति सही है! उससे सावधान रहें. उसने मुझसे लगभग $500 चुरा लिए।"
831272795854164_1499884184740173,Good job sir
831272795854164_904953944807322,Great sir 💯
831272795854164_921184306507319,"পুরুলিয়ার আশিনাথ বলেই সম্ভব হয়েছে, কোলকাতার বড় কোন প্রভাবশালী হলে পুলিশ আজো সূত্র পেতো না। যাই হোক আইন গরীব বড়লোক, অসাধারন সাধারন ভেদে আলাদা হয় এটা মোটামুটি সমাজের প্রান্তিক স্তরে আমাদের মত মানুষরা বুঝে গেছে।।"
831272795854164_3301722983296539,🎉
831272795854164_1650766482371704,Rajib Roy
831272795854164_800225645519058,
831272795854164_3918687991739800,Get well soon ❤️❤️❤️❤️
831272795854164_522546306992276,এমন অপরাধী কে ফাঁসি দেওয়া উচিত স্যার।
831272795854164_1855082674982218,মানুষ এতোটা অমানুষ হয় কিভাবে!
831272795854164_1213977299917474,আসামী টার কঠোর শাস্তিমূলক ব্যবস্থা গ্রহণ করা উচিৎ।। Great work wbp.
831272795854164_1087479866330190,"Ai samosto kulangar der faci dorkar, akta niriho siso ke mere fello,"
831272795854164_1261950858292212,Salute sir
831272795854164_268107469729256,Well done
831272795854164_1287382125567048,Great
831272795854164_1987705158332873,Rakhas of NEW GAE
831272795854164_1534228727973709,"https://www.facebook.com/share/r/QmSBAuqhDdZFz2UA/?mibextid=oFDknk 

This is the current situation of west bengal shame on it"
831272795854164_478435248326781,"Amon Onek IO ache jara Ghush kheye Nirdosh lok keo convicted kore..tader story gulo diyeo majhe majhe post dewa uchit j eder against e departmental enquiry hochche jodio seta asha kori na...
Tobe Rajib Babu er moto officer khub valo kaj korechen👍🙏"
831272795854164_1540617129868710,পুলিশ অফিসার সবাই মন্দ নয়। বর্তমানে আর্জিকর কাণ্ডের পর ও বলা যায় কিছু ব্যতিক্রম ও আছে আর বাচ্চাটির জন্য ও তার মায়ের জন্য কোনো ভাষা আমার নেই আমি কি লিখবো আমি জানি না 🙏🙏🙏🙏🙏🙏
831272795854164_2297071557296902,R g kr er bichar chai
831272795854164_3852521081661283,Bal take akdom open shoot kore mere fela ucit.
831272795854164_536206885513903,",,,, ভালো 
তো স্যার 
আপনাদের সহকর্মী চুঁচুড়ার si খুনের বিচার কি হলো?"
831272795854164_3690494557838563,"এই এক আজব ব্যাপার, মনে আপনারাই পারেন। আপনাদের তো এটাই কাজ , নিজের কাজ করে সেটাই আবার ফলাও করে ফেসবুক পোস্ট দিয়ে কি বোঝাতে চান আপনারা। সহানুভূতি চাই। আমারও কাজ করি। আমরাও সৎ। এসব বোঝাতে চান। আর অন্য কোন পেশার মানুষ এরকম নিজের কাজ করে সেটা ফেসবুক a ফলাও করে লেখে ,কোনোদিন দেখেছেন? আজ ভাবুন তো প্রত্যেক টা ডাক্তার যদি এক এক একটা অপারেশন করে বা একটা ক্রিটিকাল পেশেন্ট দেখে এভাবে পোস্ট করত তাহলে কেমন হতো? একজন শিক্ষক এক একটা ক্লাস নিয়েই লিখে দিত যে "" এই আজ একটা ক্লাস শেষ করলাম, খুব খাটনি হলো, ছেলে মেয়েরা অনেক কিছু শিখল। আমি আমার কর্তব্যে সবসময় অবিচল। "" হাস্যকর না। আপনাদের মূল কথা টা লেখেন না একটা পোস্টেও যে "" হা আমরা মাঝে মাঝে কাজ করেও থাকি, ভুলে যাবেন না"" । ফেসবুক পোস্ট টা শুধু মনে করিয়ে দেবার জন্য এই পুলিশও মাঝে মাঝে কাজ করে ইচ্ছে হলে উপায় না থাকলে।"
831272795854164_876463290520654,সাধারণ মানুষ আপনাদের থেকে এটাই চায়। কিন্তু এমন ন্যায় বিচার পায় কয়জন । আমরা দেখেছি রাজনৈতিক ছত্রছায়ায় থাকলে তার বিচার তো দূরের কথা থানায় FIR পর্যন্ত নেওয়া হয়না।
831272795854164_948801513671586,Kichu to bola jabe na taholei barite police chole asbe
831272795854164_874752754147520,ডেথ পেনাল্টি করা উচিত। সৌদি আরবের মত।
831272795854164_1015336543604707,"Majhe majhe akta adhta kajer credit Facebook e folao kore ber hoy. Baki gota west bengal e daily ja crimes hoy r jotobar taka poysay sasti mokub kora hoy, tar sobgulo jodi proper investigation and punishment hoto, ato folao kore lekhar somoy hoto na. Jaihok, R.G. Kar er incident bujhiye dieche WBP kotota daittoban."
831272795854164_495241456801954,https://www.facebook.com/share/r/sn59KnSvarAnYzq6/?mibextid=oFDknk
831272795854164_393896417076440,"কি শু*রের বাচ্ছা!!!
এদের রাস্তায় দাঁড় করিয়ে গুলি করে মারতে হবে।"
831272795854164_955150066379331,"শুনতে কর্কশ লাগলেও এটা বাস্তব যে, নারীদের বিরুদ্ধে অত্যাচারের প্রতিবাদ করে সোস্যাল মিডিয়ায় স্ট্যাটাস দেওয়া কোনো বীরপুরুষ একান্ত আড্ডায় বলেন যত নষ্টের গোড়া এই মেয়েছেলেগুলো!"
831272795854164_1278342410199178,https://fb.watch/umPAHc9-Sc/?mibextid=rS40aB7S9Ucbxw6v
831272795854164_2744793525699058,সাল টা ২০২১ ছিল। এতদিন কেনো পোস্ট করেনি?? ২০২৪ এ যখন অভয়ার বিচার চাইছে জনগণ এখন কেনো পোষ্ট করছেন? কি প্রমাণ করতে চাইছেন আপনারা???  আর যে অপকর্ম গুলো করছেন সেই গুলো পোস্ট করুন দেখি কত সৎ আপনারা!!!! দোষীকে শাস্তি দিয়েছেন খুব ভালো কথা তাতে আপনাদের অভিনন্দন।
831272795854164_1430666387612428,এই বাবা কে ওই কুয়োতে ডুবিয়ে শ্বাস রোধ করে মারা যায় না?
831272795854164_566481865901339,"নিঃসন্দেহে খুব ভালো দায়িত্ব পালন করেছেন IO SI সাহেব। 
কিন্তু আশিনাথ সোরেন যদি প্রভাবশালী বা ধনবান হতো তাহলেও কি একই বিচার পেয়েদিতে পারতেন?"
831272795854164_1211597263295519,"সব জায়গায় কেন এমন নিরপেক্ষ ভাবে পুলিশ তদন্ত করে না? কেন পুলিশের বিরুদ্ধে ভুরি ভুরি অভিযোগ ওঠে? পুলিশরাও তো মানুষ, তাদেরও বিবেক আছে, কোনো রাজনৈতিক দলের হয়ে কাজ না করে সঠিক ভাবে প্রতিটা ক্ষেত্র বিচার বিবেচনা করা উচিত। সঠিক বিচার হলে/পেলে সমাজে অপরাধ অনেক কমে যাবে, না হলে কিন্তু অপরাধ দিনে দিনে বাড়তে থাকবে।
এস আই রাজীব বাবু এবং তার সহকর্মীদের ধন্যবাদ জানাই।"
831272795854164_1319454582363089,শুনে খুব খুশি হলাম/ দেখে বড্ড ভালো লাগলো অপরাধীদের শাস্তি দিতে আপনারা জানেন /এটাই আপনাদের কাজ। এই কারণেই আপনারা মাইনটা নেন। ফলাও করে সোশ্যাল মিডিয়ায় আজ আপনারা নিজেদের ঢাক পেটাতে পারলেন/ এটাই যেন তিলোত্তমার ক্ষেত্রেও আপনারা পেটাতে পারেন /সেই আশাই আপনাদের প্রতি রাখি /আমরা সাধারণ জনগণের/ তাদের ট্যাক্সের টাকায় আপনাদের খাওয়া পড়া চলে/ কবে দেখতে পাব আপনাদের পেজে সেই পোস্ট/ যখন আপনারা তিলোত্তমারে যাবতীয় খুনিদের ধর্ষকদের ছবি দেবেন এবং বলবেন আমরা সাকসেস পেয়েছি/ সবাই আপনারা দেখুন কবে ?? আমরা আপনাদের দিকে ফুল ছুঁড়তে পারব /সেটা আপনারা অবশ্যই জানাবেন /সেই ডেট /সেই টাইম। সেই দিনের অপেক্ষায় আছি West Bengal Police
831272795854164_488107734184279,Porobesh er dosh sob janoyar er obhom uncultured
831272795854164_436338912759383,"অশিক্ষা, সমাজ এবং আইন দায়ী এই ধরনের কুকর্মের জন্য।"
