COMMENT_ID,COMMENT
829420502706060_1214220793247419,"দারুন খুব সুন্দর,nice job"
829420502706060_1174372426965064,খুব ভালো কাজ 🌷
829420502706060_521269613813360,দারুন স্যার
829420502706060_2408462626013763,"Step down Mamata, Vineet"
829420502706060_550042817687543,Very good job WB police
829420502706060_533060809403253,Good job 👍
829420502706060_529565756106040,"আমার চুরি যাওয়া গাড়ি বাইক ""হিরো হন্ডা স্প্লেন্ডার প্রো""(রেড কালার)নং WB 30 F 5821 এফ আই আর তমলুক থানা।পূর্ব মেদিনীপুর।"
829420502706060_388749364006134,Subhankar Maitra কালীঘাটে গিয়ে দেখুন তো খুঁজে পান নাকি।
829420502706060_1207334033836864,Excellent job under the leadership of SP Sir & IC Dhupguri PS
829420502706060_386162357630233,Kotwali PS Jalpaiguri পশ্চিম মেদিনীপুর এর বাইক গুলো একটু দেখুন শালবনি থেকে আজ থেকে চার মাস আগে আমার মোটরসাইকেল টি চুরি হয়ে যাই একটি মেলা থেকে শালবনি থানা থেকে যেই খানে মেলা টা হচ্ছিলো তার দুরুত্ব ৪০০ মিটার মাত্র সি সি ক্যামেরা তে চোর কে দেখাও গেছে তাহলে এত দিন হয়ে গেলো আজও কেন ধরা পড়লো না
829420502706060_972004338270782,পশ্চিম মেদিনীপুর এর বাইক গুলো একটু দেখুন শালবনি থেকে আজ থেকে চার মাস আগে আমার মোটরসাইকেল টি চুরি হয়ে যাই একটি মেলা থেকে শালবনি থানা থেকে যেই খানে মেলা টা হচ্ছিলো তার দুরুত্ব ৪০০ মিটার মাত্র সি সি ক্যামেরা তে চোর কে দেখাও গেছে তাহলে এত দিন হয়ে গেলো আজও কেন ধরা পড়লো না
829420502706060_838237468433335,Good job👏
829420502706060_1792393194916398,good job
829420502706060_1905161266651376,"Excellent job.
Congratulations to IPS Umesh Khandbahale and the entire team"
829420502706060_1226103358650896,"Shravani Thakare We the Bengal people are proud of such a talented IPS officer in our state,the movie ""12th Fail"" is just inspired from his real life.."
829420502706060_1536889263866932,Good job
829420502706060_1026851625893099,Very good job done..
829420502706060_543969958193759,আপনাদের কাছে একটা অনুরোধ করবো অপরাধীদের মুখে ঢাকা দিতে দেবেন না। যাতে অপরাধী গুলো কে সবাই চিনে রাখতে পারে এবং এদের দেখে মানুষ যাতে সতর্ক হতে পারে সেই ব্যবস্থা করুন।
829420502706060_482463901348173,Salute to my dear Jalpaiguri Police
829420502706060_1040398924065410,Salute sir
829420502706060_848719333892268,Good job sir
829420502706060_487284597421953,Congratulations team
829420502706060_542234761472936,Great team
829420502706060_484527927676028,Great job
829420502706060_867371514914222,Congratulated  to your team and keep doing it future sir but sir please show the name and picture of the culprits.
829420502706060_564288626174330,Good job Sir
829420502706060_728207116112410,East west Jalpaiguri Police is best. ✊❤
829420502706060_1818578098945238,Always with You.. Jalpaiguri Police
829420502706060_1493804204574415,"Excellent job 👍
Salute to our police force 🙏"
829420502706060_3394941093971202,আরও বেশি বেশি নজরদারি চালাতে হবে। যাতে অপরাধ নির্মূল হয়। আপনারা চেষ্টা করলেই সব সম্ভব।
829420502706060_553848106971495,"Kya likha hai Bangala me❓
Auction hai kya❓"
829420502706060_1143726430046002,ধন্যবাদ ধুপগুরি পুলিশ 👮👮
829420502706060_1212786239852803,Good Job Sir All Of You
829420502706060_855455036549897,Very good job WB police
829420502706060_8549022315132302,Good job sir 👍👏👏
829420502706060_1035932337702260,Good job sir ❤️🔥♥️
829420502706060_396259203510756,🙏🌟🌟🇮🇳🇮🇳RESPECTED SIR 🇮🇳🌟🌟WEST BENGAL POLICE EXCELLENT WORK SALUTE SIR JAI HIND BEST WISHES GURU JI GOD BLESS SIR🇮🇳🇮🇳🌟🌟🙏
829420502706060_1190408198670897,Excellent Job Sir 🙏🙏
829420502706060_1238110613780762,Good job
829420502706060_3665442370451863,Good job sir ji
829420502706060_1222298522527958,Jai hind sir
829420502706060_1065394071972970,Good job
829420502706060_838898835061800,Debabrata Baidya 🙏 🙏
829420502706060_385404534364092,প্রত্যেকটা গাড়ির ডিটেলস দিলে খুব ভালো হয়
829420502706060_1060729775647258,"আমার গারি পাইনি ( জামালপুর PS) গারি নাম্বার 
WB42AE 6241"
829420502706060_369432256211568,Amar gari o churi hoyeche
829420502706060_1201470614496199,👍🇮🇳🙏
829420502706060_518241470784623,🙏🙏🙏
829420502706060_495985593045405,♥️♥️♥️
829420502706060_493001930163007,👍👍👍
829420502706060_895747629252991,🇮🇳🇮🇳🇮🇳🇮🇳🇮🇳🇮🇳🇮🇳🇮🇳🇮🇳🇮🇳🇮🇳
829420502706060_481708454777927,🙏🏻
829420502706060_490179537110406,
829420502706060_1022755522681907,
829420502706060_2203225616698167,❤️
829420502706060_1481064989208488,
829420502706060_531316962895446,🙏🏽🙏🏽
829420502706060_358943133947661,Bike এর নম্বর গুলোর পিক দিলে ভালো হতো
829420502706060_1519681398651778,Always with You.. Jalpaiguri Police 💐
829420502706060_1147761362965364,Good 👏👍
829420502706060_1216998952755623,nice
829420502706060_489570757120011,Excellent
829420502706060_874377534755102,Good sir
829420502706060_2820352251454324,Excellent
829420502706060_405910495470581,Good
829420502706060_1170258834201610,Awesome👏
829420502706060_519959063768481,Good 👏
829420502706060_494096353260987,Salute 🫡 West Bengal Police
829420502706060_1054957849541001,Vry nice
829420502706060_1955573034894448,Very well done West Bengal Police
829420502706060_496229103130079,Good job
829420502706060_1191001525451803,"ফুটপাত দখল করে নিচ্ছে ,,বর্ধমান শহরের তিন কনিয়া থেকে কার্জন গেট পর্যন্ত বেআইনিভাবে দুর্গাপুজোর জন্য বাঁশ দিয়ে এডভার্টাইজমেন্ট এর জন্য স্ট্রাকচার তৈরি করছে,, রাস্তা দখল করে,, সাধারণ মানুষ সহ বাইক আরোহী- বাস- কার সবার যাতায়াতের অসুবিধা হচ্ছে। 
পুলিশ তুমি দেখো ....
অন্ধ হয়ে থেকো না ,পুলিশ.....
এখনো প্রায় ৪০ দিন পূজোর দেরি আছে..
যে কোন মুহূর্তে  বাঁশে ধাক্কা খেয়ে মানুষ মারা যাবে -আহত হবে..... ।"
829420502706060_1426345437994068,Nirbhat bhaipo jorito . Sob pacharei maal ta ache ..
829420502706060_514272354890990,"Mujhe wo black Apache ki photo chahiye..
Meri v bike chhori hui h"
829420502706060_1058606195777569,Jiska registration number hai BR11AR4562
829420502706060_488497350621535,"Jor kore bike er chalan er video gulo ektu dile valo hoy, sadharon manuske poristhitir sikar kore ghush khawar video kore ektu charun sir, ratri bala parar mukh theke bina karone thanay niye gia haresment korar video gulo ektu dile valo hoy..."
829420502706060_543135808061443,https://www.facebook.com/share/r/sn59KnSvarAnYzq6/?mibextid=oFDknk
829420502706060_430875893298128,মমতার পদত্যাগ চাই।
829420502706060_873645634705524,দারুন দারুন বেঙ্গল পুলিশ কে জানাই শত লিটার প্রণাম
829420502706060_535384985685189,Ra Ju moja korisna
829420502706060_1252653042834521,Biswas Pratim
829420502706060_797289095936748,"এই লিংকে পোষ্ট করা বেক্তি কে আইনের আওতায় আনা হোক 
https://www.facebook.com/share/v/j8tDXJWt1t4hWpss/?mibextid=oFDknk
আসল ভিডিও
https://www.facebook.com/share/r/jnFRNK5y8MGo2doe/?mibextid=oFDknk"
829420502706060_1110739133740665,"Sir akta kotha bolar chilo amader Parai akta durga Pujo hoy bohu Bochor age kar pujo tao koto bochor ami thik bolte parbo na, amar jonmo 2001 saal a amar jonmer time thke dekhchi ai durga puja, sir ekhn mamata didi sob puja committee k 85 thousand kore dichhe valo kore jate pujo korte pare, sir amader parar maximum loker obhostha motamuti average & matro 40 ta family amra kono taka poisa paina sir bohu bar chesta korechi apply ar jonno kono result paini, amder nijeder chandar taka 50k r moto othe, kono krom a pujo ta kori arki, sir jodi kichu babostha kore kora jai khub valo hobe, amader somsoto documents ache ja ja lagar, amader place ta holo Baburbag Shanti Colony Purba Bardhaman, pin - 713104 post- Rajbati, station- Burdwan"
829420502706060_1691291218076520,Sûdíp SárkârUjjal Sarkar abb samja itna gadi kider ja raha hai 💀
829420502706060_1017166146775063,https://www.facebook.com/share/2eijaBq32UK6Rda7/?mibextid=oFDknk
829420502706060_536983165338954,Indian Medical Association Bengal State Branch post ta ektu dekhe nin kaku.
829420502706060_3808870419431414,আসল আসামি না ধরে ছিঁচকে চোর ধরে কি লাভ।
829420502706060_926180002864281,"এই লিংক এ click করে পূর্ব ভিডিও দেখার জন্য আবেদন রইলো। যদি এনার বিরুদ্ধে আপনারাই ব্যবস্থা নিয়ে থাকেন খুবই ভালো। না নিয়ে থাকলে নিন। পাবলিক রুল ব্রেক করলে ফাইন করবেন। খারাপ  ভাষায় গালাগালি দেওয়ার অধিকার আপনাদের দেওয়া হয়নি। এটা একটা ভিডিও মাত্র। এরম প্রায়শই হওয়ার থাকে। আর এর পেছনে 500 দিয়ে সেটেলমেন্ট পুলিশ হামাশায় করে সেগুলো বন্ধ করুন। পুলিশকে মানুষ ঘুষখোর মানুষ বলে এটা মানুষের দোষ নয় আপনাদেরই দোষ। সেটা যেন না বলতে পারে তার ব্যবস্থাও আপনাদেরই করতে হবে। ধন্যবাদ
https://www.facebook.com/DVnewschannel/videos/1290415415058104/?mibextid=9drbnH"
829420502706060_352899614560092,#westbengalpolice 🙏
829420502706060_518377967326262,"যে সব পুলিশ অফিসার  আরজিকর হাসপাতাল ডাক্তার রেপ আর খুন কেস তদন্ত করছিল আর এই কেস এ  তথ্য লোপাট যুক্ত আছে তাদের সাসপেন্ড করে আইপিসি 201 ডিসেপারেন্স অফ এভিডেন্স আইপিসি 118,119 act হিসেবে 10 বছরের জেল দেয়া হোক।"
829420502706060_1454646861859664,https://www.facebook.com/share/v/eV4K9C4XyVCXEevX/?mibextid=oFDknk
829420502706060_549379694096117,আরজি কর হাসপাতালে ২০০০ সমাজবিরোধী ভাঙচুর করেছিল।।। ঘটনাস্থলে পুলিশ উপস্থিত ছিল।। পুলিশের সামনে ভাঙচুর কি করে হলো??
829420502706060_1187915585791322,"West Bengal Police  মালদা জেলার কালিয়াচক থানা অন্তর্গত এলাকায় আমার বাইকের নম্বর WB 66 AS 3676 নকল করে কেউ ব্যবহার করছে 
অবিলম্বে ব্যবস্থা নিন 
কারণ আমার বাইক রেজিস্ট্রেশন নম্বর বসার আগে থেকেই কালিয়াচক থানা এলাকায় নেই 
প্রায় এক হাজার কিলোমিটার দূরে রয়েছে"
