COMMENT_ID,COMMENT
798719992442778_2263812313789077,"We are available on YouTube too. Please visit-
www.youtube.com/@westbengalpoliceofficial"
798719992442778_951676303426982,Great job
798719992442778_1877350879438380,Very good job WB police
798719992442778_485103250675140,Good work.
798719992442778_7945780638790925,Good job sir 👍
798719992442778_2019419545127023,Well done sir
798719992442778_401832235643191,Keep up the good work 👍
798719992442778_453228377491112,Good job.. Sir
798719992442778_1237350477440682,Very good job sir 🙏🏻
798719992442778_482877294388359,Congratulations
798719992442778_3703736616553238,Good Job Sir 👍👍👍👍
798719992442778_833845978329921,Good effort স্যার
798719992442778_489040123618969,গুড জব
798719992442778_831307718956940,গ্রেট জব স্যার
798719992442778_460574523433635,👮🏻‍♂️
798719992442778_1182084669649170,Salute
798719992442778_801180095534309,Good job
798719992442778_1011486680703429,Gd job
798719992442778_884836243688939,এই বাচ্চা কি সেই বাচ্চা যার হাবড়া তে বিরিয়ানির দোকান আছে ??
798719992442778_478155014795871,"Sir Kichu Chele Facebook I'd Nie Lok Ke Thokacche Apnara Kichu Korte Parben 5000 10000 Kore Taka Nie Facebook I'd Bechche Tar Por Abar account Hack Kore Nieche,,, Eder Jonno Ki Kichu Koronio Ache"
