,Unnamed: 0,POST_ID,CAPTION,REACTION_COUNT,COMMENT_COUNT
0,0,692583847600758_798719992442778,"উদ্ধার ৫ লাখ টাকার চোরাই গয়না, ধৃত ২ 

মাস দুয়েক ধরে চলছিল। উত্তরপাড়া থানার নবগ্রাম এবং মাখলা এলাকায় বিভিন্ন বাড়িতে মাঝেমাঝেই চুরির খবর আসছিল । নানা জায়গায় সন্ধান চালিয়ে চলতি মাসের ৩ তারিখ সূত্রের খবরের ভিত্তিতে নিউটাউনের ইকো পার্ক থানা এলাকায় হানা দিয়ে ১৯ বছরের বিট্টু ঠাকুর ওরফে বাচ্চাকে গ্রেফতার করেন উত্তরপাড়া থানার তদন্তকারীরা। 

তার বক্তব্যের জেরে এরপর বীরভূমের তারাপীঠ থানা এলাকা থেকে ৭ জুলাই গ্রেফতার হয় এই মামলায় মূল অভিযুক্ত ২৫ বছরের বিশ্বজিৎ দাস ওরফে বিশু ওরফে আকাশ। দুজনেই আপাতত পুলিশি হেফাজতে, তাদের কাছ থেকে উদ্ধার হয়েছে প্রায় ৫ লক্ষ টাকার সোনা-রুপোর গয়না, নগদ প্রায় ১২ হাজার টাকা, এবং বাড়ির তালা ভেঙে ঢোকার সাজ-সরঞ্জাম। Chandannagar Police Commissionerate",400,20
