COMMENT_ID,COMMENT
802827105365400_1229384921387461,"We are available on YouTube too. Please visit-
www.youtube.com/@westbengalpoliceofficial"
802827105365400_447735788094269,"Ami 20 July application korechilam, payment korar por successful hobar por oo payment pending dekhache ki korbo??"
802827105365400_1200577267732330,Good initiative
802827105365400_845130043798956,পাসপোর্ট ভেরিফিকেশন টা অনলাইনে করুন
802827105365400_793662406088864,Prabir Nath খুবই ভালো হবে এটা করলে
802827105365400_25983241021320650,Prabir Nath eta krte khub vlo hy
802827105365400_491386363438520,এখানে হা হা করার কোন কারণ আছে কি ?
802827105365400_1948921488891370,Prabir Nath দাদা এখন এই পোর্টালের মাধ্যমে আপনি পাসপোর্ট যাচাইয়ের জন্য আবেদন করতে পারেন
802827105365400_527453606287154,দারুন উদ্যোগ এই না হলে আমাদের ওয়েস্ট বেঙ্গল পুলিশ ❤️❤️❤️🔥🔥
802827105365400_1177347253517127,শুধু কি চাকরি ক্ষেত্রেই হবে? নাকি যে কোনো ক্ষেত্রে যেমন ব্যাংকিং csp তে লাগে তার জন্যেও করতে পারবো কি?
802827105365400_1505545700060497,Bah valo uddog🥰🥰
802827105365400_1646250219547033,🙏 Ami Howrah theke...blue dart company te akta worker er jonno ami interview diye6i goto kal...aj pH ase okhan theke bol6e pcc lagbe online apply korte 1050/....ami jante chai j Howrah te kaj korte geleo ki ai certificate lage?????plzz janan keu🙏🙏
802827105365400_384061927750966,"Arpi Das Sarkar just apply online by yourself it will take 300 rs. Pcc need for big corporate companies where security concern are high, it can be any state."
802827105365400_1221521965958842,Congratulations👏 WBP
802827105365400_899994765554308,Good morning & good work 👍
802827105365400_1021397336206051,"Excellent initiative,,,"
802827105365400_1917231382080572,Thank you so much
802827105365400_1214427116584005,Congratulations
802827105365400_822461929609748,Good job....
802827105365400_401244952936650,Good job
802827105365400_457873557223607,I Love West Bengal police
802827105365400_1551330732428095,Police verification certificate and police clearance certificate are the same?
802827105365400_1661354591369443,ᴩᴀyᴍᴇɴᴛ ᴩᴇɴᴅɪɴɢ ᴩʀᴏʙʟᴇᴍ
802827105365400_480591358020699,এটা নিয়ে অনলাইন হওয়ার খুব দরকার ছিল
802827105365400_895757305711758,"ভালো উদ্যোগ, ধন্যবাদ পুলিশ বিভাগ কে"
802827105365400_1031837425190263,Good decision 👍
802827105365400_890039202953988,Thank you wbp police
802827105365400_1138169010610119,Commendable job. Congratulations West Bengal Police. 🙏
802827105365400_1060091425449415,"Great 👍 
West bengal police"
802827105365400_1160960615130039,DIB তে ফিজিক্যাল ভেরিফিকেশন এর জন্য যেতে হবেনা আর ?
802827105365400_1459900264643561,Joy Hait এটা জানতে হবে নাহলে এটা করার যৌক্তিকতা নেই অবশ্য।
802827105365400_1201160920899905,Joy Hait যেতে হবে | আপনার সব ডকুমেন্টস নিয়ে ফিজিক্যালি যেতে হবে কালকে আমার কমপ্লিট হয়েছে।
802827105365400_1628529111262696,অনেকের উপকার হবে ♥️
802827105365400_1056283282882561,"❤️  দারুন ব্যাপার।
Great news 
WBP ❤️"
802827105365400_1175616337025701,Good job wbp 🧡
802827105365400_1599838444207334,Passport or banking csp
802827105365400_831290425696419,🇮🇳জয় হিন্দ 🇮🇳
802827105365400_492524773327631,জয় বাংলা ✊
802827105365400_1290036418623649,"WBP খুব ভালো সিদ্ধান্ত নিয়েছে,
ধন্যবাদ জানাই।"
802827105365400_1229035991812269,অসংখ্য ধন্যবাদ
802827105365400_3967384623583715,"19/7/24 tarikh apply korechi, ekhono kono response nei"
802827105365400_997576498523999,Onk somosaar somadhan holo
802827105365400_1964867440621396,পাসপোর্ট এর ক্ষেত্রে কাজে লাগবে?
802827105365400_1015798446587652,"#WBPolice #hwhcitypolice পশ্চিমবঙ্গ পুলিশকে অনেক ধন্যবাদ জানাই , পুলিশ ক্লিয়ারেন্স সার্টিফিকেট অনলাইনে আবেদন করার পদ্ধতি চালু করার জন্য।"
802827105365400_1506234617438063,Arif Ali Mallick ওটা কী অনলাইন  ডাউনলোড করা যায়।।
802827105365400_826307282972159,ভালো খবর
802827105365400_7654494657992129,Csp pvr er khetreo kaje lagbe
802827105365400_1678703656223022,Good massage
802827105365400_1471799500395516,ধন্যবাদ
802827105365400_388766900485085,Great work
802827105365400_518363511049944,পূর্ব বর্ধমানের কাটোয়া কাটোয়া থানা কে অনেক অনেক ধন্যবাদ আমার তরফ থেকে।
802827105365400_1691576054941172,Passport Verification er khetreo jodi hoto.
802827105365400_481609814460460,Is this applicable for passport verification?
802827105365400_472258415569305,Purnendu Sardar no
802827105365400_7764424853593858,darun👍
802827105365400_3193770287425571,খুব সুন্দর উদ্যোগ...
802827105365400_826124636252378,"Ami apply korechhi online e payment 300/- takao korechhi sir, amake islampur theke call kore bolechhe nijer, baba ebong maa er document niye jete."
802827105365400_1193357638644286,Accha please keu bolben ata ki onno state a bose apply kora jabe mane ami west Bengal er basinda kormo sutre delhi thaki tai jiggasa korchi
802827105365400_3286172928193650,কত দিন সময় লাগে PCC সার্টিফিকেট ডাউনলোড করতে ??
802827105365400_893987372537045,West Bengal Police এটা অসাধারণ একটি কাজ ❤️❤️❤️🙏🙏
802827105365400_853314750030704,Acha employment r visa 2 toh option dekhlm.. passport renewal r option nei toh
802827105365400_436989375998234,Application er Kotodin pre PCC pawa jabe ??
802827105365400_993617719159624,Thanks a lot to West Bengal Police  🙏
802827105365400_1023737222488820,এটা আবেদন করার পর কি কোনো অফিস যেতে হবে??
802827105365400_1404408430226371,"PCC আর POLICE VERIFICATION CERTIFICATE এই দুটো কি একি সাটিফিকেট ??
West Bengal Police"
802827105365400_798163505454841,Debasish Santra yes
802827105365400_366729212862960,Manirul Mondal
802827105365400_1394911414534946,Bipasha Mallick
802827105365400_7826004697516289,👍🏻👍🏻
802827105365400_1852322188608765,Banerjee Koushik
802827105365400_866668815356331,"শুধু কি চাকরি ক্ষেত্রেই হবে? নাকি যে কোনো ক্ষেত্রে যেমন ব্যাংকিং csp তে লাগে তার জন্যেও করতে পারবো কি?
বা csc এর জন্য ।"
802827105365400_496287439532127,"Great initiative 👏🏼👌🏼
Thank you West Bengal Police ❤️"
802827105365400_530494859398831,Great 👍
802827105365400_1250202355967872,Thankyou sir g
802827105365400_1439140610136471,Thank you
802827105365400_1186889789326487,Thanks
802827105365400_8177263792319737,Good initiative
802827105365400_8130763873654501,Sob bujlam but Last a RECORD VERIFICATION FOR PCC OTA KI (OR KAJ TA KI)
802827105365400_1015677043489793,Thank you West Bengal Police ❤️
802827105365400_1524240921634859,Khub valo. Amar somoi chute chute gham vese gechilo.
802827105365400_846200650382018,Thank you 🙏 Sir ❤️
802827105365400_2266114750421667,"পুলিশ ভেরিফিকেশন অনলাইন এপ্লাই  এবং পেমেন্ট করার পর। সংশ্লিষ্ট থানা থেকে ফোন করে  ডকুমেন্ট নিয়ে দেখা করতে বলেছেন।
 আমি জানতে চাই অনলাইনে এপ্লাই করার পর ডকুমেন্ট নিয়ে থানায় দেখা করার কোন নিয়ম কি আছে? West Bengal Police"
