,Unnamed: 0,POST_ID,CAPTION,REACTION_COUNT,COMMENT_COUNT
0,0,692583847600758_802827105365400,"PCC( Police Clearance Certificate) এবার রাজ্যজুড়ে অনলাইনে 

সকলেরই জানা, চাকরি পাওয়ার পর নিয়োগকারীর কাছে জমা দিতে হয় PCC বা Police Clearance Certificate। এই শংসাপত্র থেকে নিয়োগকারী নিশ্চিত হতে চান, চাকরিপ্রার্থীর অপরাধের কোনও পূর্বইতিহাস আছে কিনা। এই PCC এতদিন অনলাইনে পাওয়া যেত শুধুমাত্র কলকাতা পুলিশ এবং বিধাননগর পুলিশ এলাকায়।  

আনন্দের খবর হল, অনলাইনে PCC-র জন্য আবেদন করা এবং শংসাপত্র পাওয়ার সুবিধে আজ থেকে রাজ্যের প্রতিটি জেলায় পাওয়া যাবে। আপনি যে কমিশনারেটের বা পুলিশ জেলার বাসিন্দা, তার ওয়েবসাইটে গিয়ে খুব সহজে আপনি অনলাইনে PCC-র  জন্য আবেদন করতে পারবেন একটি App-এর মাধ্যমে, যে App-টি যৌথভাবে তৈরি করেছে রাজ্য পুলিশের CID এবং তথ্যপ্রযুক্তি দফতর।

পুরো প্রক্রিয়াটি দেখার জন্য নিচের লিংকে ক্লিক করুন 👇

https://drive.google.com/file/d/1E_2hjZ_vEGuwtqEo7eSPt0EUoIjpthc2/view?usp=drivesdk",1432,82
