COMMENT_ID,COMMENT
837689381879172_822417063397710,কোনো মহিলা যদি মিথ্যে মামলা করে   **সেই মহিলার কি সাজা আছে
837689381879172_540070398684578,Avijit Ghosh F
837689381879172_363360736843897,Tuhin De কর্ম ক্ষেত্র ছাড়া   বাহিরের ক্ষেত্র  তেউ দেখুন কিছু বিবাহিত মেয়ের মা  জামাই এর বিরুদ্ধে  মিথ্যে অভিযোগ  করে  সেই সব মায়ে দের জন্য 10বছর জেল  হয়
837689381879172_1505738403647058,"Avijit Ghosh,,, এখানে বলে কিছুই হবে না।।।। কারন আইনের একটা ধারাও পুরুষের পক্ষে নয়।।। মহিলাদের জন্য আইনের ৭০-৭৫ টা ধারা আছে।।।। আর এটার জন্য মহিলারা বহু বছর ধরে লড়াই করেছে এবং এই আইনের ধারা আরোও বাড়ানোর জন্য এখনো লড়াই করে চলেছে।।।।। কিন্তু পুরুষরা এটা নিয়ে কোনোদিনই মাথা ঘামায়নি আর আজও মাথা ঘামাচ্ছে না।।।।"
837689381879172_919746563306897,"Avijit Ghosh go the Hon'ble High Court filed a Quasing Proceeding Petition...then filed a Civil Defamation,Criminal Defamation case."
837689381879172_1539042093369529,"কোনো পুরুষকে যদি কোনো মহিলা এই sexual হেনস্থা করে, সেই ক্ষেত্রে কি হবে।"
837689381879172_496695563290211,Bappa Raj sexual harrasment case hobe with evidence and witness
837689381879172_1682737752569766,"Bappa Raj,,, কিছুই হবে না।।।। কারন না আছে পুরুষ কমিশন,, আর না আছে পুরুষের জন্য আইনের কোনো ধারা।।।।। 
তবে ঐ পুরুষের বিরুদ্ধে মানহানির মামলা হবে।।।।"
837689381879172_458209503847366,Harendra Nath Mondal আপনি নিশ্চিত!!!
837689381879172_1816566438868928,"আমার মনেহয় লিঙ্গ নিরপেক্ষ আইন আমাদের উদ্দেশ্য হওয়া উচিৎ??
পুরুষ সত্যিই অসহায় একতরফা আইনে।
এখনো এদের মধ্যে অনেক পুরুষ বা মহিলা আছেন যারা বিশ্বাসই করতে পারেনা যে পুরুষ মানুষও মোল্লেস্ট এর স্বীকার হয়।
কিন্তু সে কোথায় জানাবে?? 
ভাবুন কতোটা অসহায় সে।
মিথ্যা নির্যাতন মামলা ৭০ % খোরপোষ এর  জন্য,,, অনেক।। আমার না NCB রিপোর্ট।
 এই ভয়ে অনেকে বিয়ে করে না 😞😞"
837689381879172_444726384601494,Bappa Raj যথাযথ প্রশ্ন
837689381879172_1723041888446098,"498A , pocso র কী পরিমাণ মিসইউজ হয় সেটাও দেখা ‌। এই ঘটনার পরে পাবলিক ট্রান্সপোর্টে ট্রাভেল করা ভয়াবহ রকমের চাপ খেতে হবে । আইনটাই তো আগে arrest. ঠিক ভুলের হিসেব পরে হবে"
837689381879172_1034853898321661,🙏🥇🥇🇮🇳🇮🇳🌟🌟RESPECTED SIR🇮🇳🇮🇳 BIBI JI ADDL SP STF OFFICERS WEST BENGAL JAI HIND BEST WISHES GURU JI GOD BLESS 🇮🇳🇮🇳🌟🌟🥇🥇🙏
837689381879172_867086022015913,It's a good decision of west Bengal Police
837689381879172_1030788498789287,Jai hind
837689381879172_412014904857671,Very good
837689381879172_2238978363108524,Jai Hind mam
837689381879172_888587133156987,Well said
837689381879172_489273353911108,"Mam, ভালো হয়েছে প্রেজেন্টেশন।🙏"
837689381879172_1546043745993818,খুব সুন্দর হয়েছে আপনাদের জন্য আমরা ভালো থাকতে পারি আপনার ও ভালো থাকবেন ধন্যবাদ আপনাদের সবাইকে
837689381879172_1068163925018374,পশ্চিমবঙ্গ পুলিশ প্রশাসনের প্রতি আমি একজন নারী হিসাবেই কৃতজ্ঞ।
837689381879172_850516897208699,Very nice
837689381879172_490117567158477,পুরুষের ক্ষেত্রে যৌন হ্যানস্থা হলে সেখানে কি ব্যবস্থা করা যাবে ?
837689381879172_3580370005513995,যে মানুষ পুলিশ অফিসারের পরিচয় দিয়ে ফটো দিয়ে মানুষের সাথে মিথ্যা প্রতিশ্রুতি দেয় এবং ছলনা করে একজন পুলিশ অফিসার সেজে। মানুষকে ব্ল্যাকমেল করে তাদের কি করা উচিত
837689381879172_1056202835863324,West Bengal Police
837689381879172_480991228102413,খুব সুন্দর
837689381879172_1081761079977042,Law gender neutral kbe hbe?
837689381879172_384845237825098,Jodi henostar proman na thake??
837689381879172_504032122256086,"ম্যাডাম যদি কোন মহিলা Female Gender Specific Section Missued like Sextual Harassment,Molestation,Eve teasing etc তার বিরুদ্ধে কি কি পদক্ষেপ নিতে পারবেন আপনি?"
837689381879172_851821920434768,
837689381879172_892651346051150,
837689381879172_1900695060443877,💚💚💚
837689381879172_793706222704262,.
837689381879172_489724257311820,🙏❤️
837689381879172_1246814366226656,"কোনো মহিলা যদি মিথ্যে মামলা করে বা মিথ্যে কেসে ফাঁসাই,

**সেই মহিলার কি সাজা আছে?"
837689381879172_1051808569238602,"Akash Halder,, সেটা আপনাকেই প্রমান করতে হবে,,,  তবে জেলে বসে।।।।। তারপর যখন জেল থেকে বেরোবেন,,,,,  তখন যদি প্রমান করতে পারেন,,,  তবে মহিলাটিকে আপনার কাছে হাত জোর করে ক্ষমা চাওয়ানো হবে,,, ব্যাস এটুকুই।।।।।  মনে রাখবেন এটা যৌন সংক্রান্ত মামলা,,, এখানে জামিন হয় না।।।। খুন, চুরি, ডাকাতি ইত্যাদি আলাদা কেস,,,, এতে তাও জামিন হয়।।।।"
837689381879172_442214155509657,"Santanu Dey আমি এর জন্যই বলছি লিঙ্গ নিরপেক্ষ আইন আনা বিশেষ দরকার,,,
আসুন আমরা সরকারের কাছে আবেদন করি।।।
আমার মনে হয় অনেক মহিলাও আমাদের মান্যতা দেবে।।।
কারণ আসল সত্য তো তারাই জানে।।"
837689381879172_2252291455128063,Very good
837689381879172_488396900628877,Very good
837689381879172_838470234723435,
837689381879172_491692190368562,"What's about civic police???who r they???why they r stopping our vehicle ??? R u guys following the ""CONSTITUTION""  !!!???? WHO GAVE their permission to stop our vehicle?????!!! Sotti ekhan sudhu ekta e ktha mone pore ""BICHARER BANI NIROBE NIBHRITE KANDE!!!""🙏🙏🙏🙏"
837689381879172_782453117201039,RG KAR ER CASE TAI POLICE TO OPPOSITE KORLO
837689381879172_887771269902796,আর জি করের মত ঘটনা ঘটলে পুলিশের ঠিক কি করনীয়?
837689381879172_444586671274635,Dipankar Mondal proman lopat korbe sudhu
837689381879172_1547022312607703,R jodi proman lopat korte hoy??? She bishoye ke help korbe? Chena keu ache with expertise?
837689381879172_3209721962491347,"Baba ma gulo sothik siksha dite parchena 
Apologies doshi parents ,then politicians"
837689381879172_537453871981360,"Jekhane police proman lopat er vumika ney. Sekhane law dekhiye ki hobe mam?
Jekhane police ekta just sasok dol er hater putul matro sekhane justice paoa jay naki mam?
Please merudondo ta soja kore nije der actual power ta thik jaygay dekhan..
Police er kaj sudhu eta noy aam public signal break korle r rastay gari niye darale, case diye harrassment korbe.."
837689381879172_538280595387852,আর কোনো নেতার ছেলে অপকম্মটি করলে পুলিশ ঠিক কী স্টেপ নেবে?
837689381879172_757706846429657,"আমার এলাকায় , কয়েক জন বাংলাদেশী এসেছে ,,,
সেটা আমি আমার লোকাল থানা তে complain করি,, pundibari police station....

Sa** গুলো , কোনো action e নিলো না ।।।

মুখে টাকা গুঁজে রেখেছে ।"
837689381879172_1215959596110244,"Sabkichu e sunlam apnar ktha!!! Sorry to say State of West bengal under threat,law and order situation also!!!police is absolutely non existent!!! U guys r following the rules(not the constitution!!!) whatever ""NABANNA "" forcing u to obey their own rules!!!! I can understand ur compulsion!!!! Now new trend is ,"" IF U TELL SOMETHING ABOUT AGAINST THE CRUEL, UNWANTED  CORRUPTION IN ANY DEPARTMENT ""then the RULING GOVERNMENT again forcing U TO TAKE ACTION AGAINST US!!!!  FOR WHAT??? (BECAUSE WE R NOT FOLLOWING THE CONSTITUTION'S RULE !!!) IS THIS DEMOCRACY???? But LAW AND ORDER and also CONSTITUTION never ever effets when an M.P, M.L.A ,EVEN SOMEONE LIKE .(""PARAR NETA) who did and continuously doing atrocity!!!! I'm not against u and we r not 🙏🙏🙏,I'm not a politician, I belong to a poor family 🙏🙏🙏 being a responsible citizen I think I can raise my voice against what's wrong happening  in our (MATRIBHUMI) WEST BENGAL!!!!😔😔😔"
837689381879172_1030235835269651,"Perpetrators উচ্চ ক্ষমতাশালী হলে  আপনার ব্যবস্থা নেবেন, guarantee আছে কিছু?"
837689381879172_535162279004149,"I appreciate for the complement by heart but my state police capability capacity and strategy not a valuable because identification, investigation, intelligence information, arms do not issue my state Government and Central Government and do not positive thinking use that's the problem🇮🇳🙏🏻"
837689381879172_1002180134929633,"পশ্চিমবঙ্গ পুলিশের কিছু ইন্সপেক্টর ইনচার্জ, পুলিশ ইন্সপেক্টর, পুলিশ অফিসার আছে যারা সুন্দরী মেয়ে দেখলে তাদেরকে সাহায্যের হাত বাড়িয়ে দেয় যখন কোন মহিলা থানায় কোন কমপ্লেন করতে যায় সেই কমপ্লেন তদন্ত না করে প্রথমে মেয়েটির whatsapp নাম্বার নেই ,ফোন নাম্বার নাই এবং তারপর তার সাথে বন্ধুত্ব করে  সাথে প্রেম করে তাকে বিভিন্ন হোটেলে নিয়ে যায় এবং তাকে বিভিন্ন জায়গায় ঘুরতে ও নিয়ে যাচ্ছে ভালো ভালো হোটেলে নিয়েও যাচ্ছে এবং তাকে সাহায্য করে .আপনি যদি প্রমান চান আপনাকে আমি প্রমাণ দিয়ে দেবো. এই সমস্ত পুলিশ ইন্সপেক্টর,, পুলিশ অফিসার, পুলিশ ইন্সপেক্টর ইনচার্জ এবং মহিলাদের বিরুদ্ধে আইনত ব্যবস্থা নেয়া দরকার."
837689381879172_502418582394146,"পশ্চিমবঙ্গে অনেক ধান্দাবাজি মহিলারা আছে Age 20-35 যারা শিক্ষিত ছেলেদের মিথ্যা মামলায় ফাঁসিয়ে মোটা অংকের টাকা ইনকাম করছে .আর তাদের সহযোগিতা করছে পশ্চিমবঙ্গ পুলিশের কিছু ইন্সপেক্টর ইনচার্জ ,কিছু পুলিশ অফিসার ,কিছু লেডি সাব ইন্সপেক্টর ,কিছু সিভিক ভলেন্টিয়ার .তাদের থেকে একটা পার্সেন্টেজ পাচ্ছে.
প্রমাণ চান আপনাকে হাতে-কলমে প্রমাণ দেখিয়ে দেবো."
837689381879172_1717655822328588,"এটা পুরুষ ও মহিলা সবার জন্য করা উচিৎ। শুধু মহিলা মহিলা করলে হবে না। 
কারণ এখনকার মেয়েরা অর্ধ উলংগ হয়ে reel video, এমনকি public place এও নানান কীর্তি কলাপ করে"
837689381879172_1210638700194902,"Diamond harbour 1, mohonpur -chand nogor r cheley Rohidulla mollik (chottu),er baba-nurujjaman mollik,e onek loker thekey relation korey chakrir namey taka tulchey,er namey 2/3 thanatey complain o g.d. achey,onek family k kadiyechey,er namey Diamond Harbour police station,parulia coastal,holdiya eisob police station e complain achey,but police kichu step neyni,ei cheley o er boner husband ra e racket ta chalacchey,er total family ei crime e involved,er namey kidnapping case achey,eto complain thaka sotty o er passport hoyegechey,e onek meyeder songey chitting korey relation korey beracchey.please mam ekey step nin."
837689381879172_1607816583420735,"অভিযোগ পুলিশ যদি না নেয় ? মানুষ তাহলে কি করবে? সবাই তো গুন্ডা! পুলিশ থেকে নেতা! 
মানুষকে আর কত মিথ্যে কথা বলবেন!

আপনারা আপনাদের গুন্ডা পুলিশদের সাসপেন্ড করবেন না তো কি করে ভালো পুলিশ জন্ম নেবে?"
837689381879172_964550672094126,At first #justiceforbirangona #justiceforRGKar
837689381879172_503810479186599,"ট্রাফিকে পুলিশের গুণ্ডা গিরি, কিছু কথা হবে............."
837689381879172_832361035646466,আমিও একজন সিভিক কোনো রকম এই হেনস্তার সু বিচার পাই নি আমার যতটা করার দরকার ছিল আমি করেছি আজ চার মাস ধরে উলটে আমারই পানিসমেট চলছে
837689381879172_1624921855018867,Useless
837689381879172_1033057914756049,"West Bengal Police Is there have rules againg Rap, so why you are not taking action? and why it's happening again and again? can you please explain?"
837689381879172_1046849990301561,আইন অনুযায়ী কি করনীয় কিভাবে করনীয় সেটা মনে রাখা সাধারন মানুষের কাজ নয়। তার জন্য জনগনের করের টাকায় পুলিশ প্রতিপালন করা হয়। রাজনৈতিক বা প্রভাবশালী শক্তির কাছে মাথা নত না করে পুলিশ নিজের কাজটা ঠিক মতো করলে এসব ভিডিও বানানোর প্রয়োজনীয়তা থাকতো না।
837689381879172_1575652709827968,Natok kom
837689381879172_546216561222242,"চানক্য বিদ্বান হয়েও ভুল করেছিলেন। ন্যায়বিচার চাইতে গিয়েছিলেন অহংকারী ধননন্দের কাছে। ন্যায় তো মেলেই নি, উল্টে রাজকর্মচারীরা চানক্যের শিখা ধরে টেনে মাঝরাস্তায় ছুঁড়ে ফেলে দিয়েছিলো। 

চানক্য আর বিচার চান নি। কারন চানক্য সেই মূহুর্তেই বুঝে গিয়েছিলেন অবিচারী, মূর্খ ও ক্ষমতালোভী শাসক বিচার দিতে পারে না। বরং ন্যায়বিচারকে আটকানোর সব প্রচেষ্টা সে করতে থাকে। সেই মূহুর্তে চানক্য স্থির করেন ন্যায়বিচার আসবেই, আর তা আসবে শাসক পরিবর্তনের মাধ্যমে।

পরবর্তীকালে নন্দের সমগ্র সাম্রাজ্যের চুলের মুঠি ধরে একইভাবে রাজপথে ছুঁড়ে ফেলে দেন চানক্য। প্রতিষ্ঠা করেন মৌর্য্যবংশ। রাজা হন রাজা চন্দ্রগুপ্ত। সেইদিন থেকে ন্যায়বিচার পুনঃপ্রতিষ্ঠিত হয়।

মূর্খ শাসকের কাছে বিচার চাওয়া নিজের স্বত্তার অপমান। যে শাসক বা তার পারিষদবর্গ “ন্যায়” শব্দটি লিখতে গেলে কলম দু-খানা করে ফেলবে, তারা দেবে ন্যায় ? ন্যায় আসে পরিবর্তনের মাধ্যমে, সুশাসকের সুশাসনের মাধ্যমে, রাজধর্ম পালনের মাধ্যমে।

ন্যায় আসে নিজেদের সঠিক নির্বাচনের মাধ্যমে। সে বিচারে যেন ভুল না হয় ॥

~ সংগৃহীত ~"
837689381879172_536744828869788,আর কবে?
837689381879172_534999235740026,এই আইনটা কিন্তু তৃনমূলের জন্য নয়।
837689381879172_540153081906789,আপনাদের উপর আর ভরসা নেই
837689381879172_2206593713045418,"Manusher Pete jonmalei manush hoina 
Manush banate hoi..."
837689381879172_921418310019669,আপনারা সকল অফিসার নেতাদের কথা না শুনে নিজের দায়িত্ব সঠিকভাবে পালন করুন আমাদের রাজ্য আপনা থেকেই অপরাধমুক্ত হবে। আপনারা নিজেদের যোগ্যতায় চাকরী পেয়েছেন নেতাদের ভয় পাচ্ছেন কেন?
837689381879172_1708817196558682,"30 theke 90 diner modhhe  puro case tai palte jete pre ma'am bichar paoawa projonnto case ekhon ar egoi na ,,, aj ker somaj bebostha amader eta mene nite shikhiyechhe ma'am ,,,,, Amra prithibir shrestho shongbidhan  peyechhi thik-e kintu porichalanor jonno mon-manusikota pai ni ma'am..(kichhu vul, obanchito kotha bole thakle maf korben🖤🩷)"
837689381879172_1591711021689488,চটি চাটা শেষ হলে না কাজ করবে? কাজ করার জন্য দফতর থাকে। এখন তো কোন দপ্তরি নেই। থানা আগে থানা ছিল এখন থানা পার্টি অফিস হয়ে গেছে তৃণমূলের পুলিশরা আগে আইনের বই পড়তো এখন দিদিকে পড়তে পড়তে সময় চলে যায়। কুত্তা বিস্কুট খাবে বেড়াল পালাবে এইসব কবিতাগুলো যদি লিখেছে বেস্ট অফ দা কবি হয়েছে সেগুলো এখন কি হবে? কেউ তো পড়ে না। তাই থানাতে পুলিশের পড়ে। পুলিশকে যদি গিয়ে বলা হয় যে ওই পুরুষটি এরকম করেছে পুলিশ আনন্দে আত্মহারা হয়ে দেখবে কোন জায়গায় শিশির ফুটে যাচ্ছেনা সেখানে ডেকে ও একবার হাত দিয়ে নেবে।
837689381879172_1578691646365084,https://www.facebook.com/tistasampa/videos/1658315808345750/?mibextid=rS40aB7S9Ucbxw6v
837689381879172_2909393562557096,White politics-Back Up
837689381879172_8207327099353306,"every Indian knows the laws. it is law enforcement agencies to do their duties with letters and spirits of laws, with out fear and favor."
837689381879172_440001835717149,Fir nen ki .....lojja kore na apnk diya apnar senior e video graphy korche .... Onk bolun video te aste
