COMMENT_ID,COMMENT
837023805279063_487409337444701,"পুলিশ এমন এক জোয়ান হলো..
যে, আমি আপনি যে হার কাপানো শীতে লেপের ভেতর শুয়ে থাকি, সেই হার কাপানো শীতে পুলিশ রাত জেগে জনগণের সেবা করে।
যে গরমের তাপে আমি আপনি বাড়ি থেকে বেরোতে চায়না, সেই তাপ সহ্য করে পুলিশ সারা দিন জনগণের সেবা করে রোদে পুড়ে।
কোনো বিপদ আপদে সবচেয়ে আগে যে ছুটে আসে..অর্ধেক খাবার থালায় ছেড়ে ছুটে আসে।
কোনো উৎসবে..আমি আপনি পরিবারের সাথে আনন্দ উপভোগ করি, আর পুলিশ সব মনের আসা আনন্দ, পরিবারের মনের আসা আনন্দ বলি দিয়ে জনগণের সেবা করে।
কেনো তারা কি মানুষ না..তাদের কি মন নেই..তাদের কি কোনো আসা আনন্দ নেই..তাদের কি পরিবার নেই..
তবুও তারা সব ছেড়ে হাসি মুখে নিঃসন্দেহে আমদের সেবাই নিযুক্ত থাকে।
আর আমাদের মনে তাদের জন্য খারাপ সমালোচনা ছাড়া কিছুই নেই, খুব দুঃখের বিষয় 😥😥"
837023805279063_804298728279601,MD Inzamul Hoque পুলিশের খারাপ কাজ জনগণের চোখে না পড়লেই খারাপ সমালোচনা করবে না। আর চোখে পড়লে সমালোচনা থেকে বাঁচতে পারে না ।
837023805279063_1338264350912892,MD Inzamul Hoque ❤️
837023805279063_903226974955169,"MD Inzamul Hoque karon sob police noy, Tobe kichu upor mohol er police Aaj bikri hoye geche."
837023805279063_920846709872496,MD Inzamul Hoque vai apnar kotha sune hasi chara r kichu aslo na
837023805279063_935077315328618,অসাধারণ খুব সুন্দর 👌
837023805279063_540169445339295,"MD Inzamul Hoque  age boluk supreme court e postmortem er challan dite keno pare ni Kapil sibal!!!! Challan chara post mortem holo ki kore? Health minister ke jobab dite hobe... Je doctor ra fail kore taka diye pass koreche tara future e koto jon ke marbe??? Hobe na protest esob niye!!!! Ar kobe, ar kobe, ar kobe???"
837023805279063_835080335075063,MD Inzamul Hoque রাজাবাজারে যে bike তুলতে গেলে পুলিশ কে ফেলে কেলালো তখন কই ছিলি চাদু?
837023805279063_509478385049929,MD Inzamul Hoque mamata ache bole tora thik achis nahole kangladash a pathia ditam .
837023805279063_829265195673672,MD Inzamul Hoque r tora ure ure lathi maris tader....😭
837023805279063_873410218066142,MD Inzamul Hoque  oi taka amke din amio korbo
837023805279063_1056103099454930,MD Inzamul Hoque comment ta poira hashi chara r kichu pailo na 🤣😂😂😂😂😂🤫🤫🤫🤫🤫
837023805279063_1045858320654417,"MD Inzamul Hoque একটা গুন মিস্ করলেন, প্রাণ খুলে ঘুস নেয়।।। নেতা বা তাদের চামচে অপরাধ করলে মায়ের মত তাদের রক্ষা করে।।। ইত্যাদি ইত্যাদি।।।।"
837023805279063_1036575747661245,MD Inzamul Hoque my go indian army jindavad
837023805279063_1087469646652281,"MD Inzamul Hoque পুলিশ কি দু'রকমের হয়, যেমন আমি জানি আর জি কর কাণ্ডের তদন্তের পুলিশ বালের"
837023805279063_843775134564349,"Supam Malakartumi pa chete civic naki parmanent 🤔.main kajgulo to tumi bloni, hoito Bhule gecho. Ami mone Korie di, jemon permit garir samne rastae hath Pete taka chaoa ,bangla mod vikrir commission, restate bike arohider theke taka, gorib sabhi /frout bikrir thela commission, parking commission, pick pocket commission,.................. Etc. Egulo apni Bhule giechilen, tai r ki mone Korie dilam. 😂😂😂😂😂"
837023805279063_1656414135141695,MD Inzamul Hoque তোমার কথায় আমি এক মত। কিন্তু ভাই অর্জিকরে এমন হলো কেনো।
837023805279063_1198761677842623,"MD Inzamul Hoque এখন আর ওসব বলে লাভ নেই , পুলিশ এখন দল দাস দালাল , আরজি কর কান্ডে প্রতিবাদ যারা করছে পুলিশ তুলে নিয়ে লকআপ করে দিচ্ছে মার ধর করছে , আর পুলিশ রাত জেগে থাকে টাকা কমানোর জন্য মানুষ এর সুরক্ষার জন্য না , পুলিশ যদি সচেতন থাকতো তাহলে হাসপাতাল এ ঢুকে একটা মেয়ে কে রেপ করে খুন করে সেই আসামি রা কি করে পালিয়ে যেতে পারলো পুলিশ এখনো বিচার করতে পারলো না কেনো , পুলিশ এর কাছে সাধারণ মানুষের জীবন বাঁচানোর থেকে টাকা কামানো  বড়ো  ব্যাপার,,"
837023805279063_1256752431993492,"MD Inzamul Hoque পুলিশ এখন রক্ষক না পুলিশ এখন ভক্ষক , সাধারণ মানুষ এখন পুলিশ কে ভরসা করে না বরং ভয় পায়, পুলিশ কে সাধারণ মানুষ সন্মান করে না  ধিক্কার জানায় , ক্রিমিনাল মাস্তান দের ও মন বলতে কিছু আছে কিন্তু পুলিশ এর মন বলতে কিছু নেই ,,"
837023805279063_886323453377919,"MD Inzamul Hoque  না দাদা তুমি একদম ঠিক বলেছ, কিন্তু বেশিরভাগ পশ্চিমবঙ্গের পুলিশ এত ভালো হয় না যারা ডেলি ড্রাইভিং করে পশ্চিমবাংলার বুকে 
তাদের কাছে একবার জিজ্ঞাস করে দেখো ভুজতে পারবে, আর পশ্চিমবঙ্গের বাইরের কোনো গাড়ি দেখলেই হলো তারা সেই গাড়ি গুলোর মধ্যে ড্রাইভার দেখে না দেখে হলো টাকা, সে গাড়ি খালি হোক আর ভর্তি, টা বলে আমি সব পুলিশ কে খারাপ বলব না
কিন্তু যারা একটু নিচু পোস্ট এ আছে তারা নিজেদেরকে 
অন্য কিছু মনে করে, কথা বলবেন কিন্তু কিভাবে কোথায় শুরুতেই যদি খিস্তি হয় তাহলে আর কি কথা বলবেন, 
আর সেই অন্যায় এর ওপর সাধারণ মানুষ যাদের কোনো পলিটিক্যাল সোর্স নেই কথা বলতে গেলেই 
এমন এমন কেস বলবে সেটা হয় তো আদেও আইনে নেই, so no hate, কিন্তু আপনি যেই কমেন্ট টা করেছেন সেটা পুরোপুরি বাস্তব না."
837023805279063_1184110956026852,MD Inzamul Hoque কাজের জন্য আমাদের ট্যাক্সের টাকায় স্যালারি পায়।
837023805279063_416575368114244,MD Inzamul Hoque
837023805279063_1449519285747366,"MD Inzamul Hoque  hasalen apni.
Amar mone hoy apnar ghore meye ney khali bou ache r chele ache. Tale ekta kaj korben chele k sekhaben jate meyeder respect kore chole ta oboso seta jodi apni kore apnake dekhe apnar chele sikhbe . R jodi meyeder respect na koren setao apnar chele apnake dekhei sikhbe."
837023805279063_1256495322049266,"অসংখ্য ধন্যবাদ পূর্ব বর্ধমান জেলার পুলিস সুপার আমনদীপ স্যার এবং তাঁর টিমকে। আমনদীপ স্যার হচ্ছেন সেই বিরল পুলিশ ব্যক্তিত্ব যিনি একজন সৎ ও মৌলিক ভাবনার আইপিএস। সবসময় নিজেকে আড়ালে রেখে, টিমকে কৃতিত্ব দেন উনি। স্যালুট ওনাকে।"
837023805279063_2156102344769194,Bitan Dutta Amandeep akon east bardhaman er sp? Hooghly thaka transfer HOA gacha nki?
837023805279063_436006105557505,Bitan Dutta apni ekdom sothik bolechen sir
837023805279063_500832062840277,Bitan Dutta salute 👏 total police administration team
837023805279063_437596585377793,West Bengal Police is our pride ❤️💖
837023805279063_1978695545925340,SK Jahirul
837023805279063_496527933313463,"SK Jahirul MD Inzamul Hoque  age boluk supreme court e postmortem er challan dite keno pare ni Kapil sibal!!!! Challan chara post mortem holo ki kore? Health minister ke jobab dite hobe... Je doctor ra fail kore taka diye pass koreche tara future e koto jon ke marbe??? Hobe na protest esob niye!!!! Ar kobe, ar kobe, ar kobe???"
837023805279063_527976246400130,SK Jahirul bal chire
837023805279063_377460538744103,SK Jahirul r hasao na bondhu pet er theke nari vuri beriye asbe
837023805279063_878541657087862,Nice innovative work to nab the culprit
837023805279063_1042611814197555,"Mrityunjay Banerjee aare eta sotti na, chitrayan."
837023805279063_1502248231174907,Great example of sensitized policing. 👍👍
837023805279063_326507157156446,"খুব সুন্দর হয়েছে।💚👍 এই ধরনের ভিডিও সমাজকে অনেক সচেতন করে তোলে। আরো অন্যান্য বিষয় নিয়ে ভিডিও তৈরি করুন। ধন্যবাদ পুলিশ প্রশাসনকে 🙏 #crimepatrol

আপনারা শেষ কয়েক দিনে যতগুলো যৌন নির্যাতনের খবর প্রকাশ করেছেন সেগুলো দেখে চিন্তা হয় এই দেশে নারীরা কি সত্যিই সুরক্ষিত?!"
837023805279063_1183073592972069,Great job 👏  🫡
837023805279063_1264855838278706,Great job #westbengalpolice
837023805279063_1641910989699343,"Biswas korun meyeta k jokhn or ma nie elo ok dekhe amar hatpa kapchilo kno janina.... even ami kotha bolte parchilm na few seconds... then I realized age treatment dorkar.. chute gechilm oder nie dr. Er kache.... r anurodh korechilm doctor age jeno or treatment den..... 😔😔 ....

 Ei noro pisach gulo somaj theke kobe mukti jabe bolte parben keo???? ...."
837023805279063_391188357357270,Police for 24 Hrs and a great success by team Purba Bardhaman
837023805279063_891040172886433,Great job...purba Burdhaman police✊
837023805279063_1068748181507083,So proud of our police force 💚
837023805279063_1755895781827869,"Amzad Mandal Hmm police er rong o sobuj
Love r colour ta darun
Amio vablam love react debo but sei colour ta lal hoe jabe
Tai react monei rakhun"
837023805279063_1205014050740936,ধন্যবাদ পুলিশ প্রশাসন 🙏
837023805279063_1022893213181941,Excellent job 👏👏
837023805279063_1052245342571293,Sir good job🙏🙏🙏
837023805279063_505879495504999,"Great job Entire Team, Salute 🫡🫡We are proud of you ❤️❤️💐💐"
837023805279063_1898494730644480,Great job
837023805279063_1980224112439547,Great job 👍
837023805279063_865604135533192,Great job sir excellent
837023805279063_837491181826120,Great job 👏
837023805279063_3937636579800030,Good job Sir
837023805279063_494918056689788,Great job 👏👏👏
837023805279063_1194790121814101,Great job👍👍👍👍
837023805279063_1894652571015863,Great job
837023805279063_1570714723519025,"Proud of our WBP team, great job Purba Bardhaman police force 👏 💐loke je jai boluk apnara achen bolei sadharon manush barite nischinte ghuman."
837023805279063_1186068449334804,Excellent job👏👏
837023805279063_384003497914527,Great job
837023805279063_448953954835807,Great job
837023805279063_897489738895624,Great job salut
837023805279063_500251519604791,Great job. Respect for West Bengal police
837023805279063_1241806933483736,Great job
837023805279063_1048972613282689,Great work 👏
837023805279063_821787480164230,Great job
837023805279063_1028688655381966,Great job
837023805279063_1038081564424478,Great job Sir
837023805279063_790839666327969,"Excellent work 👍
Good Job Purba Bardhaman District Police & Katwa PS well Done 🙏"
837023805279063_886352329524545,Great job Sir
837023805279063_1934602963687862,Good job
837023805279063_870831401289603,Great job
837023805279063_906561514623337,Great job 👍
837023805279063_1592206334841296,Great job indeed!
837023805279063_458145460018953,Great job sir excellent
837023805279063_1035060731218152,Great job Sir 💐
837023805279063_398172836646071,Great job sir 👏👏👏
837023805279063_1708398343305919,Great job 👏🎉👏 Purba Burdhaman police
837023805279063_458103054042219,Great job
837023805279063_529814699425457,Great job
837023805279063_1298693111099981,Great job 👍👍👍
837023805279063_1039149070760031,Great job 👏👏👏
837023805279063_8615507578459876,Good job 👏👏👏💯
837023805279063_513600001259173,"Great job,,"
837023805279063_848794637437790,Great job
837023805279063_2314713628920848,Great job sir....
837023805279063_497964613040787,Great job sir
837023805279063_402479555891686,Great job
837023805279063_1675994476577055,"স্যার আপনারা দেশের গর্ব ❤️

West Bengal Police দেশের মধ্যে সেরা!❤️"
837023805279063_3166089886867633,Great job sir
837023805279063_3573072309580053,Good job sir 👍🙏🙏
837023805279063_488063740669869,Great job 👏
837023805279063_2107266183021804,Great job sir 👏👏👏
837023805279063_3798560140461643,Great
837023805279063_3829081897368243,Great job
837023805279063_1777827749626096,Great job sir🙏🌹🌹
837023805279063_991905556279987,Good job
837023805279063_1788888945266527,Great job sir
837023805279063_1872090089979880,Great job
837023805279063_1209425260279243,Great Job 👍
837023805279063_2517395151783954,Sir Excellent performance Sir we are proud of Burdwan district police.👌👌👍👍🙏🙏🙏
837023805279063_1086861920046387,Great job sir
837023805279063_1061360558899048,Good Job
837023805279063_536261735529046,Great job 🙏
837023805279063_1236610211097185,Great job
837023805279063_1048882406931208,Great Work 👍
837023805279063_493481620159036,Great Job! WB Police always work very smart neutrally.
837023805279063_1485535582088926,"Chinmoy Saha MD Inzamul Hoque  age boluk supreme court e postmortem er challan dite keno pare ni Kapil sibal!!!! Challan chara post mortem holo ki kore? Health minister ke jobab dite hobe... Je doctor ra fail kore taka diye pass koreche tara future e koto jon ke marbe??? Hobe na protest esob niye!!!! Ar kobe, ar kobe, ar kobe???"
837023805279063_8068062849959229,"age boluk supreme court e postmortem er challan dite keno pare ni Kapil sibal!!!! Challan chara post mortem holo ki kore? Health minister ke jobab dite hobe... Je doctor ra fail kore taka diye pass koreche tara future e koto jon ke marbe??? Hobe na protest esob niye!!!! Ar kobe, ar kobe, ar kobe???"
837023805279063_1688097648654252,"great job, that's the services we want"
837023805279063_1367541967965573,Sir great job ❤️
837023805279063_899150312104797,Ashdharan sundor video excellent performances salute 👏👏 East burdwan district police great 👍👍 work 👏 thanks 🙏🙏🙏🙏👍 share korte pari please 🙏
837023805279063_1580963675830029,Ok Excellent job
837023805279063_566074652519010,Great job
837023805279063_537744598761386,Excellent job sir
837023805279063_865781892408480,Great job
837023805279063_1974260613021537,Great job sir
837023805279063_495916166561836,"Great job sir, 🫡"
837023805279063_1198323217956115,Great job
837023805279063_544334801443739,Great job sir 🙏🙏🙏
837023805279063_1173248417116072,Great Job
837023805279063_1579283732941926,Very good job
837023805279063_1301092294630452,Great job
837023805279063_511448841820454,Great job sir 👏👏👏
837023805279063_922949129891187,"অসাধারন উদ্যোগ , অনেক অনেক ধন্যবাদ পূর্ব বর্ধমান জেলা পুলিশ তথা পশ্চিমবঙ্গ রাজ্য পুলিশ প্রশাসন কে👍🙏"
837023805279063_8189135691179293,Good Job..... I'm proud my purba Bordhoman police......🙏🙏🙏🙏👍👍👍
837023805279063_543097451624030,Great job #WBP
837023805279063_1204337917478556,Great Job Sir.
837023805279063_1721799894890861,Great job
837023805279063_1024813315805400,Great job sir
837023805279063_529014386198111,Very good prompt needful action by IC katowa. Police have been recovered Raped accused who has Raped minor girl 4 years. We are glad to have  good work by police. Thanks 🙏 all Police personnel who have done this good work.
837023805279063_3933180680340668,Great job 👍
837023805279063_487673850765138,Good job
837023805279063_3996500613956260,"Good massage. Religion means realizations nothings else. Everything can be sacrifice for truth, but truth can't be sacrifice for anything else. Swami Vivekananda Faith on God. All the days are nice Trust on God Namaste 🙏"
837023805279063_1065100098657284,Great job sir
