COMMENT_ID,COMMENT
837166868598090_3918742961703503,Great job.
837166868598090_1069944844801465,"আচ্ছা।মানে বিবেক দংশনটা কাটিয়ে দিলেন পরেরটুকু দিয়ে। যাতে পরদিন চটিদির আজ্ঞায় লাঠিপেটা করলেও সংশয় না থাকে?না হলে বাসযাত্রীদের  কেউ উকিল কেউ ব‍্যবসায়ী কেউ গৃহ সহায়িকা বা কেউ গৃহবধূ কেউ বা অবসরপ্রাপ্ত থাকতেই পারেন। উল্লেখ করলেন শুধু একটি। উফফফফ,ধীরে ধীরে আপনারাও রাজনীতিবিদ হয়ে উঠেছেন। অবসর নিলেই তৃণ পদালঙ্কার করবেন। শুধু আম পাবলিকই অবুঝ রয়ে গেল।🙏"
837166868598090_858239239350825,"""সকলের তরে সকলে আমরা, প্রত্যেকে আমরা পরের তরে""
ঘটনা চক্রে স্বাস্থ্য ভবনের সামনের ঘটনাটি আমারই সামনে হয়। আন্দোলনরত জুনিয়র ডাক্তাররা নিজেরাই উদ্যোগী হয়ে এগিয়ে এসে আমার মহিলা সহকর্মীর প্রান বাঁচান। 
আবার আন্তরিক ধন্যবাদ এবং অকুণ্ঠ কৃতজ্ঞতা জানাই চিকিৎসকদের 🙏🙏"
837166868598090_825152802778237,Mrityunjay Banerjee আমরা প্রত্যেকেই একে অপরের পরিপুরক 🙏
837166868598090_1861046834417072,"Mrityunjay Banerjee বেশিরভাগ ডাক্তারই ভালো আর মানবিক, আমার আপনার ডিএর টাকা তো মারছেই, ডাক্তারদেরও ন্যুনতম পরিকাঠামো দিচ্ছে না। কে সেটা বলতে হবে নাকি?"
837166868598090_3819030831745584,Mrityunjay Banerjee ভারতের যাতের পিতৃ পরি**চয় নেই তারা আমাকে বাবা ডাকতে পারেন
837166868598090_1031810898441985,কি অবস্থা দেখুন! আমরা সকলেই জানি সকলের তরে সকলে আমরা! কিন্তু এই আমরাই কোথায় যেন একটা বাঁধা পড়ে আছি। সকলেই হয়তো বুঝছি ঠিক কোথায় সমস্যা। কিন্তু আসল সমস্যা উপড়ে ফেলতে পারছিনা।
837166868598090_991354409411559,Amrita Panda Ek Dom thik bolechen
837166868598090_406865538745400,"পুলিশ ও ডাক্তার, এঁনারা তো একে অন্যের পরিপূরক, এমনটাই তো হওয়া বাঞ্ছনীয়। খুব ভালো কাজ হয়েছে 🙏"
837166868598090_1063935145736282,এই রকম পুলিশ পশ্চিমবঙ্গবাসী চায় যারা সমাজের জন্যে কাজ করবেন ।
837166868598090_1913682769137332,"মানুষ মানুষের জন্য, জীবন জীবনের জন্য। পুলিশ ও ডাক্তার দুজনেই বিপদের বন্ধু 🙏🙏🙏"
837166868598090_1728943854544278,Saju Talukdar ভারতের যাতের পিতৃ পরি**চয় নেই তারা আমাকে বাবা ডাকতে পারেন
837166868598090_497124543166138,সকলের তরে সকলে আমরা ….
837166868598090_762830575911600,"Great job by Junior Doctors & Police. ❤️
আপনারা আমাদের সমাজের ভীষণ গুরুত্ত্বপূর্ণ দুটি অংশ, আপনাদের মধ্যে কখনই যেনো দ্বন্দ্ব না বাঁধে এমন কামনাই করি।"
837166868598090_312117768627322,"সব পেশাতেই ভালো খারাপ থাকে - পুলিশ ও ডাক্তার উভয়েই সমাজ বন্ধু, সব ঠিক হয়ে যাক এটাই কাম্য"
837166868598090_425001566770401,"এক অপরের পরিপূরক..
শ্রদ্ধা ও নমস্কার জানাই..🙏🙏"
837166868598090_869278761804513,এই রকমই কাজ করবেন আশা করি। পথে ঘাটে আপনাদের দেখলে মানুষ যেন নিরাপদ বোধ করে। আপনাদের দেখলেই মানুষ যেন ভয়ে অন্য পথ না খোঁজে।
837166868598090_1172742867325477,ডাক্তার এবং পুলিশ এর প্রথম এবং প্রধান কাজ হচ্ছে মানুষের সেবা করা ।
837166868598090_1966935593747506,Ajoy Mukharjee ভারতের যাতের পিতৃ পরি**চয় নেই তারা আমাকে বাবা ডাকতে পারেন
837166868598090_1110259187099216,"""সবার উপরে মানুষ সত্য, তাহার উপরে নাই"" ✊✊"
837166868598090_841306661314533,"Great humanitarian efforts by Junior Doctors and Team Jhargram Police . 
 Salute to all members for their sincere efforts. 🙏🤝💐🙏"
837166868598090_506321982126349,"Doctor এবং পুলিশ দুটো profession এর কাজ হচ্ছে মানুষের সেবা করা 
আপনাদের সবাই কে ধন্যবাদ"
837166868598090_1622645384960304,"খুবই সুন্দর লাগল, রাজ্যের প্রশাসন এর মানুষ ই যদি খারাপ হয়ে বসে থাকে তাহলে আমাদের মত সাধারণ মানুষ যাব কোথায় 😔😔 অচল অবস্থা কেটে উঠুক, পুলিশ ও dr সাথে প্রশাসন এবং মানুষ সকলেই মানবিক হোক 🙏🙏 এর গায়ে ওর গায়ে থুতু ছুঁড়া ছুঁড়ি বন্ধ করে মানুষ হয়ে বাঁচুক সবাই । 🙏🙏  ।।

সত্যিই খুব ভালো খবর এত কষ্টের মাঝেও"
837166868598090_528120586352728,Salute to all Sir..
837166868598090_1023445875942584,খুবই সত্যি কথা। সবাই সবার পরিপূরক আমরা। সেইজন্যই আমরা সমাজবদ্ধ জীব।
837166868598090_2523065021415374,Great job sir 🙏
837166868598090_537839578807218,দ্বিতীয় অংশ টা কেউ দিচ্ছে না
837166868598090_1631627010741710,"মানুষ মানুষের জন্যে , প্রত্যেকে প্রত্যেকের পাশে দাঁড়ালে সমাজটা ভীষণ সুন্দর হয়ে উঠবে"
837166868598090_2017988328599300,এই অটুট বাংলাই তো আমরা চাই।।।।❤️☺️☺️
837166868598090_3971234919830459,Great job sir
837166868598090_831184805796199,Great job sir ❤️❤️❤️❤️🫡🫡🫡
837166868598090_1734642514010320,Etai toh chai. Thank you Doctors and Thank you West Bengal Police.
837166868598090_1216799732796795,এটাই তো হওয়া উচিত একে অপরের।
837166868598090_1124828605659541,সকল ওয়েস্ট বেঙ্গল পুলিশকে স্যালুট জানাই।
837166868598090_1265555697695422,এক দপ্তর জীবন রক্ষা করেন আর এক দপ্তর জীবন ফিরিয়ে নিয়ে আসেন  রাত দিন ডিউটি করে । পুলিশ এবং ডাক্তার এদের কাজের কোনো নির্দিষ্ট সময় না থাকার জন্য কত কিছুই কম্পমাইজ করতে হয় অথচ এমন কিছু মানুষের পৈশাচিক কর্মের জন্য আজ এক দপ্তর সুরক্ষিত থাকার জন্য অনুরোধ করেছেন আর এক দপ্তর তাদের দাবি মধ্যে কোনো প্ররোচনায় পা না দেন তার পাহাড়া দিচ্ছেন। আশাকরি এই এই মেলবন্ধন এ অভয়া বিচার পাক আর বেঙ্গল পুলিশ মাথা উঁচু করে প্রতিবারের মতো বলুক আমরা বিচার দিতে পেরেছি।
837166868598090_939343278000087,"West Bengal police..very nice job Sir,,,"
837166868598090_1587372732191005,"""সকলের তরে সকলে আমরা প্রত্যেকে আমরা পরের তরে""এটা মনে রেখে আপনারা সব সময় কাজ করুন।"
837166868598090_555062076949467,Manush hote vule gele cholbe na ...bachuk protita prani
837166868598090_860746942443275,"সমাজে সকলেই একে অন্যের পরিপূরক হয়েই বেঁচে আছি আমরা।
সমস্যা অন্য জায়গায়, আমাদের থেকেও ভালো আপনারাই জানেন।"
837166868598090_418776621320641,সবাই আমরা মানবিক। খুব ভালো লাগলো।
837166868598090_1538732823674246,Salute Sir All Police & Doctor.
837166868598090_372858432540793,Good Job Sir
837166868598090_1748908125643106,Great job sir 👏👏
837166868598090_1544706873084992,❤
837166868598090_482888638055207,🫡❤️
837166868598090_530620592776909,সম্পূর্ণ সহমত।।
837166868598090_856718489859438,Congratulations.
837166868598090_463268926172075,সত‍্যকে তুলে ধরার জন‍্য ধন্যবাদ।
837166868598090_1527242097876243,"Proud to be a part of rescue operation ( Jhargram) 😇

We are always with  nation  

JAI HIND 🇮🇳"
837166868598090_838381655068458,💞🙏💞
837166868598090_1040083064281273,Ei songbedanshilota ar sohomormita e amra sobai chai sob somoy 🙏
837166868598090_825457763073954,মানুষ মানুষের জন্য🙏🙏
837166868598090_1301010767940980,"Selute. Sir All Police,and.Doctor"
837166868598090_920591646772544,"খুব ভালো লাগলো পোস্ট টা দেখে। এভাবেই ঠিক টা ঠিক , ভুল টা ভুল বলা চলুক।"
837166868598090_1082564636784613,Congralution
837166868598090_1070506461352949,আন্তরিক ধন্যবাদ জানাই স্যার।।🙏
837166868598090_1000744798399152,স্যালুট ওয়েস্টবেঙ্গল পুলিশ 🙏
837166868598090_8191335817647827,"এই সময়, এই রকম একটা পোস্ট দেখে ভালো লাগলো।"
837166868598090_1043147314284543,মানুষ মানুষের জন্য
837166868598090_442776352138167,পোষ্টটির জন্য ধন্যবাদ।
837166868598090_1704225413661186,Saluted  sir
837166868598090_7830917690346149,Manus manuser jonyo
837166868598090_1175685040177092,"মানুষ মানুষের জন্য, জীবন জীবনের জন্য। একটু সহানুভূতি কি মানুষ দিতে পারে না ! ও বন্ধু,, মানুষ মানুষের জন্য।"
837166868598090_1040814597752950,সকলকে অনেক শুভেচ্ছা ও শুভকামনা জানাই 💐
837166868598090_8127804167303303,oder k bojhabe ...
837166868598090_1046000786860169,Salute janai Police & Doctor ke.
837166868598090_827789829339615,Khub khusi holam
837166868598090_443299892192635,EAKDOM SATHIK KOTHA SABAR SABAI KA DORKAR
837166868598090_402216326238259,Police always beside the people who have been facing problems . Police have saved them.Thanks.
837166868598090_490715203770706,"আমরা চাই বন্ধুত্ব পূর্ণ প্রশাসন,
যুক্তিপূর্ণ সমাধান।🫡"
837166868598090_1904334380086429,Onek din por ekta mon valo kora post
837166868598090_506935645376717,আমাদের জীবনের পূর্ণতা অন্যদের নিয়েই।
837166868598090_981491747110918,Salute 🙏🙏
837166868598090_1105983034266411,"Sustho somaj eivabei gore othe 
Eke onner bipode pase thakatai sobar duty"
837166868598090_529994822851988,Waiting for your status✊
837166868598090_398153106376540,"দুই পেশার মানুষজন, যারা এই তৎপরতা দেখিয়েছেন, তারা অবশ্যই মানবিক মুখ।"
837166868598090_1615039162395540,সত্যি খুব ভালো খবর।।এই ভাবেই তো আমরা সবাই বেঁচে আছি
837166868598090_414183475020514,খুব সুন্দর কাজ
837166868598090_545707318147717,❤️🙏🏼
837166868598090_1446031159444221,"Salute to West Bengal Police ❤️🙏❤️
Salute to Kolkata Police ❤️🙏❤️"
837166868598090_1216644926321702,Khub valo laglo
837166868598090_4019280548393802,"যেমন সব মানুষ খারাপ হতে পারে না ঠিক তেমনি প্রত্যেকটি বিভাগের কর্মরত মানুষ‌ও খারাপ হতে পারে না। যার জন্য আজ‌ও মানব সভ্যতা টিকে আছে।
ধন্যবাদ সবাইকে"
837166868598090_1043104967053806,
837166868598090_1056946332518902,
837166868598090_2313898532322614,💗💗💗💗
837166868598090_1075250434304038,🙏
837166868598090_1479449262753405,❤️❤️
837166868598090_1578964439643062,♥️💚♥️
837166868598090_1079920220330220,❤️❤️❤️
837166868598090_1689425805181447,💚💚💚
837166868598090_399717689532630,🙏🙏🙏🙏
837166868598090_530110846181621,🙏🙏🙏🙏
837166868598090_1061521302352560,🙏
837166868598090_2066340557097056,❤️❤️❤️❤️❤️
837166868598090_535353548959945,👏👏👏
837166868598090_1036876784749998,🙏🙏
837166868598090_1031166878551565,🙏🙏🙏🙏🙏🙏🙏
837166868598090_8073393202777403,🙏🙏🙏
837166868598090_397224159810713,🙏🙏🙏
837166868598090_995610319029621,🙏🙏🙏🙏🙏🙏
837166868598090_26583524921261912,❤️❤️
837166868598090_533885655959376,❤️💯🙏
837166868598090_1674403213408845,🌹❤️
837166868598090_875490134108761,🙏🙏
837166868598090_3478378772470467,❤️
837166868598090_1051143386744551,🙏🙏
