,POST_ID,CAPTION,REACTION_COUNT,COMMENT_COUNT
0,692583847600758_837166868598090,"সকলের তরে সকলে আমরা, প্রত্যেকে আমরা পরের তরে 

দুটি ঘটনা।

ঘটনা এক, গত রাত্রে বিধাননগরের স্বাস্থ্য ভবনের সামনে কর্মরতা এক মহিলা পুলিশ আধিকারিক হঠাৎই অসুস্থ হয়ে পড়েন। শ্বাসকষ্ট হচ্ছিল তাঁর। সেখানে আন্দোলনরত জুনিয়র ডাক্তাররা নিজেরা উদ্যোগী হয়ে আমাদের ওই সহকর্মীকে পরীক্ষা করেন, ইনহেলার দেন, এবং তাঁকে নিকটবর্তী হাসপাতালে ভর্তি করানোর সময় দুই জুনিয়র চিকিৎসক সঙ্গী হন। সময়মতো হস্তক্ষেপ না হলে মহিলা আরও গুরুতর অসুস্থ হয়ে পড়তেন। আন্তরিক ধন্যবাদ এবং অকুণ্ঠ কৃতজ্ঞতা জানাই চিকিৎসকদের। 

ঘটনা দুই, ঝাড়গ্রাম পুলিশ জেলার ফাঁসিতলায় গত রাতে একটি ভয়াবহ পথদুর্ঘটনা ঘটে। একটি যাত্রীবাহী বাসের সঙ্গে সংঘর্ষ হয় একটি ট্রাকের। গুরুতর আহত হন একাধিক যাত্রী। এসডিপিও ঝাড়গ্রাম এবং আইসি ঝাড়গ্রামের নেতৃত্বে ঘটনাস্থলে ছোটে পুলিশ। গ্যাসকাটার দিয়ে বাসটির দরজা কেটে আহত যাত্রীদের দ্রুত হাসপাতালে পাঠানোর ব্যবস্থা করা হয়। আহতদের মধ্যে ছিলেন মেদিনীপুর মেডিক্যাল কলেজের পেডিয়াট্রিক বিভাগের একজন জুনিয়র ডাক্তার এবং তাঁর পরিবার। সময়মতো হাসপাতালে পৌঁছতে পারার জন্য ওঁরা এবং অন্যান্য আহত যাত্রীরা এখন বিপন্মুক্ত। 

সকলের তরে সকলে আমরা, প্রত্যেকে আমরা পরের তরে।",2594,106
1,692583847600758_837023805279063,"ড্রোনের সাহায্যে ধর্ষকের গ্রেফতারির ভিডিও-চিত্রায়ন 

সম্প্রতি কাটোয়ায় একটি চার বছরের বাচ্চা মেয়েকে যৌন নির্যাতন করে জঙ্গলে গা-ঢাকা দিয়েছিল অভিযুক্ত। ঘটনার বারো ঘন্টার মধ্যে ড্রোন এবং ড্র্যাগন লাইটের সাহায্যে অভিযুক্তকে গ্রেফতার করেছিল পূর্ব বর্ধমান জেলা পুলিশ। সেই ঘটনার বিবরণ আমরা কয়েকদিন আগে পোস্টও করেছিলাম। 

আজ একটি ভিডিও-চিত্রায়ন ভাগ করে নিলাম ঘটনার।",25061,133
