,Unnamed: 0,POST_ID,CAPTION,REACTION_COUNT,COMMENT_COUNT
0,0,692583847600758_813815420933235,No caption available,1938,43
1,1,692583847600758_813767220938055,"শান্ত থাকুন, শান্তি বজায় রাখুন 

কিছু স্থানীয় টিভি চ্যানেলে বাংলাদেশের বর্তমান পরিস্থিতি নিয়ে যেভাবে রিপোর্টিং হচ্ছে, তা খুবই দৃষ্টিকটুভাবে সাম্প্রদায়িক উস্কানিমূলক, এবং ভারতের প্রেস কাউন্সিলের নিয়মাবলীর পরিপন্থী।

দর্শকদের অনুরোধ, এই ধরণের কভারেজ দেখার সময় নিজস্ব বিচারবিবেচনা প্রয়োগ করুন, এবং মাথায় রাখুন যে চ্যানেলের দেখানো ফুটেজের সত্যতা কিন্তু কোনও নিরপেক্ষ তৃতীয় সংস্থা দিয়ে যাচাই করা নয়। একতরফা বিদ্বেষমূলক এবং বিভ্রান্তিকর প্রচারের ফাঁদে পা দেবেন না। শান্ত থাকুন, শান্তি বজায় রাখুন।",37885,0
2,2,692583847600758_813440857637358,"কীভাবে অনলাইনে পাবেন PCC? 

বিদেশে পড়াশোনা করার ক্ষেত্রে, সরকারি বা বেসরকারি চাকরি পাওয়ার ক্ষেত্রে, এবং আরও বিবিধ কারণে প্রযোজন হয় PCC, বা Police Clearance Certificate. কোনওরকম দৌড়ঝাঁপ বা ঝামেলাঝক্কি ছাড়াই এখন অনলাইনে মাত্র ৪৮ থেকে ৭২ ঘন্টার মধ্যে পেয়ে যাবেন PCC। কীভাবে? দেখুন সঙ্গের সংক্ষিপ্ত ভিডিওটিতে।

#PCCOnline #WBP",1370,138
