COMMENT_ID,COMMENT
830025119312265_397299446407159,🌹 Happy Police Day 🌹
830025119312265_1477964096256038,Happy police day 🇮🇳
830025119312265_1246624299828043,"Today, we pay tribute to the selfless heroes in uniform who have made the ultimate sacrifice for our nation’s security. Their courage continues to inspire us every day.’

Happy Police Day"
830025119312265_1854010955122691,Happy police day ..
830025119312265_3229058357230655,Happy Police Day
830025119312265_1442209746414706,"পশ্চিমবঙ্গ পুলিশ এবং শহীদ পরিবার যারা দেশের এবং জনগণের স্বার্থে নিজের প্রাণ বলিদান দিয়েছেন এবং সেইসব পুলিশদের যারা ঝড়, বৃষ্টি, প্রবল শীতের মধ্যেও গভীররাত অতন্দ্র প্রহরীর মত আমাদেরকে সেবা দিয়ে যাচ্ছে, তাদের সবাইকে পুলিশ দিবসের শুভেচ্ছা এবং অভিনন্দন। ❤️❤️❤️❤️

পুলিশের ঈদ হয়না, পুলিশের পুজো হয়না, তারা সারা বছর পরিবার থেকে বহুদূরে  আমাদের সেবায় নিয়োজিত।"
830025119312265_1562326501036089,Sohag Khan একটু ঘুষ নিতে বলো।।
830025119312265_816210204018093,🙏🥇🥇🌟🌟🇮🇳🇮🇳RESPECTED SIR🇮🇳🇮🇳🌟🌟 OBSERVANCE OF POLICE DAY SPECIAL DGP IPS RAJEEV KUMAR SIR 🇮🇳🇮🇳🌟🌟🥇🥇WB FULL TEAM OFFICERS SIR 🇮🇳🇮🇳🌟🌟🥇🥇JAI Hind BEST WISHES GURU JI GOD BLESS SIR 🇮🇳🇮🇳🌟🌟🥇🥇🙏
830025119312265_997509382122698,Best wishes for total Team.
830025119312265_1171442894086764,"HAPPY POLICE DAY :

সকল পুলিশ ফোর্স  দাদাভাইদের ""শুভ পুলিশ দিবস"" শুভেচ্ছা ও স্যালুট জানাই :

কোভিড-১৯ মোকাবেলায় নিজের পরিবার ও পরিজন ছেড়ে সর্বত্র আমাদের সুরক্ষার কথা ভাবার জন্য। আপনাদের জন্য আমরা রাত্রিতে শান্তিতে থাকতে পারি। ধন্যবাদ আপনাদের সমস্ত ত্যাগ ও বলিদানের জন্য।।

#HappyPoliceDay"
830025119312265_472637505752325,পুলিশ ফোর্স এর সঙ্গে যুক্ত সকলকে আমার তরফ থেকে স্যালুট জানাই। প্রতিনিয়ত আপনারা আপনাদের কর্তব্যে অবিচল থাকেন। তাই পুলিশ দিবসের দিন আপনাদের শুভেচ্ছা ও স্যালুট জানাই। ভালো থাকবেন সুস্থ থাকবেন।💐💐💚💚❤️❤️💐💐❤️❤️💚💚💐💐💚💚❤️❤️💚💚💐💐❤️💚
830025119312265_486111110891454,"""আজ,  আমাদের পুলিশ বাহিনীর সাহসিকতা, উত্সর্গ এবং নিঃস্বার্থতার প্রতি সম্মান জানাই। আমাদের সম্প্রদায়কে নিরাপদ ও সুরক্ষিত রাখার জন্য আপনাদের অক্লান্ত প্রচেষ্টা নজরে পড়ে .….। ন্যায়বিচার এবং সুরক্ষার জন্য আপনাদের প্রতিশ্রুতি অমূল্য। 
আপনারা প্রতিবার যে চ্যালেঞ্জ ও ঝুঁকির সম্মুখীন হন তা স্বীকার করি আমরা নাগরিক সমাজ...।
  দিন ও রাতে আমাদের নাগরিক সমাজকে যে পরিষেবা দেন তার জন্য আমরা নাগরিক সমাজ আপনাদের বাহিনীর প্রতি কৃতজ্ঞতা জানাই ....."
830025119312265_888038486540028,Good luck
830025119312265_1045163703999788,Doctor দের ন্যায্য প্রতিবাদ আটকানোর জন্য আমাদের 9 ফুট ব্যারিকেড দিতে হলো🤣🤣🤣।। Police day পালন করার আগে একটি নিজের মেরুদণ্ড টার স্কানে করেন আপনারা 😞😞😞
830025119312265_1568065657120096,ধন্যবাদ পুলিশ প্রশাসন কে ১ লা সেপ্টেম্বর পুলিশ দিবস উপলক্ষে আপনাদের  সকল পুলিশ কর্মকর্তা দের কুর্নিশ আন্তরিক প্রীতি ও শুভেচ্ছা।।আমাদের পশ্চিমবঙ্গ পুলিশ এবং কলকাতা পুলিশ সর্বদা পশ্চিমবঙ্গের মানুষের পাশে দাঁড়িয়েছেন। আপনাদের  অবদানকে সম্মান জানাই।💐🙏
830025119312265_1036952817532673,"West Bengal Police পুলিশ দিবসে আপনাদের শুভেচ্ছা 🙏🙏
 
পুলিশ যারা জনগণের সুরক্ষায় রাত দিন কাজ করে, যারা করোনাভাইরাস এর সময় নিজের সুরক্ষা ছেড়ে মানুষের জন্যে কাজ করে গেছে, যারা দুর্গাপুজোয় সবাই যখন আনন্দ করে আর তারা সারা রাত জেগে মানুষের জন্যে পড়ে থাকে তাদের পরিবার,ছোটো ছোটো সন্তানদের ছেড়ে তারাও কষ্টপায় আমি অনুভব করি কারণ সেই মানবিকতা টুকু আমার মধ্যে আছে। কিন্তু তারা আজ ট্রোল কেনো হচ্ছে তার নিশ্চই কারণ আছে তাই না?সারদা দুর্নীতি তখনকার কলকাতা পুলিশ কমিশনার রাজীব কুমার এবং এখন কলকাতা পুলিশ কমিশনার বিনিত গোয়েল উনাদের কাজে মানুষ সন্তুষ্ট নন, কেনো আজ এত সংখ্যক মানুষ পুলিশকে ট্রল করছে! 
দয়াকরে আপনারা রাজনীতির প্রভাবমুক্ত হয়ে কাজ করুন, সারদা দূর্নীতি কত গরীব মানুষের কষ্টের জমানো টাকা ছিল সেটা কি কেউ বুজলো তার মানবিকতা দিয়ে, কেউ বোঝেনি।"
830025119312265_1035002751107230,Bibek Mishra troll sudhu cipiam ar bjp er kichu murkho Rai troll korche 😀
830025119312265_488669044014364,Itz Saddo সারদার টাকা মেরে খাওয়ার সময় কে বাঁচিয়েছিল মনে নেই ???
830025119312265_1366979408022770,Bibek Mishra are case to cholche ekhono kichu praman hoi ni to ami bolbo ki kore mithe katha bolte parbo na
830025119312265_1565818393968017,"১লা সেপ্টেম্বর পুলিশ দিবসে সর্বস্তরের পুলিশ কর্মীদের জানাই আন্তরিক প্রীতি, শুভেচ্ছা ও অভিনন্দন।"
830025119312265_986685173208172,"On Police Day, I extend my salute to each and every policeperson for their tireless services. I am deeply grateful to all of you and to your families for the daily sacrifices you make to ensure our safety and security. 🙏❤️"
830025119312265_1961868337590406,"কেউ দয়মন্তী সেন কেউ রাজীব কুমার।।

শুভেচ্ছা রইলো তাদের যারা কর্তব্যে অবিচল।💐"
830025119312265_2170526529997544,শুভেচ্ছা ও অভিনন্দন।
830025119312265_502675699383205,আপনাদের মতো পুলিশ সদস্যরা যখন কঠোর পরিশ্রম এবং প্রতিশ্রুতি দিয়ে তাদের দায়িত্ব পালন করতে সেখানে থাকে তখন জনগণ সর্বদা সুরক্ষিত বোধ করে। আপনাকে পুলিশ দিবসের শুভেচ্ছা💐🙏
830025119312265_874288387483351,আজ শুভ পুলিশ দিবসে পশ্চিমবঙ্গের পুলিশ এবং পশ্চিমবঙ্গের বিভিন্ন থানা গুলি আর ভারতের সকল রাজ্য পুলিশকে শুভেচ্ছা অভিন্দন
830025119312265_819686486986505,💞💐🙏
830025119312265_436373916107350,Great Contribution 😆
830025119312265_1047802913607330,Great contribution to society 😂😂😂
830025119312265_830379275539022,"পুলিশ দিবস,সমস্ত বাংলার পুলিশ প্রশাসন কে জানাই শুভেচ্ছা ও শুভ কামনা অভিনন্দন।আপনাদের সহযোগিতা সকলের দরকার।"
830025119312265_1236211847738046,প্রত্যেকটি সৎ পুলিশ অফিসার ও পুলিশ কর্মীকে স্যালুট জানাই jaihind
830025119312265_1537026967244402,😄😄😄😄
830025119312265_1042462854008547,এত ধৈর্য্যতার পরীক্ষা দিয়েছেন সেজন্য বাংলা তথা বিশ্বের অন্যতম প্রধান মানবিকতার রুপ শুধুমাত্র মাননীয় পুলিশ প্রশাসন আপনারাই। আমার🙏🙏
830025119312265_2823847647780656,Happy police day 🙏🙏l salute to all police officer 🇳🇪🇳🇪🇳🇪🇳🇪🙏🙏🙏🙏
830025119312265_847363403785786,I have also seen your great contribution at least 100 times.
830025119312265_2030713274010981,"Happy Police Day 👮‍♂️👮‍♀️
Salute to the entire Police forces for their immense contribution to our Society..🙏"
830025119312265_529786789712370,Proud to be part of this police family 🥰
830025119312265_492405213507035,"Happy Corruption Day... Police Day will truly be meaningful when not a single person in your department is involved in corruption. Nowadays, instead of upholding the Constitution of India, many are driven by power and bribes.

Happy Police Day to those officers who are genuinely honest and sincere in their duty."
830025119312265_3394651877335985,"Happy Police Day, Salute to you all in Police Force 🌹🙏"
830025119312265_1541042120168125,শুভ পুলিশ দিবস ♥️🙏♥️
830025119312265_398263366299933,ভালো থাক সুস্থ্য থাক সমস্ত পুলিশ বন্ধু ও তাদের পরিবার♥️👍
830025119312265_1187369349224795,Happy Police day
830025119312265_497304636256134,Happy police Day
830025119312265_478712885053016,"ছোট থেকে শুনে আসছি, পুলিশ পারেনা এমন কাজ নেই এবং তা অনেকাংশে সত্যি প্রমাণিতও হয় পুলিশ সবসময়ই একটা পজিটিভ ক্যারেক্টর সমাজে এইজন্য প্রতিটি বাচ্চা একদিনের জন্য হলেও স্বপ্ন দেখে, বড় হয়ে পুলিশ হবে। আপনাদের ভরসায় এখনো কোটি মানুষ রাতে শান্তির ঘুম ঘুমাতে যায় এই আশা নিয়ে এলাকায় পুলিশের গাড়ি টহল দেয় আপনাদের জন্য আসন্ন শারদীয়া টা শুভ-শারদীয়া হবে।
 মানুষের এই বিশ্বাস কে আপনারা মিশতে দেবেন না দয়া করে, আপনারা নিজেরা অবশ্য ই জানেন কোনটা ঠিক কোনটা ভুল, তবুও আপনাদের নিজেদের ডিপার্টমেন্ট এর কিছু মানুষের জন্য সম্পূর্ণ ডিপার্টমেন্ট এ কথা শুনতে হয় আপনারা নিজেরা এসব পুলিশ দের চিহ্নিত করে আলাদা করুন না হলে যতদিন যাবে তত পুলিশের সম্মান নষ্ট হবে,আমার ব্যক্তিগত ভাবে অন্যতম পছন্দের পেশা এটা সেটার সম্মান আপনারা রাখবেন আশাকরি, শাসক - বিরোধী ভুলে রাজনীতির উর্ধ্বে উঠে আপনাদের বিচার একদিন সাধারণ মানুষ দেখবে এই আশা রাখছি।
আপনাদের সকল কে পুলিশ দিবস এর অভিনন্দন।"
830025119312265_1180728469650387,Congratulations
830025119312265_496549843330381,Respect ❤️
830025119312265_518068500932142,পুলিশ দিবসে সকল পুলিশ কর্মী ও  পুলিশ পরিবারকে জানাই আমার আন্তরিক শুভেচ্ছা।
830025119312265_1234103747780198,Happy Police Day
830025119312265_2210565922640602,Happy police day
830025119312265_946672223888056,শুভেচ্ছা ও অভিনন্দন 💐
830025119312265_1059808802451718,Happy Police Day
830025119312265_1066169841692191,"আজকে পুলিশ দিবস কেন? পুলিশের ভূমিকা কি কি সমাজের প্রতি? কতজন আদর্শ পুলিশ আছে যারা সমাজের জন্য নিজেকে উৎসর্গ করেছেন? খুনি ধর্ষণকারী চোর ডাকাত এদের প্রতি পুলিশ কতটা সজাগ সব বিস্তারিত পোস্ট করুন জানতে বড় আগ্রহী। 
পুলিশের বর্দিকে স্যালুট সাথে সত্যিই যারা সমাজের জন্য কিছু ভাবেন বা করেন এমন আদর্শ পুলিসকে স্যালুট সবাইকে নয়।"
830025119312265_1047259060442802,শুভেচ্ছা এবং অভিনন্দন জানাই ﻿🙏
830025119312265_911620437444117,Happy Police Day 🇨🇮🇨🇮🇨🇮🇨🇮
830025119312265_523587376887071,"West Bengal Police মুখ্যমন্ত্রী ফোঁস করতে বলেছিল । Kolkata Police ফেক পোস্ট করে বসে আছে। এখন এদের বিরুদ্ধে মামলা হবে না। সেই পোষ্ট ডিলিট মেরে, নতুন পোস্টের  আবার কমেন্ট বক্স ও বন্ধ করে দিয়েছে। 😜😄"
830025119312265_1052361759588572,Great Contribution to TMC not society
830025119312265_1258500418846503,Happy police day
830025119312265_1205405590697733,Ilove police 🚨
830025119312265_862878302448459,Happy police day
830025119312265_1582853122585895,Good
830025119312265_427937456963867,Salute. WB POLICE ..... JAY HIND.
830025119312265_378222031814357,Happy Police Day
830025119312265_833887282205849,Happy  police  day
830025119312265_435220248915820,Happy police day
830025119312265_2213765008982982,Happy police day....
830025119312265_8092425050806215,Happy police day.Happy willful rape day.
830025119312265_923860329767718,Happy police day 💐
830025119312265_419003000701831,Happy Police Day...♥️♥️
830025119312265_1462329687802549,"পশ্চিমবঙ্গে পুলিশ না থাকলে রাজ্য টা আরো সুন্দর হত।
একটি সিভিক ভলান্টিয়ার মদ খেয়ে ধরা পড়ছে। যে ট্রাফিক সার্জেন্ট রা ছেড়েছে তারাও দোষী। তাদের কি সাজা হয়েছে???"
830025119312265_1260275591803046,"সুশীল সমাজ তথা রাজনীতিবিদদের কাছে একটাই আবেদন পুলিশ কে রাজনীতি মুক্ত করে দেখান। বাকিটা পুলিশ দেখিয়ে দেবে তারা কি করতে পারে।
 Happy Police Day❤️❤️"
830025119312265_822505973419935,আপনাদের কাছে সাধারণ মানুষের কিছু চাওয়ার নেই
830025119312265_1039004837809649,শুভ ঘুশ খাওয়া দিবস
830025119312265_527171466466888,Happy police day ✊🇮🇳
830025119312265_3862449207372133,Happy police day
830025119312265_885545652912571,বাংলার সকল পুলিশ পরিবারকে শুভেচ্ছা🙏🙏
830025119312265_3865199993702609,"https://www.facebook.com/share/v/w22PiQoJK3z4hjFD/?mibextid=oFDknk

তদন্ত করতে পারেন,  সবাইকে জানাবেন যদি ইচ্ছে থাকে। দিনহাটা শহর এর ঘটনা।"
830025119312265_525788910105690,🩵 Happy Police Day 🩵
830025119312265_521402667035372,"Happy police day  ,,,"
830025119312265_4613098295581451,Happy Police Day 💐🌹💐
830025119312265_1249199119403983,Happy Police Day 🙏🏻
830025119312265_1142973796798336,"1st September পশ্চিম বঙ্গ পুলিশ দিবস।
WE SALUTE OUR POLICE FORCE FOR THEIR GREAT CONTRIBUTION TO OUR SOCIETY 🫡👮 
#westbengalpoliceday
#policeday
#1stseptember"
830025119312265_1474481079938460,Happy police day 🇮🇳 🧿
830025119312265_1301134141257673,Happy Police Day💐💐🙏🙏
830025119312265_486703614284071,Happy Police Day 💐🇮🇳💐
830025119312265_1021796936339203,Happy police day🇮🇳❤️
830025119312265_1514985425812168,স্যার আপনাদের পেজের নামটা একটু চেঞ্জ করা দরকার। ওয়েস্ট বেঙ্গল পুলিশ না মমতা দিদির পুলিশ লেখা দরকার। বেশি খুলে বললাম না তাহলে আবার গায়ে লেগে যাবে
830025119312265_1206684463790087,Jay hind 🇮🇳❤️
830025119312265_26906567302290008,"Mr police jindabad, আপনারা আপনাদের সাহসিকতা ও সন্মান এর জায়গাটা ধরে রাখুন. Please protect West Bengal."
830025119312265_864947028972334,পুলিশ society তে contribution করে? ঘুষ ছাড়া ওরা কিছু করতেও চাই না
830025119312265_516875261301556,Happy Police day 🎉🎉
830025119312265_539814445057239,Jai hind
830025119312265_1475930546460366,You're doing amazing work keep doing like this 🫡
830025119312265_1444794662899904,Happy police day 💐
830025119312265_878864287448764,Jai Hind 🙏
830025119312265_533109722544273,"পাশপোর্ট রিনিউ, ভেরিফিকেশনে ঘুষ খাওয়া বন্ধ করুন।
সরকার বেতন দেয় না"
830025119312265_832728662283663,Happy Police Day 🇮🇳
830025119312265_481099491382999,Jai Hind
830025119312265_1935902806873909,Ar West Bengal Police  apnara maoist period bhule gechen??? Amra onek k hariyechi।  Keo na keo kauke hariyeche।। ভুলবেন না plz। এইটুকুই বলবো। তখন তো আপনারা একবারও বলেননি যে আমরা কর্মবিরতি চাই। 😢
830025119312265_741028444815855,Happy Police Day 💥
830025119312265_2734419820063109,Happy Police Day To all of you...
830025119312265_485003404338071,Sudip Das ajj bill tahole tui dibi 🤣🤣
830025119312265_490795507178181,Salute 🫡
830025119312265_503648039287111,Salute 🫡 Sir 🙏
830025119312265_1049481873343159,আপনারা ওয়েস্ট বেঙ্গল পুলিশ হয়ে উঠুন tmc police না হয়ে।
830025119312265_1930579394035428,⭐⭐⭐ POLICE
830025119312265_1497869597511644,এই দিনে ভুলে যাওয়া শপথ গুলো খানিক মনে করা দরকার।
830025119312265_533981465821886,"সকল পুলিশ কর্মীদের পুলিশ দিবসের অভিনন্দন।
Salute To West Bengal Police
🙏🏻🫡"
830025119312265_356742464177199,নর্দমার কীট দিবস
830025119312265_1163708968252349,Chamcha ra tolamul ee palbe r keu naa tai chamcha day naam deoya hok
830025119312265_2305644136450305,ncc cdt .thaka West Bengal Police  jawar sujog hoy
830025119312265_2503588286500710,"এটা সত্যি নাকি? 

https://tv9bangla.com/kolkata/kolkata-police-facebook-post-create-controversy-viral-on-social-media-1115179.html"
830025119312265_1039206268213264,আজ শুভ পুলিশ দিবসে পশ্চিমবঙ্গ পুলিশ এবং শহীদ পরিবার যারা দেশের এবং জনগণের স্বার্থে নিজের প্রাণ বলিদান দিয়েছেন  পশ্চিমবঙ্গের পুলিশ এবং পশ্চিমবঙ্গের বিভিন্ন থানা গুলি আর ভারতের সকল রাজ্য পুলিশকে শুভেচ্ছা অভিন্দন
830025119312265_806629418298056,পুলিশ গণতন্ত্রের রক্ষক। দেশে শান্তি-শৃঙ্খলা বজায় রাখা পুলিশের কাজ। পুলিশ ফোর্স এর সঙ্গে যুক্ত সকলকে আমার তরফ থেকে স্যালুট জানাই। কঠিন সময়েও যেভাবে আপনারা অক্লান্ত পরিশ্রম করে যান নিজেদের পরিবার-পরিজন ছেড়ে তা আমাদের কাছে গর্বের। প্রতিনিয়ত আপনারা আপনাদের কর্তব্যে অবিচল থাকেন। তাই পুলিশ দিবসের দিন আপনাদের শুভেচ্ছা ও স্যালুট জানাই। ভালো থাকবেন সুস্থ থাকবেন স্যার।
830025119312265_410758445361513,Pradip Debsena তাহলে পঞ্চায়েতের ভোটের সময় এতো ভোট লুঠ হয় কি করে?
830025119312265_3734733270172378,অনেক অনেক শুভেচ্ছা ও অভিনন্দন 🙏
830025119312265_1448700575839057,"Happy Police Day.💚💚 
West Bengal Police"
830025119312265_1154579655627506,"#Happypoliceday
#WeWantJusticeRightNow"
830025119312265_1023278736190008,#Happy_police_day
830025119312265_581554684393466,
830025119312265_1243754076800547,
830025119312265_1677287046443873,
830025119312265_883765523604580,
830025119312265_1019108479999811,🙏🙏🙏🙏
830025119312265_922690269902733,🙏
830025119312265_1204201354062696,🙏🙏🙏
830025119312265_1642894866505172,🚓🚓🚓🚓
830025119312265_1221017625985202,🙏🙏
830025119312265_1442719503097796,🫡🫡🫡💚👍🙏
830025119312265_476163738667027,🙏🙏
830025119312265_853852666695388,❤️❤️❤️
830025119312265_1714112882723329,❤️❤️❤️❤️❤️❤️
830025119312265_876260444413186,🙏🙏🙏🙏🙏
830025119312265_363673940134444,🙏🙏🙏🙏🙏🙏🙏
830025119312265_485952840933515,❤️🙏❤️🙏
830025119312265_1551925068731423,🙏🙏🙏
830025119312265_521523973584078,❤️❤️❤️❤️
830025119312265_897640602265022,🙏
830025119312265_1060986602060345,💙🙏💚
830025119312265_1431601614185614,🙏🏽🙏🏽
830025119312265_481555241343146,
830025119312265_1662281644312618,🙏🙏🙏
830025119312265_536420155701144,
830025119312265_2585033878337398,"Honoring the courage and dedication of our officers. Thank you for your service and sacrifice. Together, we build a safer West Bengal.#WestBengalPoliceDay #ServiceAndSacrifice"
830025119312265_1195747975012230,Big claps 😍
830025119312265_1043980220715812,অনেক অনেক শুভেচ্ছা ও অভিনন্দন 🙏
830025119312265_1016279310194832,"পুলিশ দিবসে সর্বস্তরের পুলিশ কর্মীদের জানাই আন্তরিক প্রীতি, শুভেচ্ছা ও অভিনন্দন"
830025119312265_486362317362404,"#ℍ𝕒𝕡𝕡𝕪ℙ𝕠𝕝𝕚𝕔𝕖𝔻𝕒𝕪 🫡
সকল পুলিশ প্রশাসনিক আধিকারিকে জানাই অভিনন্দন!! #যে_সকল_পুলিশ_কর্মী_রাস্তায়_নেমে_সমাজকে_সচেতন_করছেন_ও_স্বচ্ছ_করছেন_আপনাদের_সকলকে আজ 𝑷𝒐𝒍𝒊𝒄𝒆𝑫𝒂𝒚 তে জানাই অনেক অনেক শুভেচ্ছা..💐💐
আপনারা সুস্থ থাকুন ভালো থাকুন।"
830025119312265_519457580624402,"পুলিশ দিবসে সর্বস্তরের পুলিশ কর্মীদের জানাই আন্তরিক প্রীতি, শুভেচ্ছা ও অভিনন্দন
🙏🙏🙏"
830025119312265_483261354498957,আজ শুভ পুলিশ দিবসে পশ্চিমবঙ্গের পুলিশ এবং পশ্চিমবঙ্গের বিভিন্ন থানা গুলি আর ভারতের সকল রাজ্য পুলিশকে শুভেচ্ছা অভিন্দন ও ভালো বাসা
830025119312265_1752915318577539,আজ শুভ পুলিশ দিবসে পশ্চিমবঙ্গের পুলিশ এবং পশ্চিমবঙ্গের বিভিন্ন থানার পুলিশকে শুভেচ্ছা অভিন্দন 💐💐
830025119312265_833915248892925,"Saluting the bravehearts who laid down lives in the line of duty while maintaining law and order. 
🫡  🇮🇳

যেসকল পুলিশ অফিসার এবং পুলিশকর্মী আইনশৃঙ্খলা রক্ষায়, কর্তব্যরত অবস্থায় জাতির সেবায় জীবন উৎসর্গ করেছেন তাদের অভিবাদন জানাই। 

Kolkata Police. West Bengal Police.  
🧡🤍💚

#PoliceDay."
830025119312265_8330101300384902,"এতদিন যে কলকাতা পুলিশ ফোন করে পোস্ট ডিলিট করাতো,
আজ দেখলাম সেই কলকাতা পুলিশ নিজেদের করা পোস্ট ডিলিট করছে! 
দারুণ লজ্জার ব্যাপার. Chi chi"
830025119312265_1694047148081375,Choti chata ar kato din habe?
830025119312265_1290217895287795,"Happy Police Day 🇮🇳
Jai Hind 🇮🇳"
830025119312265_1048016326867032,Jay Hind sir
830025119312265_1046974083676013,https://youtu.be/9o1WJRJgOhM?si=o--Cf7O6-ewtWiEu
830025119312265_8225563544188493,POLICE 🚨🚨🚨🚨🚨🚨
830025119312265_441988401495062,Police 🚨🚨🚨🚨🚨🚨
830025119312265_1214531363081059,Jay Hind 🙏🙏
830025119312265_524894556711693,Jay hind
830025119312265_837978221776431,
830025119312265_527125556383803,"দিনের শেষে
সব চরিত্রের পুলিশদের জানাই
পুলিশ দিবসের শুভেচ্ছা...🎉🙏"
830025119312265_871292881591157,কি রে মিথ্যাবাদীর দল কি খবর?
830025119312265_1548110816064247,
830025119312265_1457183021633315,সকল পুলিশকে আন্তর্জাতিক পুলিশ দিবসের অনেক শুভেচ্ছা  বিশেষ করে কলকাতা পুলিশ ও পশ্চিমবঙ্গ পুলিশের নিরপেক্ষতা ও কর্মদক্ষতায় আমি মুগ্ধ । আপনদিগকে প্রণাম ও শুভেচ্ছা জানাই  😍😍
830025119312265_1253890679114130,"Happy 
    Police 
          Day ... 
তবে,  মন থেকে ভক্তি -শ্রদ্ধা  আসে না অধিকাংশ পুলিশের প্রতি !"
830025119312265_837702095173618,পশ্চিমবঙ্গ পুলিশ সততা এবং নিরপেক্ষতার সঙ্গে মানুষের জন্য কাজ করুন |এই শুভেচ্ছা জানাই |🙏🙏
830025119312265_386122594301878,"সেইসব পুলিশকে জানাই Happy Police Day যারা শাসকের কাছে বিকোয় না নিজেদের। আমার নিজের পরিবার সহ বহু বন্ধু, আত্মীয় পুলিশে রয়েছেন তাদের যন্ত্রনা আমরা বুঝি কিন্তু শাসকের জন্য অতিরিক্ত প্রভুভক্তি দেখলে মানুষের রাগ হওয়াটাই স্বাভাবিক।"
830025119312265_2015223815572880,"I respect this job.but I confused😞😞 🤔 শুভ অভিনন্দন সমস্ত ""সৎ"" ""পুলিশ"" বন্ধু দের।♥️♥️♥️🙏🙏🙏🙏🙏🙏🙏🙏"
830025119312265_1285170506194058,পুরোনো পুলিশদের নাম ডুবিয়ে দিয়েছে নতুন গুলো
830025119312265_769594881837318,We want justice.......
830025119312265_1172745267141316,"Please arrange to control our
CIVIC VOLUNTEERS & VILLAGE POLICE otherwise......."
830025119312265_3899110827081463,Congratulations and get well soon
830025119312265_2721664291338231,Farcical day
830025119312265_482527964565343,"27 Tarik e apnader rate koto chilo ,"
830025119312265_900947728748050,"পুলিশ দিবসে আন্তরিক শুভেচ্ছা রইলো সাথে দুর্নীতি মুক্ত হোক, সৎ পথে চলুক, সাধারণ মানুষের পাশে দাড়াক, সাথে নিরপেক্ষ হোক এটাই কামনা করি 🙏🏻ভালো থাকুন আপনারা 🙏🏻"
830025119312265_519003714153098,"শুভ পুলিশ দিবসে একজন ভারতীয় নাগরিক হিসাবে আবেদন আপনাদের কাছে,,সংবিধান অনুযায়ী আপনারা প্রত্যেক পদক্ষেপ এগিয়ে চলুন , যেখানে পুরোপুরি আইন ব্যবস্থা থাকবে রাজনৈতিক নেতাদের আস্থা ছাড়াই,, কারণ আপনারা আইনের রক্ষক আমাদের ভরসা আমাদের সাহস আমাদের সুরক্ষা বলয়,,
সঠিক বিচার পাক পীড়িত মানুষ গুলো 
সত্যমেব জয়তে🙏❤️❤️"
830025119312265_1583013209290892,যারা হাসাহাসি করছে তাদেরকে আমার তরফ থেকে অভিনন্দন
830025119312265_369579296203043,Tomra chele na mey 😁 😂
830025119312265_715530937421871,"Burdwan বীরহাটা পুলে সিভিক কেনো গারি ধরবে 
বোলুন 🙏"
830025119312265_527049586445970,"Only 99.9% police are corrupted and spineless. Salute to the rest of them who are honest, dedicated to their duty and are still trying at their level best to make the police department corruption free which seems to be mission impossible."
830025119312265_1090421362503640,পুলিশের নাম শুনলেই কেমন জানি ঘৃণা লাগে
830025119312265_1043728633406073,"Age rape case missing girls caces handle korun tikh moto.
R kolkata police bolo r west bengal hapta chole oter jonno bazar a jinis r dam agun. 
Didi ke boleo luv nae Kolkata kha66e r dada central a kha66e"
830025119312265_3848832038687457,তা বলে রাস্তা ঘাটে চিভিক ঘার তেড়ামি করলে অসুবিধে আছে । পুলিশের সুনাম নষ্ট না হয় যেন দেখবেন ।
830025119312265_1051073446724083,Only power full people like political leader
830025119312265_3649049618739051,Didi r Choti chata day ☠️🤧
830025119312265_3793521570919133,https://www.facebook.com/share/v/SyZF44SAGhnWcMKG/?mibextid=jmPrMh
830025119312265_1067149821689100,"https://www.facebook.com/share/v/Whb6nX1axyU753Tg/?mibextid=QwDbR1

অবাক লাগলো যে প্রযুক্তি ব্যবহার করে 5মাসের মধ্যে যে কেস টা নিস্পত্তি হলো সেই খবর টা West Bengal Police এর পেজে এখনো অব্দি স্থান পেলো না! !!! কারণ টা কি মাননীয় সিপি সাহেব Barrackpore City Police নাম গুলো প্রকাশ্যে বলে দিয়েছিলেন বলে???? 

সিম্প্যাথি কুড়োনো পোষ্ট গুলো না দিয়ে এতো বড় একটা ঘটনা যেটা পুলিশের ভাবমূর্তি তে একটা উজ্জ্বল আলো দিচ্ছে সেটা দিলে তো মানুষের কাছে সঠিক বার্তা টা পৌঁছে যায় নাকি! !!"
830025119312265_1458116428232810,"পুলিশ কাজ করলেও দোষী কাজ না করলেও দোষী।
সরকার খুব tactically বেপারটা পুলিশের দিকে ঘুরিয়ে দিচ্ছে প্রতিবার।
কিন্তু আসলে পুলিশ instruction ছাড়া কোনো কাজ করে না।
তারা দিনের শেষে সরকারি কর্মচারী।"
830025119312265_913069263998418,নতুন ইউনিফর্ম তৈরী করুন 🤣🤣🤣
830025119312265_866617408766068,"Media - এর  ভয়ে অবশেষে কমেন্ট Box খুললেন। 
______
যে সমস্ত প্রাক্তন পুলিশ কর্তা আছেন আপনাদের কে পুলিশ দিবসের অনেক অনেক শুভেচ্ছা।  
আর যে সমস্ত পুলিশ যাঁরা নিজের শিরদাঁড়া বিক্রি করে ফেলেছেন তাদের কে  শোক দিবসের শুভেচ্ছা।  ধন্যবাদ।"
830025119312265_1062301111407730,https://www.facebook.com/100007021681936/posts/2377579795819387/?mibextid=xu5OvmQjzDyq7Bl8
830025119312265_1885504965264545,Photo comment option on korun na ekbaar
830025119312265_1905230586555973,শুধু 99.9% পুলিশ ঘুষখোর বলে আপনি সব পুলিশকে খারাপ বলতে পারেন না।
830025119312265_473864842186853,সারাজীবনে কোনো অন্যায়ের বিরুদ্ধে অভিযোগ করে এখনো পর্যন্ত পুলিশের কাছে প্রতিকার পাইনি। আমি প্রীতি জানাই  কী করে?  তবে সৎ ও দায়িত্বশীল কর্মীদের প্রতি শুভেচ্ছা।
830025119312265_844495014464607,লজ্জার বিষয় অনেক কিছুই দেখলাম আগের থেকে ইদানিং পুলিশ উপর জনগণের রাগ খোপ বেড়েই চলছে কারণটা হলো বেশির ভাগ পুলিশ এই এখন দলীয় পার্টির নেতাদের হয়ে কাজ করছে বিশেষ করে পশ্চিম বঙ্গের পুলিশ বড়ো বড়ো নেতারা পুলিশ কে মুখের উপর চটি চাটা বলে দিচ্ছে পুলিশ দাড়িয়ে থেকে কিছু করতে পারছে না সাধারণ জনগন আর কি বলবে মুখে বলতে পারছে না কিন্তু অন্তরে অন্তরে বলেই দিচ্ছে তারা ভয়ে পারছে না তাই কিন্তু যেদিন ভয় কাটবে সেদিন বাংলাদেশের মতো পরিস্থিতি হবে জাগো পুলিশ জনগণের হয়ে কাজ করো কোনো পার্টির হয়ে নয় ধন্যবাদ 😞🙏
830025119312265_505642272159579,Happy lol day west bengal police
830025119312265_1141623283604114,ওটা fulish Day হবে
830025119312265_787564480257369,পুলিশ দিবসে শুভেচ্ছা ও অভিনন্দন 🙏🙏 জনগণের সাথে থাকুন পাশে থাকুন 🙏🙏 সুস্থ থাকবেন আপনারা 🙏🙏
830025119312265_1533225030955152,যারা সত্যিই ভালো কাজ করছেন তাদের স্যালুট জানাই। তার সঙ্গে সঙ্গে একদল কর্মী আছে যারা অন্যায়ের পাশে থেকে ন্যায়ের গলা টিপে টাকা আদায় করে তাদের স্যালুট জানাতে পারছি না স্যার। দুঃখিত। ক্ষমা করবেন।
830025119312265_1577571513177402,"স্যার , সাধারণ মানুষ দের একটু দেখবেন । আপনারাও ভালো থাকবেন 🙏"
830025119312265_581635594331343,"https://www.facebook.com/share/v/F4qKb4VbncuzpPR1/?mibextid=oFDknk
Eder o Subhechha."
830025119312265_401615575965078,Sainthia birbhum police are not petrolling
830025119312265_504625318962037,#Sandeshkhali khub valo protect korechen. Standing ovation 👏.
830025119312265_430525983332294,"2011 Alipur Police Station..
Police Table Tola te Lukiye. chilo
#HappypoliceDay"
830025119312265_1864772010713296,"🙏🙏🙏

মাঝরাতে ঢেঁকুর তুলতে তুলতে বাড়ি ঢুকলো বিমল। আজ খাওয়াটা বেশ জমিয়ে হয়েছে। বউ এসে দরজা খুলেই ঝাঁঝিয়ে ওঠে বিমলের ওপর, 

— আজও গিলে এসছো? ওই পাপের টাকায় গিলতে তোমার লজ্জা করে না গো? 

বিমল জুতোটা খুলতে গিন্নির গালটা টিপে দিয়ে বলে, 

— আহ জয়ী বুঝছো না! লাভের গুড় সবাই খাবে, আমি খাবো না? দেখো এই যে সেদিন হসপিটালের সামনে এত বড় নাখড়া হলো, আর আমরা কেউ কিছু করলাম না, তার জন্য কিছু পাওনা থাকবে না? এখন সময়টা বাপু হেব্বি... ডলপুতুলের মতো দাঁড়িয়ে তামাশা দেখো আর গান্ডেপিন্ডে গেলো। আহ! মাংসটা কি দারুন ছিলো! 

— তা খেয়েই যদি আসবে, সেটা আমায় আগে থেকে বলবে না? আমি রান্না করলাম যে! 

— ওহ ঠিক আছে... কাল টিফিনে দিয়ে দিও। আরে ব্যাপারটা হয়েছে কী, আজ থানায় ঢুকে দেখি বেশ সাজো সাজো রব। কেসটা কী? জিজ্ঞেস করতে রায় বললো যে ডোনেশন এসেছে পার্টি অফিস থেকে, কুড়ি হাজার। তো নে চল! বিরিয়ানি মদ মাংস... সব মিলিয়ে যা হয় আরকি... 

— ঠিক আছে যাও জামাকাপড় ছাড়ো। তোমাদের ব্যাপার আমি বুঝি না! একটা মেয়ে ম'রে গেলো, তার জন্য কেউ কিচ্ছুটি করছো না। শুধু দেখছো আর গিলছো। ভুলে যেয়ো না তোমারও একটা মেয়ে আছে। 

গজগজ করতে করতে জয়ী চলে গেলো‌ রান্নাঘরে। স্বামীর একটা কাজও পছন্দ নয় তার, তবুও খুব একটা কিছু বলতে পারে না। পাছে আবার গায়ে হাত ওঠে, অশ্রাব্য গালিগালাজ হয়... গৃহবধূর কি কম জ্বালা? 

বিমল জামাকাপড় ছাড়তে ঘরে ঢুকতেই বছর আটের টুকটুকে একটা মেয়ে এসে সামনে দাঁড়ালো। পাশে তার প্রিয় ম্যাঁও। বিমল গদগদ হয়ে হেসে বললো,  

— সে কী! আমার টুপু মা ঘুমায়নি কেন এখনো? কত রাত হয়ে গেছে যে! ও বাবা ম্যাঁও'ও জেগে দেখছি! 

— তোমায় একটা কথা জিজ্ঞেস করবো বাবা? 

ছোট্ট টুপু দু'জোড়া প্রশ্নমাখা ছলছল চোখ নিয়ে তাকালো বাবার দিকে। বিমলের‌ প্রাণ আকুলিবিকুলি করে উঠলো যেন! 

— কী কান্ড বলো দেখি! কী হয়েছে আমার সোনা মা? তোমার এমন দুগ্গা ঠাকুরের মতো চোখে জল কেন? কী হয়েছে মা? 

— বাবা! কেউ আমার ক্ষতি করতে হলে তুমি আমায় বাঁচাবে তো? 

— কী হয়েছে টুপু মা? হঠাৎ এই কথা বলছো? কেউ কিছু বলেছে তোমায়? 

— কেউ কিছু বলেনি বাবা। কিন্তু আমি দেখেছি টিভিতে পুলিশরা কেউ কিচ্ছু করছে না। ওই যে দিদিটার অমন হলো, দিদিটাকে কেউ বাঁচাতে পারলো না, ওই দুষ্টু লোকগুলোকেও কেউ ধরলো না। শুধু যারা মিছিল করছে, পুলিশ তাদের মারছে। আচ্ছা বাবা, তুমিও তো পুলিশ, তাহলে আমার সাথে এমন হলে তুমিও এই পুলিশগুলোর মতো করবে? 

বিমল স্থির হয়ে দাঁড়িয়ে রইলো বিস্ফারিত চোখে। মাথা যেন ভোঁ ভোঁ করছে। দরজার আড়াল থেকে টুপু'র কথা শুনে জয়ীর'ও চোখে জল। এখনো কি অমানুষটা বুঝবে না? 

টুপু আবার বললো, 

— তুমি প্লিজ ভালো পুলিশ হও বাবা। গুড নাইট। চল ম্যাঁও। 

টুপু বিছানায় ম্যাঁও'কে নিয়ে উঠে পাশ‌ ফিরে শুয়ে পড়লো। শুধু বাবার সামনে রেখে গেলো একটা বড় ধাক্কা। 
.
.
.
.
•"
830025119312265_1701902224040867,"Good Cop = 1%
Bad Cop = 99%"
830025119312265_1546133986307122,https://youtu.be/vAgcEOIRb9Y?si=ke-LvrXh1zvfMxMG
830025119312265_876222637736055,Lojja ghenna kissu nai eder
830025119312265_425392983331221,Police Day তো 21th October
830025119312265_1203344714039044,"Ki din elo, nijerai nijeder salute dichche jeta public er dewar katha !!!👎🏼👎🏼"
830025119312265_511897024764682,🤡🤡🤡
830025119312265_496509523252360,এই শুভ দিনে আপনাদের শুভ বুদ্ধির উদয় হোক এই কামনাই করি।
830025119312265_823110013139839,Happy churi pore....bose... Thaka day 😅🎉🎉
830025119312265_544495278160668,"আপনারা পুলিশ রা খুবই সৎ সেই জন্য তো আমার পাসপোর্ট এর ভেরিফিকেশনের সময় এক হাজার টাকা জল খাবার খাওয়ার জন্য নিয়েছিলেন,"
830025119312265_1182945162922141,আজকের দিনে অনেক শুভকামনা রইল আর ধন্যবাদ সেই সকল police বন্ধুদের জন্য যারা মনে প্রাণে চান নিজের ইউনিফর্ম এর যথাযত মর্যাদা রক্ষা করে দেশ তথা দশের সঠিক বিচার করতে। একমাত্র তাদেরই ধন্যবাদ বাকি চাটুয়া রা নিপাত যাক।
830025119312265_1042014424156242,"Sei  police der wish kori jara dalali na kore seva kore,  kintu dalal police toh 99% . Ha re toder lojja nai"
830025119312265_3815912591983633,PVR er Mistri khawanor Contribution ta ki refund hobe...?
830025119312265_481688904835815,"Later in 1960, October 21 was officially recognised and ever since, the day is commemorated as the Police Commemoration Day across the country. Police Commemoration Day is observed with the objective of encouraging and honouring the police officers who carry out their jobs with utmost diligence and dedication.21 Oct 2023"
830025119312265_1158213998812163,"আপনারাই আমাদের ভরসা, আমরা জনসাধারণ কোনো সমস্যায় পরলে সর্ব প্রথম আপনাদের কাছে যাই অভিযোগ জানাতে যাতে আপনারা উপযুক্ত ব্যবস্থা নেন। তাই আজকের দিনটা আপনাদের সকলের ভালো কাটুক এটাই প্রার্থনা করি। 🙏🙏🙏🙏
আর আরজিকরের ঘটনায় দোষীদের শাস্তি হোক সেটাও কামনা করছি।"
830025119312265_1724437815049407,Self introspection korun. Kano apnader ei paton. Nijeder khnuje ber korar cheshta korun. Dol er kachhe shopoth niyechhilen ki? Tobe ekta dol er seba kano?
830025119312265_734823702103765,পুলিশ দিবসে একটা শপথ নিন যে আজ থেকে আমরা পুলিশ পুলিশ এর মতন কাজ করব !! পুলিশ একটা অন্য রূপ নিক ।
830025119312265_1988750498250654,All weast Bengal Police Congratulations And Happy Police Day🎉🎉🎉🎉🎉🎉🎉🎉🎉🎉🎉
830025119312265_1026179059235855,চটি চাটা হিজরে দিবস
830025119312265_491177580294158,এখানেই কি ঘুষ নেওয়ার ট্রেনিং দেওয়া হবে!!🫣🫣
830025119312265_525830949921826,চটি চাটা পুলিশ
830025119312265_824987106414265,"সম্পূর্ন নীচু তলার, ও সব অফিসার, শুধু মাত্র চটি চাটা পুলিশ বাদে জানাই রাজ্য বাসীর পক্ষে শুভেছা।।"
830025119312265_839488381640596,"Facebook page এ যে ভাবে আপনাদের পোস্ট গুলো হয় সেই ভাবে যদি একটু কাজ করতেন তাহলে West Bengal police কে কেউ চটি চাটা police বলতো না। এক বার ভেবে দেখেছেন যখন কোনো army শহীদ হয় পুরো দেশ কষ্ট পায় কিন্তু যখন কোনো police শহীদ হয় সবাই হাসে,এখন তো কেউ শহীদ ও বলে সবাই বলে মারা গেছে ঠিক হয়েছে একজন ঘুষখোর বিদায় নিয়েছে। এই কথা গুলো শুনে অনেকেরই খারাপ লাগতে পারে কিন্তু এটাই সত্যি।
এখনো সময় আছে নিজেদের শিরদাঁড়া টা সোজা করুন।🙏 সবাই আপনাদের ভালোবাসবে।"
830025119312265_854834409950262,Up মডেল পুলিশ চাই ক্রিমিনাল মুক্ত বাংলা চাই
830025119312265_2254371364917318,"পুলিশ কর্মী দেবাশীষ চক্রবর্তী গত ২৭ শে আগস্ট ছাত্রসমাজের ডাকা নবান্ন অভিযানের দিন একজন প্রতিবাদী(অসভ্য)র ছোঁড়া পাথরে বাম চোখে গুরুতর আঘাত পান। ২০১৫ সালে তিনি কলকাতা পুলিশের সার্জেন্ট পদে নিযুক্ত হয়েছিলেন। ঘটনাটি অত্যন্ত দূর্ভাগ্যজনক ও মর্মান্তিক। টিভি তে একজন পুলিশকর্মীর চোখের ওই বিভৎসতা দেখে আমি ও আমার মতো বহু মানুষ সেদিন শিউরে উঠেছিল, কষ্ট পেয়েছিল। আন্দোলনের নামে এধরনের নোংরামো কখনই কাম্য নয়।  তাঁর অতি দ্রুত আরোগ্য কামনা করি এবং এই ঘটনায় প্রকৃত অপরাধী কে চিহ্নিত করে দৃষ্টান্তমূলক শাস্তি দেওয়ারও দাবী জানাচ্ছি। 

এই ঘটনা ঘটে যাওয়ার পর থেকে গত কয়েকদিন ধরে দেখছি বহু উচ্চপদস্থ পুলিশ কর্তা থেকে একদম নিচুতলার কর্মীরা পর্যন্ত নিজেদের ফেসবুক প্রোফাইল পিকচারে এই দুঃখজনক ঘটনার প্রতিবাদে দেবাশীষ বাবুর চোখে হাত দেওয়া রক্তে ভেজা একটি ছবি পোস্ট করে চলেছেন। এটি খুব ভালো উদ্যোগ, সহকর্মীর প্রতি এই সহমর্মিতাকে কুর্নিশ জানাই, আমরা সমর্থন করি এবং সাথে  সমব্যাথীও।

কিন্তু এখানে আমার ছোট্টো প্রশ্ন আছে!-
 ২০১৩ সালের ১২ই ফেব্রুয়ারী,গার্ডেনরিচ হরিমোহন ঘোষ কলেজের ছাত্র সংসদের নির্বাচন, এবং সেই কলেজ ভোটকে কেন্দ্র করে এলাকায় ব্যপক গন্ডগোল হয়।ওই এলাকার তৃনমুল নেতা ও কাউন্সিলর মহঃ ইকবালের পোষা দুস্কৃতি শেখ সুহান ও তার দলবল, ওই এলাকায় ডিউটিরত কলকাতা পুলিশের সাব ইন্সপেক্টর ৫৬ বছর বয়সী তাপস চৌধুরী কে গুলি করে হত্যা করে। 

 ২০১৪ সালের ৩রা জুন শাসকদলের গুন্ডাদের ছোঁড়া বোম (পাথর নয়) র আঘাতে বীরভূম জেলার দুবরাজপুর থানার সাব ইন্সপেক্টর অমিত চক্রবর্তী স্যার গুরুতর জখম হন এবং ২৮শে জুন তিনি দুর্গাপুরের একটি বেসরকারি হাসপাতালে মাত্র ৩২ বছর বয়সে জীবন হারান (শুধু চোখ নয়)। তারপর দীর্ঘদিন বিচার চলার পর সেই দুবরাজপুর থানার তদানীন্তন ওসি এবং অন্যান্য সহকর্মীদের স্বাক্ষ্যদানের সময় আসামীদের চিনতে না পারার জন্য এবং ভূল স্বাক্ষ্যদানের কারনে সকল আসামী যারা কিনা তৃনমূল দলের বিভিন্ন পদাধিকারীও ছিলেন বেকসুর খালাস পান। 

ভারী অদ্ভুত ব্যাপার সেই সময় কোনও পুলিশ কর্মীদের এইভাবে গনহারে তাপস স্যার বা  অমিত বাবুর ছবিকে নিজের প্রোফাইল পিক বানাতেও দেখিনি, জাস্টিস চাইতেও দেখিনি, বা কোনো উচ্চপদাধিকারী ওই সকল সহকর্মী এবং তদানিন্তন ওসিকে ভুল স্বাক্ষ্যদান এবং অপরাধীদের না চেনার ভান করার জন্য কোনওরকম শাস্তি দিয়েছেন বলেও শুনিনি। 

না আপনারা সেটা করতে পারেননি, বা করতে দেওয়া হয়নি, কারন আসামিরা ছিল তৃনমূলের। হয়তো মহামান্যার নির্দেশেই সেদিন আপনারা আপনাদের নিজের একজন সহকর্মীর মৃত্যুর সঠিক তদন্ত পর্যন্ত করতে পারেননি। অমিত স্যারের স্ত্রী সন্তানরা আজও বিচার পায়নি।  আর আজ আপনারা দেবাশীষ বাবুর ছবি পোস্ট করে সাধারণ মানুষের সমবেদনা আশা করছেন!!! সে আপনারা করতেই পারেন, তবে আগে নিজেদের তো সঠিক বিচার দিন! পারলে অমিত স্যার, তাপস স্যারের ছবি পোস্ট করুন!  নতুন করে হত্যার তদন্ত করে দোষীদের সাজা দিন, তারপর নয় সাধারণের কাছে সমব্যাথী হওয়ার প্রার্থনা করবেন 🙏🙏🙏"
830025119312265_1012697347010872,এই পুলিশ দিবসে শুরু হোক নতুন করে।।।ঘুচে যাক দলদাস তকমা।। মানুষ স্বতঃস্ফূর্ত ভাবে রক্ষক দের প্রতি শ্রদ্ধা দেখাক।।
830025119312265_490704357277844,শুধুমাত্র সৎ ও শিরদাঁড়া যুক্ত পুলিশদের চরণে আমার শত কোটি প্রণাম জানাই। আপনাদের জন্যই সমাজ এখনো নতুন ভোরের স্বপ্ন দেখে
830025119312265_472283832450933,"পুলিশ মানুষের হোক সরকারের না,মানুষের আস্থা ফিরিয়ে আনতে হবে। এই সমাজের পুলিশ কে ভীষন প্রয়োজন, সরকারের পদহেলন বন্ধ করুন 🙏🏼
মানুষ পুলিশ কে সর্বদা শ্রদ্ধা আর ভয়ের চোখে দেখে,,,, সেটা এখন হাস্য ও ঘৃণাতে রূপান্তরিত হতে চলেছে। নিজেদের অবস্থান এ শিরদাঁড়া সোজা করে থাকুন দেখবেন জনগণ মাথায় তুলে রাখবে"
830025119312265_1188393219137800,"সত্যি বলতে গেলে আর হাত টি ওঠে না সেলুট এর জন্য, ভালো পুলিশ আছে কিন্তু খারাপের আড়ালে তারা আর এখন চোখেই পড়ে না।"
830025119312265_924594636367742,"আইনরক্ষক কথাটার আসল মানে আপনারই বুঝিয়ে দিচ্ছেন 😌🙏
কুর্নিশ জানাই আপনাদের প্রতিভা কে ।🫡
সেই সঙ্গে ধন্যবাদ জানাই শিরদাঁড়া সোজা রেখে কাজ করছেন বলে 🤔🌚
আর কিছু বললে যদি আবার online মামলা হয়😔
তাই চুপ করে গেলাম"
830025119312265_524241790180453,"পুলিশ গণতন্ত্রের রক্ষক।পুলিশ কে আরোও সমাজ ও জনগণের প্রতি দায়িত্বশীল ও মানবিক হতে হবে।পুলিশের উপরে মানুষের আস্থা যেন থাকে তার জন্য ভাবতে হবে।সত্যের পক্ষে দাঁড়াতে হবে, অন্যায় কে দমন করতে হবে।এর ঠিক উল্টো টা হলে মানুষের চোখে কোনোদিন সম্মান থাকবে না পুলিশের প্রতি।ভালো থাকুন,ভালো রাখুন।সত্যের বিচারের জন্য আওয়াজ উঠলে ওই আওয়াজ কে দমন-পিড়ন নীতি দিয়ে নয়, অন্যায়কারীদের শাস্তি দিয়ে দিতে হবে।জনগণের উপরে কেউ নয়, পুলিশ কিংবা অন্যান্য সরকারি কর্মচারী যে টাকা বেতন পাই তা জনগনের করের টাকা থেকেই।ভুলে গেলে চলবে না।আমাদের কাজ মানুষের ভালো থাকা ও ভালো রাখা সুনিশ্চিত করা।সরকার আসবে, সরকার যাবে আমরা যদি তাদের কৃতদাসে পরিণত হই - তা সত্যিই সমাজের জন্য, দেশের জন্য, সংবিধানের জন্য অভিশাপ।বাকিটা, আপনারা যেভাবে রাতদিন শীত-গ্রীষ্ম-বর্ষা যেভাবে অক্লান্ত পরিশ্রম দিয়ে জনগণের সেবায় নিজেদেরকে বিলিয়ে দিয়েছেন তার জন্য আপনাদের ডিপার্টমেন্ট এর সবাইকে সম্মান, ভালোবাসা ও অনেক শুভেচ্ছা রইলো।সপরিবারে ভালো থাকুন।।
🙏🏻"
830025119312265_427005427049055,Krishanu Bag দুঃখের কথা বেশিরভাগ পুলিশ অসৎ।।। তোলা বাজ
830025119312265_424657383398823,It's black day for west bengal police
830025119312265_1048820346814288,আত্ম প্রশংসা😅
830025119312265_474015888796844,কন্ট্রিবিউশনটা সততারসহিত হওয়া উচিত..... ভেবে দেখুন জনগণের আশীর্বাদ নিবেন না অভিশাপ নিবেন?
830025119312265_470966475780346,Parikshit Mandal একদম ঠিক বলেছেন দাদা
