COMMENT_ID,COMMENT
831927429122034_1628478391058986,🌹 স্যালুট জানাই ওয়েস্টবেঙ্গল পুলিশ ডিপার্টমেন্ট 🌹
831927429122034_441259732282372,"আমার ভাই  রথযাত্রার সময় Kotulpur police, Bankura station এ Punjab National Bank,New Market branch manager এর বিরুদ্ধে জালিয়াতির প্রমাণ সহ অভিযোগ দায়ের করে, কিন্তু এখন পর্যন্ত কোনো আপডেট পাইনি।"
831927429122034_883594127158460,Ranajit Gorai report it to the internet crime complainant center ic3
831927429122034_1024420192321512,Very good job WB police
831927429122034_1031866641678126,Good job 👏👏👏❤️❤️
831927429122034_8395863910434403,Good job.
831927429122034_1086242792915980,Sir  amar 14 luck
831927429122034_1604897106731858,Big salute to our west bengal police forces ❤️.
831927429122034_3245101868958293,"সোজা কথা সোজা লিখুন - ""অতি লোভ করে টাকা খুইয়ে সবার কাজ বাড়াবেন না,  control your greed!""  খুব বয়স্ক লোক অথবা বিপদে পড়া লোক - এই দুই প্রকার বাদে সবাই সব জানে এবং জেনেও এসব করে। কেউ ফ্রি টাকার লোভ দেখালেই লালা ঝরে আর সব ভুলে যায়।"
831927429122034_1592567347960673,"এগুলোকে মিডিয়া বন্ধুরা প্রমোট করেনা, কারণ এই নিউজে তারা হয়তো ' বাইট ' পাবে না। সেকারণে যতো নেগেটিভ খবর আছে সেগুলোকে প্রচার করে মিডিয়া বন্ধুরা ।"
831927429122034_519784817260101,খুব সুন্দর
831927429122034_915148920644386,
831927429122034_384307611169958,
831927429122034_806666428216121,🙏🏻🙏🏻🙏🏻
831927429122034_1100853585003413,🙏🙏
831927429122034_1491639081718903,
831927429122034_402489156283082,🙏🏽🙏🏽
831927429122034_496853729897812,"The complaint 33202240001990 submitted by you at NCRP is forwarded to DUM DUM on 12/02/2024 13:14:42. You may contact the DUM DUM 9147889542 for further followup with them. Regards National Cybercrime Reporting Portal.
Please see the matter.
Regards."
831927429122034_476344401897722,Salute sir....
831927429122034_3926252447701945,
831927429122034_937638268088144,"আপনার এত ভালো কাজ krchen .......... তবু মানুষ আপনাদের বিশ্বাস করেন না....... কেন জানে????
 রাস্তা দাঁড়িয়ে টাকা chaoya.........
  আচ্ছা police duty ta ki sudhu টাকা নেওয়া naki মানুষ আর পাশে এসে দাঁড়াও......... আজকের দিনে মানুষ এটাই vule geche police ktha mane ki ............"
831927429122034_1046061590231317,বলছি দুর্গাপুরে কোন এক পুলিশ(অমিত চক্রবর্তী নাম) তো প্রায় 1 কোটির ওপর ঝেঁপে দিয়েছে। সেগুলো ফেরতের ছবি কি এখানেই পাওয়া যাবে???
831927429122034_888847293141633,আচ্ছা তাহলে সারদা নারোদা আমাদের টাকাগুলো কি হবে??
831927429122034_1233578441323152,https://www.facebook.com/shuvamraybjp/videos/2259803977704953/?mibextid=0tGTXSTPvUiyuEfX
831927429122034_2172247176507744,দিনের পর দিন পুলিশের যে কেচ্ছা বাইরে আসছে তাতে তো পুলিশ সম্পর্কে আমার ধারণা পুরোপুরি ঘৃণায় পরিণত হয়েছে। পুলিশের কাছে এরপর যেতে আমার ভয় করে লাগবে।
831927429122034_1737147343355989,"নমস্কার 
আমি একটি কথা জানতে চায় 
ডিসি সেন্ট্রাল ইন্দিরা Mukherjee  কি অভয়া হত্যা কান্ডে মিথ্যা কথা বলেছে ? 
তা হলে পশ্চিমবঙ্গের মানুষ কার উপর আস্থা রাখবে ? 
এই উত্তরের অপেক্ষায় থাকলাম । 
যদি মিথ্যা বলে তাহলে ইন্দিরা মুখার্জি কে সাসপেন্ড কেন করা হচ্ছে না ?"
831927429122034_891465516213604,Hindustani Tonmay Lala ধুর ! আপনি বোকা নাকি ?! সত্যি কথা বললে Suspend হতেন ।।
831927429122034_958494619378501,"Can we expect strict and prompt action against this?

https://www.facebook.com/share/v/gMqzgjWnLhHeZLJb/?mibextid=oFDknk"
831927429122034_374363285717423,"🤣🤣🤣 ভাইপোর গড়, মাথাভাঙ্গা তে দেখতে পেলাম নাই যে 🤣🤣🤣🤣। ডার্বি আটকাই ,নবান্ন অভিযান আটকাই ।সব গোপন তথ্য পেতন তখন কল রেকর্ডিং পেতেন আজকেও কি পেয়েছিলেন ? 😜"
831927429122034_2224672621264951,সত্যি এ কোন রাজ্যে আমরা আছি অভয়া পরিবারের কথা শুনে সত্যি চোখে জল চলে এল এ কোনরাজ্যে আমরা আছি এই রাজ্য আমরা চাইনি সত্যি চাইনি😞
831927429122034_1050284783429271,এ যেন অজানা এক রাজ্য যেখানে সব থেকে শয়তান পলিটিশিয়ান না আমারা নিজেরা আমরাই দায়ী এর জন্য 😐
831927429122034_454806547558325,Wasim Khan তুমি কবে ফেরত পাবে জিজ্ঞাসা করো!
831927429122034_1550722852196746,"ফেক নিউজ বা মিথ্যা, বা গুজব ছড়ালে পুলিশ গ্রেপ্তার করছে।।।। তা কলকাতা পুলিশের ফেসবুক পেজ যে চালায়,,, তাকে কি গ্রেপ্তার করা হয়েছে????"
