COMMENT_ID,COMMENT
821750890139688_823641779858319,"আপনারা আমাদের সাথে থাকুন দাদা। আজ তিলোত্তমার মা বলছে 'দেখুন আপনার বাড়ির লক্ষী সুরক্ষিত আছে তো?' 

হাত জোর করে বলছি দাদা/ভাই/স্যার আমাদের এভাবে অসুরক্ষিত রেখে নিজেরা রাজনৈতিক ছত্রছায়ায় আরাম করবেন না। প্লিজ। প্লিজ।প্লিজ।"
821750890139688_2893528610799123,Saagarika Ghosh ei cm thakle kicchu korarnei didi
821750890139688_1012331083601613,"বাংলায়  নারীরা সুরক্ষিত, একটা বিভৎস ঘটনা নিয়ে, যেটা তদন্ত চলছে সি বি আই দিয়ে কোর্টের তত্বাবধানে ভরসা রাখুন,সারা বাংলায় অরাজকতা সৃষ্টি করবেন না।"
821750890139688_783215437071236,"Dipak Kumar Dasgupta নন্দীগ্রাম, রিজোয়ান, কামদুনি, পার্ক স্ট্রিট একটার ও বিচার হয়নি কেন?"
821750890139688_1015996383363147,"Dipak Kumar Dasgupta ওটা নাড়ী না, নারী। দীর্ঘশ্বাস ছাড়া এখন আর কিছু আসেনা। কেন বলুন তো আপনারা এমন? তৃণমূলের দলের নিয়মে কি পড়াশোনা করা বারণ??"
821750890139688_2789341824565541,Dipak Kumar Dasgupta আর আপনি সিবিআই তত্ত্বাবধানে কাজ কেমন করছে জানছেন কিভাবে? আপনারা কি সিবিআই কেও প্রভাবিত করছেন??
821750890139688_815623760558748,"Sudeshna Bhattacharyakorche hayto, oder die sab samvab"
821750890139688_1743006026442419,Dipak Kumar Dasgupta চটি চাটা
821750890139688_982902560185858,Dipak Kumar Dasgupta কথাটা নাড়ী নয় দাদা নারী হবে।
821750890139688_3720384881610179,"Sanjib Das ha ha ha , bojha jay keno ei haal"
821750890139688_1023238395879597,"Dipak Kumar Dasgupta হ্যাঁ সুরক্ষিত বলেই তো আজকে ডাক্তার প্রোটেস্ট এর মতো ঘটনা দেখতে হচ্ছে 
সুরক্ষিত বলেই সারা দেশ প্রতিবাদে মুখর হয়েছে
আজকে অন্যের মেয়ের সাথে হয়েছে বলে আপনার মুখ থেকে গুজব কথাটা সোনা যাচ্ছে , সেটা হয়তো শোনা যেতো না যদি আপনার মেয়ের সাথে ঘটতো , আজকে আপনি যেটা বলেছেন কালকে যখন সারাদেশ বলবে তখন শুনতে পারবেন তো।।
আর আপনার পেশাই তো পলিটিক্স আপনার কাছে থেকে কি বা আসা করতে পারি😀"
821750890139688_1612152302695543,"Dipak Kumar Dasgupta এতো কিছু হয়ে যাবার পরেও আপনাদের মত লোকের মেরুদণ্ড সোজা হয়নি , মেয়েটি যদি আপনার বাড়ির কেউ একজন হতো , মনে রাখবেন ঘুটে  ""ঘুঁটে পোড়ে গোবর হাসে""  , আপনারও দিন আসবে ।"
821750890139688_509872231630543,Sanjib Das ধন্যবাদ ভাই।
821750890139688_1038436024603132,শুধু মোবাইল রক্ষা করলে হবে না। আমাদেরকেও রক্ষা করতে হবে। বর্ধমান শহরে night patrolling টা ভীষণ দরকার। যে ঘটনাগুলো ঘটছে সেগুলোর কি হলো সেগুলো আমাদেরকে জানান । আমরা তাহলে একটু চিন্তামুক্ত হই।
821750890139688_518497924260618,"#রাখি_বন্ধন।
হাতে রাখি বাঁধার সঙ্গে আমরা যেন এটাও প্রতিজ্ঞাবদ্ধ হই যে, নিজের বোনকে যেই নজরে দেখি এবং নিরাপদ রাখার জন্য যতটা চেষ্টা করি।
ঠিক রাস্তা দিয়ে হেঁটে যাওয়া মেয়েটা কে যেন একইভাবে সু নজরে দেখি ও তাকে নিরাপত্তা দি।সে যেন আমাকে দেখে safe feel করে। কারণ সেও কারোর বোন। 🙏

~ এক মুসাফির রাইহান"
821750890139688_3741179069457413,আদিল রাইহান খুব সুন্দর কথা
821750890139688_877392324449773,"আদিল রাইহান দয়া করে পূর্ব বাংলার মানুষদের দিকে একটু তাকান। বন্যায় সব শেষ। মসজিদ, মন্দির, স্কুল, মাদ্রাসা, ও মানুষের বাড়িঘর সব পানির নিচে। একটু তো বাংলার মানুষের জন্য আওয়াজ তুলুন।"
821750890139688_1239268370566086,আপনাদের উপর আমাদের ভরসা আছে কলকাতা পুলিশ 💚
821750890139688_1648918062317202,Md Riyaz Uddin
821750890139688_1231823834425688,Md Riyaz Uddin kintu amader nei 🤣
821750890139688_432438719941815,Md Riyaz Uddin এদের উপর একদম ভরসা নেই।
821750890139688_1572119190378987,"আজ রাখী পূর্ণিমায় 
শ্রদ্ধাঞ্জলি জানাই 
""RGKAR তিলোত্তমা""  বোনকে"
821750890139688_3280636942067629,"Sir আমাদের সুরক্ষা কিন্তু আপনাদের হাতে! কোনও জাজনৈতিক দল আমাদের সুরক্ষা দায় ভার নেয়নি আর নিতেও পারবে না.... কিন্তু আপনারা পারবেন আপনারা আমরা সমস্ত মা মেয়েদর পাশে থাকবেন  অনুরোধ রইলো
আপনারা পারবেন বিশ্বাস আছে  গুড়িয়ে দেবেন তাদের যারা মেয়েদের সম্মান ছিন্ন ভিন্ন করে শেষ করে...🙏🏻🙏🏻🙏🏻"
821750890139688_1696550301112909,আপনাদের উপর আমাদের পুরো ভরসা আছে। কালকে এত বড় একটা দুর্ঘটনার হাত থেকে রক্ষা করার জন্য ধন্যবাদ পশ্চিমবঙ্গ পুলিশকে
821750890139688_513719701030756,West Bengal police k ekta request korchi amader bon tilottama jeno bichar paye 🙏🏻 ekta culprit o jeno char na paye
821750890139688_1028778758909229,Tusina Modak era kissu korbe na
821750890139688_962705285654008,"দেওয়ালে গোবর পড়লে হাসে। প্রার্থনা করি সকল ঘরের মা, বোনেরা ভালো থাকুক তাঁদের সম্মান রক্ষা করুক ঠাকুর। 🌺🙏শুভ রাখি বন্ধন ❤️🙏"
821750890139688_859327169052765,শুভ রাখি পূর্ণিমা। আপনাদের সবাইকে শুভেচ্ছা জানাই।  প্রার্থনা করি আপনারা যেন কোনো চাপ মেনে না নিয়ে নিজেদের দায়িত্ব পালন করতে সক্ষম হন।
821750890139688_475958292018609,"আপনাদের উপরে ভোরসা আছে আমাদের 
          ♥️KP/WBP  ♥️"
821750890139688_483235957839053,❤️❤️ i love kolkata police
821750890139688_2263183747360319,"আমার যত এখানে দাদা ও ভাই আছে, সকলকে শুভ রাখী বন্ধনের শুভেচ্ছা 🙏"
821750890139688_426615927066842,We are indian
821750890139688_1042469214108468,শুভ রাখী পূর্ণিমা।
821750890139688_1157878868661155,"""বন্ধন হোক মানবিকতার,অটুট থাকুক ঐক্য!প্রত্যেক ঘরে ঘরে সৌভ্রাতৃত্বপূর্ণ সম্পর্ক গড়ে  উঠুক।""

সকলকে জানাই রাখি বন্ধনের আন্তরিক প্রীতি , শুভেচ্ছা , অভিনন্দন ও শুভকামনা।"
821750890139688_863989035159110,Very good
821750890139688_2018783605246548,জয় বাংলা 💚
821750890139688_3662763700643085,Dhikkar
821750890139688_26708871445393300,"যুগ যুগ জিও কলকাতা পুলিশ
ওয়েস্ট বেঙ্গল পুলিশ"
821750890139688_8835102749852713,Happy Rakshabandhan
821750890139688_2272183003115204,শুভ রাখি বন্ধনের আন্তরিক শুভেচ্ছা ও শুভকামনা।।
821750890139688_383255808124760,শুভকামনা রইলো 🙏🌷
821750890139688_818731687013934,শুভ রাখি বন্ধনের শুভেচ্ছা।
821750890139688_1660480261401318,শুভ রাখী পূর্ণিমার অনেক অনেক শুভেচ্ছা রইলো আপনাদেরকে।
821750890139688_487763587311495,"পুলিশ কে সবসময় ই অনেক বেশি সম্মান করি,আপনারা রাত জাগেন জন্য ই আমরা রাতে শান্তিতে ঘুমাই,আপনাদের জন্য ই শারদীয়া টা শুভ শারদীয়া হয় আরো অনেক কিছু সামলান কিন্তু অনুরোধ একটা ই আপনারা নিজেদের সম্মান বজায় রাখুন, রাজনীতির উর্ধ্বে উঠুন, দলমত নির্বিশেষে জনগণ কে বিচার দিন।"
821750890139688_1008593377715266,পার্থ রায় রাত জাগলে পয়সা বেশি।
821750890139688_1911063129384741,"গর্বিত, 
বাংলা ,   আপনাদের জয়,
স্যালুট .... প্রনাম"
821750890139688_3711709092426633,শুভ রাখি পূর্ণিমা
821750890139688_3831387027143931,শুভ রাখি বন্ধন 🙏🙏
821750890139688_498333139613690,"বাংলায় দেখাবে পথ, সব ধর্ম নির্বিশেষে সবার সমান মর্যাদা, সস্কৃতির মেলবন্ধনের এর ছোঁয়া💚"
821750890139688_1036962741294188,সকলকে রাখি বন্ধনের শুভেচ্ছা ও অভিনন্দন
821750890139688_904722064808021,অনেক অনেক শুভেচ্ছা আপনাদের
821750890139688_808901554790609,"Police jodi na thako amn ghotona per day ghoto,jeta hoyecha setar bichar chay,tabole WB police & KP onek besi capable tackle korar jnno.... biswas nahole centre govt crime & woman safety list ta check korun"
821750890139688_850838046709042,"Kichu jon dekhlam datkeliya cha,tar ke udeso kore bola society khrp obastar jonno  tm-der moto mentality ...karon tmr ra reality mante chaona,r social media post niye Mata mati Koro godi media moto Jader ranking 159"
821750890139688_8483701165048613,Bappa Khan চটি চাটা বন্ধ করুন এবার মানুষ বোকা নয়
821750890139688_1048788816883108,"Subhojit Dey Choti chata-karor  patchata sovab amar ney,karon Army school choto theke study complete korechi to,,amder kache desh& constitution age,naki apnader moto karor #bhakth hote chayna ....Seta Mamta hok ba modi"
821750890139688_1042029854196832,Bappa Khan যে বা যারা এই কান্ড ঘটিয়েছে তাদের শাস্তি চাই সোজা কথা 💯 আর একটা কথা আপনি পড়াশোনা করেছেন সেটা নিজের জন্য করেছেন এতে আমার দেশের কোনো উপকার হয়নি 💯 মানুষের মুখ আর বন্ধ করে রাখা যাবে না 💯
821750890139688_511140747994673,"Subhojit Dey I think apni bangla kom bujen,ami kothay bolechi manus mukh bondho rakhuk,ami bolechi WB police &KP onek valo kaj kore compare to other state,... Education nijer jnno kora Tate desh e lab hoy onno desh na ey tuku common sense rakhun...State&desh  problem life time thakbe karon sobay amra religion dekhe vote kori candidate dekha na"
821750890139688_863040145737286,ধন্যবাদ হুগলি রুরাল পুলিশকে। খুব সুন্দর মুহূর্ত
821750890139688_1143055966761805,रक्षाबंधन की हार्दिक बधाई एवं शुभकामनाएं
821750890139688_1056761965966391,আমরা দিদিভাইয়ের বিচার চাই। দয়াকরে আপনারা অপরাধিদের ধরুন প্রকৃতি কাউকে ক্ষমা করে না। আমাদের দিদিভাইয়ের মুখটা দেখেছেন জল নয় রক্ত ছিল এত পড়াশোনা করেও যদি আপনারা এমন করেন আমরা কাকে ভরসা করবো বলুন। একজন শিক্ষিত হতে লজ্জা করে আজ
821750890139688_1319818635651717,শুভ রাখী পূর্ণিমা
821750890139688_1894030977767916,Happy rakshabandhan ❤️❤️
821750890139688_2138359813231702,Happy Raksha Bandhan 🙏🙏🙏🙏
821750890139688_814654720871939,Happy Raksha Bandhan
821750890139688_526016029849236,সৌভ্রাতৃত্বের বন্ধন রাখিবন্ধনের অনেক অনেক শুভেচ্ছা ও শুভকামনা রইল 💐🙏
821750890139688_510071858177875,স্যালুট স্যার
821750890139688_3908250092790870,শুভ রাখীবন্ধন 💚❤️
821750890139688_2008901346179311,"শুভ রাখিবন্ধন উৎসবে আপনাদের সকলকে অনেক অনেক শুভেচ্ছা ও অভিনন্দন জানাই।

আপনাদের উপর পূর্ণ আস্থা ভরসা আছে আমাদের। 🥰🥰🙏🙏"
821750890139688_517993094014454,আজ বাঙালি এক হউক💚
821750890139688_1706823296794795,শুভ রাখী পূর্ণিমা।
821750890139688_855756392858614,শুভ রাখি পূর্ণিমা
821750890139688_1517266278880413,শুভেচ্ছা ও অভিনন্দন
821750890139688_485709714242991,"অনুরোধ, মেয়েরা লাঞ্চনার অভিযোগ নিয়ে গেলে এই দিনটির কথা মনে রেখে যেন সু বিচার পায়। তার অভিযোগ নেবার সময় কোনো চাপের মুখে যেন না পড়েন"
821750890139688_382097091581578,শুভ রাখি পূর্নিমা
821750890139688_1245609679945206,Happy Raksha Bandhan 💐
821750890139688_1692078504892406,HAMAARI KOLKATA /BENGAL KI YEHI  PEHCHAAN HE
821750890139688_1439788590014487,ধন্যবাদ আপনাদের
821750890139688_3522777041199373,কলকাতা পুলিশকে কিছু বলার নেই 😄
821750890139688_856096782804675,স্যালুট
821750890139688_1243072683380431,Joy Bangla 💚
821750890139688_1075290300889663,সকলকে জানাই রাখি পূর্ণিমার আন্তরিক শুভেচ্ছা ও অভিনন্দন জানাই..........
821750890139688_413040271255466,শুভ রাখী পূর্ণিমার শুভেচ্ছা ও অভিনন্দন 🥰❤
821750890139688_3822963748031214,"-------সবারে করি আহ্বান---
   বাঙালির ঘরে যত ভাই-বোন 
এক হউক , এক হউক, এক হউক, হে ভগবান।।

               এক সূত্রে বাঁধিয়াছি সহস্রটি মন,

                এক কার্যে সঁপিয়াছি সহস্র জীবন—

                        🙏  বন্দে মাতরম্‌ ।।🙏

প্রতীকি বন্ধন নয় , বন্ধন হোক আত্মিক। 
অঙ্গীকার হোক, সুরক্ষিত থাকুক সকল নারী ।।"
821750890139688_878407524341305,শুভ রাখীবন্ধন
821750890139688_379602264942959,শুভ রাখি বন্ধন
821750890139688_1227925218560957,আন্তরিক ও প্রীতি শুভেচ্ছা জানালাম!
821750890139688_946332480585333,Poem কোনো এক class er
821750890139688_2323670151298200,শুভ রাখী পূর্ণিমা
821750890139688_375857115557169,Laho pronam West Bengal police from arindam sarkar gs youth town coochbehar asst teacher
821750890139688_883817103642182,kolkata police ke tag kora jabe?
821750890139688_861308596103447,শুভ?
821750890139688_540349178441060,Kolkata police ❤️🤍
821750890139688_487235747586740,কলকাতা পুলিশ ❤️
821750890139688_1575889846637099,শুভ রাখিবন্ধন!!❤️
821750890139688_1141102143660380,আপনাদেরকেও রাখী পূর্ণিমার শুভেচ্ছা । মানুষের আপদে বিপদে পাশে আছেন বলেই আমরাও নিশ্চিন্ত।।
821750890139688_1916095345561494,মিলন উৎসব ।।
821750890139688_1519137015664282,Atikul Rahaman aj dekhbe lal bazar e Milan Utsav Doctor der
821750890139688_830063702547608,খুব সুন্দর
821750890139688_1147496769649128,Subho Rakhi Bandhyon.🙏🙏🙏
821750890139688_1538273753713559,শুভ রাখী পূর্ণিমার শুভেচ্ছা
821750890139688_946285573923777,"Prosenjit Roy Sayon M. Kaal dasnagor e aytaa e hocchilo, amraa bhul bhabechii!! xD"
821750890139688_1076852330676285,পুরো কবিতাটা যদি পড়া থাকে তাহলে বুঝতেন শঙ্খ ঘোষ কি বলতে চেয়েছেন - কেন কোন পরিস্থিতিতে তিনি একথা বলেছেন - আজকের জন্য যা বিশেষ ভাবে প্রযোজ্য
821750890139688_1014568020332760,জয় বাংলা!!💚✌️
821750890139688_1006245817912048,Joy bangla
821750890139688_1070814314714070,Satti ta samne niye asa dorkar
821750890139688_816874140632266,ভারতের মাটি।
821750890139688_1021966469143013,জয় বাংলা
821750890139688_7949081025212535,West Bengal police er opor Bharosa RAKHUN Sarkarer opor Rakhun R Nai Rakhun
821750890139688_1496402344337185,শুভ রাখীবন্ধনের শুভেচ্ছা
821750890139688_1053633719677427,"Hi, 🌹"
821750890139688_1030842935430402,সব ঠিক আছে তো কিন্তু বাঙালির আবেগের উৎসবের video তে যারা Haha react দিয়েছে তারা কি আদেও বাঙালি না অমানুষ?
821750890139688_536665228794230,https://www.facebook.com/61560832651428/posts/122119092824361088/?mibextid=rS40aB7S9Ucbxw6v এই ভিডিও টি যে বানিয়ে তাকে এরেস্ট করুন
821750890139688_505147228879998,Good acting 🙂👏
821750890139688_1225271828501757,শুভ রাখীবন্ধনের শুভেচ্ছা  !
821750890139688_1557095355219154,শুভ রাখীবন্ধনের শুভেচ্ছা ❤️
821750890139688_488822553790222,
821750890139688_1020146442726900,#HappyRakhshaBandhan
821750890139688_1039609211104876,💚💚💚
821750890139688_533808829205889,
821750890139688_396711499729468,
821750890139688_1157730338670725,
821750890139688_528599246397218,
821750890139688_498956059395895,💚💚💚💚
821750890139688_850297403743595,💚💚💚
821750890139688_517716593976109,💚💚
821750890139688_3339175713057267,💚💚💚
821750890139688_1254131525753282,💚
821750890139688_7877479389029617,❤️❤️❤️
821750890139688_808778358111596,🌹🌹
821750890139688_490617653718546,💚💚💚
821750890139688_1915969902158530,#শুভরাখিপূর্ণিমা
821750890139688_837020695209470,💚💚💚
821750890139688_462355316636305,❤️❤️❤️
821750890139688_1495401737746886,💚💚💚
821750890139688_1613084069269577,💚💚💚💚💚💚💚💚🙏🙏🙏🙏🙏🙏🙏🙏🙏🙏🙏🙏🙏🙏🙏🙏🙏
821750890139688_1204755943830319,🌹🌹🌹🌹🌹🌹🌹🌹
821750890139688_530980952933005,💚💚
821750890139688_2838309503191152,🙏🙏
821750890139688_1055789902844304,🐒🦥
821750890139688_341836898895574,❤❤❤
821750890139688_800286712255288,💚💚💚
821750890139688_1242197856960870,🙏🙏🙏
821750890139688_860201676063761,💚💚💚
821750890139688_932197062003346,💚💚💚💚
821750890139688_478742055014250,💚
821750890139688_1479278299391130,👍♥️💐
821750890139688_2227070964322805,💚💚💚
821750890139688_1547795992892913,❤️❤️
821750890139688_2250602698636200,💚💚
821750890139688_422114587532263,🇧🇩🇧🇩🇧🇩
821750890139688_1429352114399480,💚💚
821750890139688_1268718231161843,❤️
821750890139688_520839503734178,💕💕💕💕💕💕💕💕💕💕💕💕💕💕💕💕💕💕💕💕💕💕💕💕💕💕💕💕💕💕💕💕💕💕💕💕💕💕💕💕💕💕💕💕💕💕💕💕💕💕💕💕💕💕💕💕💕💕💕💕💕💕💕💕💕💕💕💕💕💕💕💕💕💕💕
821750890139688_1572047020394088,🙏🏻❤️🙏🏻
821750890139688_4169722106607181,🙏🙏🙏
821750890139688_1677579912997545,💞💞💞
821750890139688_520187983810055,💚💚💚
821750890139688_1452660908782640,💚💚💚
821750890139688_391576707377831,💚💚💚
821750890139688_820923236738816,💚❤️💚
821750890139688_3609550315964646,❤️❤️❤️❤️❤️❤️❤️❤️❤️❤️
821750890139688_1024045679371229,🙏🙏❤❤
821750890139688_865577218831084,💕💚💕
821750890139688_1681805679249393,💚
821750890139688_1013201020496794,🙏🙏
821750890139688_373995748897192,
821750890139688_1019194736424395,💚💚💚
821750890139688_381831071383864,💚💚
821750890139688_3879049525708561,👍
821750890139688_1285805375725617,শুভ্রদীপ্ত পাল
821750890139688_1493587577950987,
821750890139688_478836145116299,🙏🙏
821750890139688_813112874361688,💚
821750890139688_420437757687173,"সন্দীপ -বিনীত এর ফাঁসি চাই.... 
ফাঁসি না দিলে, রক্তের তৃষ্ণা এদের মিটবে না, আর রক্ত খাবে রাক্ষ*গুলো...."
821750890139688_1200497481072924,"We want justice
এরা মানুষ👇 নয় বলে কি এদের পৃথিবী তে থাকার অধিকার নেই 🫵"
821750890139688_1910492582804902,"চিত্ত যেথা ভয়শূন্য, উচ্চ যেথা শির,
জ্ঞান যেথা মুক্ত, যেথা গৃহের প্রাচীর
আপন প্রাঙ্গণতলে দিবসশর্বরী
বসুধারে রাখে নাই খন্ড ক্ষুদ্র করি,
যেথা বাক্য হৃদয়ের উৎসমুখ হতে
উচ্ছ্বসিয়া উঠে, যেথা নির্বারিত স্রোতে
দেশে দেশে দিশে দিশে কর্মধারা ধায়
অজস্র সহস্রবিধ চরিতার্থতায়–
যেথা তুচ্ছ আচারের মরুবালুরাশি
বিচারের স্রোতঃপথ ফেলে নাই গ্রাসি,
পৌরুষেরে করে নি শতধা; নিত্য যেথা
তুমি সর্ব কর্ম চিন্তা আনন্দের নেতা–
নিজ হস্তে নির্দয় আঘাত করি, পিতঃ,
ভারতেরে সেই স্বর্গে করো জাগরিত।"
821750890139688_1019778699456990,শুভ রাখী পূর্ণিমা আপনাদের সকলকে 🙏🙏🙏❤️
821750890139688_520810060415140,শুভ রাখি বন্ধনের আন্তরিক শুভেচ্ছা।।
821750890139688_1289777192405276,"শুভ রাখি বন্ধনের, 
আন্তরিক শুভেচ্ছা জানাই। 🙏🏻"
821750890139688_1081769666908987,"আপনাদের উপর আমাদের ভরসা আছে কলকাতা পুলিশ 🙏🏼

শুভ রাখিবন্ধন।"
821750890139688_1309334896709153,সকলকে রাখি পূর্ণিমার আন্তরিক শুভেচ্ছা ও অভিনন্দন জানাই..........
821750890139688_1694255848074218,"আপনাদের উপর আমাদের ভরসা আছে কলকাতা পুলিশ 💚।

শুভ রাখিবন্ধন।"
821750890139688_2503117376548506,শুভ রাখীবন্ধনের শুভেচ্ছা ও অভিনন্দন 🙏💞🙏
821750890139688_778691747805699,"আপনাদের উপর আমাদের ভরসা আছে কলকাতা পুলিশ 💚।

শুভ রাখিবন্ধন।"
821750890139688_838435325067748,"আপনাদের উপর আমাদের ভরসা আছে কলকাতা পুলিশ 💚।

শুভ রাখিবন্ধন।"
821750890139688_8137760932957398,"আপনাদের উপর আমাদের ভরসা আছে কলকাতা পুলিশ 💚।

শুভ রাখিবন্ধন।"
821750890139688_2531663223684656,আপনাদের উপর আমাদের ভরসা আছে West Bengal Police  💚
821750890139688_955491816243705,"আপনাদের উপর আমাদের ভরসা আছে কলকাতা পুলিশ 💚।

শুভ রাখিবন্ধন।"
821750890139688_865857098331263,শুভ রাখী পূর্ণিমার শুভেচ্ছা ও অভিনন্দন 🥰❤
821750890139688_537913055259447,"আপনাদের উপর আমাদের ভরসা আছে কলকাতা পুলিশ 💚।🙏

শুভ রাখিবন্ধন।"
821750890139688_1184956719421149,Thank you
821750890139688_1677921289707524,Ekhaneo Bangali Bangali chalu hoye geche !!?? Wah we are becoming racist....shame on u West Bengal Police
821750890139688_3768443606704533,K P মানে খুব পাজি
821750890139688_1963442910743151,"Bah ki dekha66o 
r ki kor6o  
Nijerai vebe dekho 
Barite asha kori tomadero ma bon a6e 
Mone rekho amra sobai varatbasi"
821750890139688_827114122945288,"এটা আপনাদের লজ্জা, 
মনে রাখবেন আপনাদের মেয়ে বা বোন বড় হবে।। সেদিন ও কী এভাবেই চটি চাটবেন??
আপনারা শুধু বঙ্গবাসী নন, ভারতবাসী আর আমার ভারত মা আমাদের নিজস্ব স্বাধীনতা দিয়েছে।
আপনাদের কাছে আমার অনুরোধ, আমরা জানি পঃবঃ পুলিশ চাইলে সব সম্ভব।। 

এই ধর্ষনের সাথে আমার কোনো সম্পর্ক নেই কিন্তু সেই মেয়েটাও তো কারোর মেয়ে,বোন,দিদি আর আমারো বোন দিদি আছে তাই 
আমি সঠিক বিচার,সঠিক শাস্তি দাবি করছি।

নাহলে আপনারা দেখবেন কোটি মহিলা মিলে একটা মহিলার বিচার করবে।।

পঃবঃ পুলিশ এ কর্মরত দিদিদের শুভ রাখি পূর্নিমার প্রনাম।।"
821750890139688_539470278509121,ঘেন্না রইলো
821750890139688_1085224409779705,"বোন টা কে তো রেপ করে মেরে ফেললো, তার আসামি রাও এখনো ধরা পড়ল না, সব জায়গায় যদি আসামি বেচে যায় তাহলে তো আগেও আরো বড় বড় ঘটনা ঘটবে, আর পুলিশ ও আসামিদের সমর্থন দিচ্ছে, এত তাড়াতাড়ি কি ছিল তার শরীর টা পুরানো, আর একবার পোস্ট মোর্টম করলেই হতো, এত তাড়াতাড়ি কেনো ছিল রাত্রে বেলায় পোস্ট মর্টেম সেটা এক  ডাক্তার তার  গণ  ধর্ষণ আর হত্যা হয়েছিল। এত কিসের ভয় যে সেই জায়গাই তাই pwd  দিয়ে কাজ শুরু করতে দিলেন, তাও 3 দিনের মধ্যে, সাধারণ মানুষের যদি কারোর ঘরে বা দুকানে  এই রকম  ঘটনা ঘটে তাহলে তার সেই ঘরটার চাবি পেতে মালিক কে 6 মাস লেগে যায়, এখানে এত সব কিছু তাড়াতাড়ি সব প্রমাণ মুছে ফেলার এত তাগিদ ছিল।যেদিন পুলিশের কারোর মেয়ের বা বোনের সাথে এমন হবে সেদিন দেখবো পুলিশ সেই আসামি কে কি করে বাঁচিয়ে রাখে। আর কেউ সত্যি বলতে ভয় পাবে না ,তাতে পুলিশ গুলি মারুক বা নেতা আঙুল ভেঙে দেখ। এক বোন গণধর্ষণ হয়ে  মরেছে  আর অন্য বোনেদের যেনো না হয় তাই ভাই দের জীবনের বলি চরলে সেও স্বর্গে যাবে।"
821750890139688_1296062601772717,"#justiceforRGKar 
#drmoumitadebnath"
821750890139688_1760526661417586,"এই সব লোক দেখানো বন্ধ করে আসল কাজ করুন
যে কাজ করার কথা সেটা তো কোনো দিন করতে দেখা যায় না। যদি একটুকুও লজ্জা বেঁচে থাকে তাহলে নারী সুরক্ষার জন্য যে আন্দোলন চলছে তাদের পাশে থাকুন ।আর দোষী দের শাস্তি দেওয়ার চেষ্টা করুন।
#wewantjusticeforrgkar #Wewantjustice"
821750890139688_1002666528263118,"যে রাজ্যে যে দেশে আমার বোন সেভ নয় সেখানে রাখি বন্ধন বৃথা। তখনই এর সার্থকতা পাবে যখন অপরাধীরা শাস্তি পাবে।
অনুরোধ এদের সঠিক ব্যাবসা নিন আপনারা🙏।"
821750890139688_3852331665001028,"রাখি যদি সত্যি মানেন তাহলে মেরুদণ্ড সোজা করুন , বর্ধমান এর মেয়ে দুটোর কেস এর জন্য কি প্রতিবাদ এর অপেক্ষা করছেন ?"
821750890139688_806736408301709,"রাখী পড়িয়ে  কি হবে দিদি যদি নিজের বোনকেই সুরক্ষিত রাখতে পারলাম না পুলিশ দিদি।
পুলিশদিদি আমার তরফ থেকে অনেক ভালোবাসা🙏"
821750890139688_421293303713704,Please help me 🙏
821750890139688_1245296850169140,"রাতের আঁধারে নিভে গেছে প্রাণ,  
একটি মেয়ে, ছিলো তার মিষ্টি গান।  
তার হাসি, তার স্বপ্ন, সব ছিনিয়ে নেয়,  
নিষ্ঠুর হাতে নির্মম মৃত্যুর ছায়া বয়।  

নির্দয় ভাবে শেষ হয় তার জীবন,  
শূন্যতার মাঝে রয়ে গেছে তার দহন।  
তবুও কোথাও, সুবিচার কি আছে?  
তার জন্য কি হবে একটুখানি আলো?  

বিচার চাই, তার নামে, তার স্মৃতিতে,  
এই পৃথিবীকে দোষীদের কাছে করতে হবে হীন।  
শূন্যতা ভেঙে, প্রতিশোধের শপথে,  
তাকে ফিরিয়ে দিতে হবে তার মর্যাদা, তার গৌরব।  

অন্ধকারে সে নেই, আলো চাই,  
বিচারের মশাল যেন জ্বলে ওঠে।  
তার প্রাণ হারালেও, তার সংগ্রাম নয়,  
বিচারই হবে তার শেষ বিদায়ের উপহার।  
#justiceforRGKar 
#justiceforabhaya 
#kolkata 
#CBIInvestigation"
821750890139688_1211183720029635,"পুলিশ তুমি চাটা বন্ধ করো, তোমার মেয়েও হচ্ছে বরো"
821750890139688_853912599693287,We want justice
821750890139688_1137729081331806,বুক কাছেনা আপনাদের??!
821750890139688_507772668606258,"জয় বাংলা জয় শ্রী রাম সত্য যেন সত্যি হয় টাকা 💰 সব কিছুই নয়, ও অহং শুধু আর মানুষ হয়েও মানুষ চিনতে পারে না।"
821750890139688_383726711424102,Shame on wb police jo abhi tak ek mujrim ko saja nhi dila payi or ye sab phokat ka reel upload krrahi h 🥹 West Bengal Police
821750890139688_541608874960602,Justice na dewar shob cheshta e toh kore gelen bon tar jonno! Happy Raksha Bandhan!
821750890139688_837469475028999,https://www.facebook.com/share/r/VBLsMjdVTomFLEMJ/?mibextid=oFDknk রাস্তার ফুটফাতে মলম বিক্রির জন্য আমার এসিস্টেন্ট হিসাবে এই মাল টাকে দরকার।
821750890139688_468476969350042,Nice
821750890139688_1062165515336921,Eivabe jodi dhorshok der o dhorte parten kotoi na valo hoto bolun !
821750890139688_884884730172597,#resignmamata
821750890139688_811791810764530,"আমাদের RG Kar এর দিদি ভাইকে ন্যায় দিন,
আমাদের দিদি ভাইকে যে সমস্ত খুনিরা খুন করেছে, সমস্ত খুনিদের ফাঁসিতে ঝুলিয়ে মৃত্যুদণ্ডের ব্যবস্থা করুন, শুধু একমাত্র আপনারাই পারেন ।।

আগে আমাদের দিদি ভাইকে ন্যায় দিন, তারপর সব কিছুই বুঝবো, শুনবো ।।
আজকের দিনে, একমাত্র আপনারাই পারেন ।।

পুলিশ আপনাদের জানাই ধিক্কার ।।"
821750890139688_895114169315235,"তানিয়া ইয়াসমিন তনু হাতে রাখি বাধবেন না ❓
মুর্শিদাবাদে রাম নবমীতে‌ যারা বোমা হামলা করেছিল তাদের হাতে বেধে দিয়েন 
হূমায়ুন ২ ঘন্টার মধ্যে হিন্দুদের গলা কেটে ভাগীরথীতে ফেলতে চাই তার হাতে ও ত নিশ্চয় রাখি বেধেছেন ❓"
821750890139688_1162552481482508,
821750890139688_373292882305582,"আর জি কর ঘটনার সুস্থ তদন্ত করে দোষীদের শাস্তি দিন , আজ অন্য এক বাবা মা তাদের মেয়েকে হারিয়েছে ,আগামীতে যেন আপনাদের ( পুলিশ পরিবারের) যেন কেউ না হারায় সেই ব্যবস্থা করুন"
821750890139688_463062613233454,Dhikkar janai tomader
821750890139688_2214281758942128,Apnara bangali ar kolonko...Doya kore nijeder bangali der theke dura rakhun ...Samne Durga Pujo apnader diye e Mahisasur bodh ta suru hobe...
821750890139688_815642223887521,babago natok
821750890139688_2219746708377495,"Police eta name matro revolverer guli kono din choleche joining theke ses din ekta guli ses hoy na
na ami noy apnarau manus hobe sob hobe"
821750890139688_346776055170500,Ki dorkar esober pichone eto khorcha korar sothik bichar ta hole valo lagto 😌
821750890139688_855332289884947,কালকে একটা অদ্ভুত স্লোগান শুনে বিস্মিত হলাম - পুলিশ তুমি মারছো মারো তোমার মেয়েটাও হচ্ছে বড়ো। শেষমেষ এটা শুনতে হবে ভাবতে পারিনি।আমরা লজ্জিত।
821750890139688_1971489679988487,সুরক্ষা দিন আগে এই সব পরেও করা যাবে কোন মুখে রাখী পরেন লজ্জা লাগে না বোন দার সুরক্ষা দিতে পারেন না দুই কান কাটা কুকুর এর ও লজ্জা থাকে । লক্ষী আপনাদের ঘরেও আছেন ।
821750890139688_1219018382751057,"West Bengal Police আপনাদের সকলকে শুভ রাখি বন্ধন উৎসবের শুভেচ্ছা 🙏
আজকের দিনে আপনাদের কাছে অনুরোধ রাজনীতির চাপে কোনো অপরাধীর অন্যায়কে আড়াল করবেন না 🙏🙏"
821750890139688_688324816838376,"Admin, barite aj ki gift niye jaben bon er jonno??"
821750890139688_1477879889763337,Esob na kre nijder asol kaj jeta তিলোত্তমার khuni der dhora seta krle sobai khub khushi hbe
821750890139688_479268378334699,মৌমিতার ধর্ষক ও খুনিদের কি খবর!!
821750890139688_1861076067704769,ছিঃ পুলিশ ছিঃ
821750890139688_1557111288208548,"Sudhu gare dhorle hobe , desh er bon der k o save korte hobe ..."
821750890139688_869880205032593,রাখি পূর্ণিমা আর শুভ হল কোথায়🥲 দাদা হয়ে যদি রাজ্যের মা-বোনদেরই সুরক্ষিত না রাখতে পারেন🙂
821750890139688_1578294666161706,#justiceforRGKar
821750890139688_2524699787716801,"অশুভ রাখী বন্ধন, বিচার চাই"
821750890139688_925526708940921,"মেয়েদের , সুরক্ষা  না দিতে পেরে । 
যখন সিম্পেথি , পাওয়ার জন্য । আবেগকে ভাসে ।
    ( একমাত্র সোশ্যাল মিডিয়ায় দারুন একটিভ দেখছি )"
821750890139688_1879812942524648,Dhorte to parlen na rapist ke... Aar lok dekhiye Rakhi purnima kore luv nei. Nischup vabei palon korun nijeder colleague der modhye...
821750890139688_1038873237775856,Amr Bon guloke firiye de de firiye
821750890139688_878996647620813,"যাদের কাছে বাংলার মেয়ে বোনকে রক্ষা করার কোনো ক্ষমতা নেই , তাদের এই রকম ভিডিও post করার কোনো মানে হয় না।।।#justice for moumita .."
821750890139688_513385981223027,#justiceforRGKar
821750890139688_390861047449045,Age Doshider dhoro . Agulo fb te na dileo cholbe.
821750890139688_874830728035957,"ওহে পুলিশ চিন্তা করো, 
আমার  তোমার সবার মেয়ে , 
তারাও তো হচ্ছে বড় ।"
821750890139688_883281333649163,"আমাদের রাজ্যের পুলিশ আমাদের গর্ব
Teams #AITCSSMC"
821750890139688_2197027504006079,"আপনাদের উপর আমাদের ভরসা আছে কলকাতা পুলিশ 💚।

শুভ রাখিবন্ধন।"
821750890139688_865538518843808,কোনো ভরসার যোগ্য না আপনারা।
821750890139688_3975446916074884,Lojja nai upna der.
821750890139688_507934095088721,"পুলিশ তুমি চিন্তা করো ,
তোমার মেয়েও হচ্ছে বড় ."
821750890139688_1266816034692613,"পুলিশ তুমি চিন্তা করো ,
তোমার মেয়েও হচ্ছে বড় ,"
821750890139688_870206438323697,LOJJA LAGA DORKAR...
821750890139688_1039106534411493,🤣🤣 police er natok.....
821750890139688_1874600816384252,"আর জি কর এর বোনটিকে ধর্ষণ করে খুন করলো আপনারা অপরাধীর কোনো খোঁজ পেলেন না। আপনাদের রাখি পোস্ট করাই উচিত না। 
হাওয়াই চটির তো সেই স্বাদ মনেহয় এইজন্যই পশ্চিমবঙ্গের ধর্ষকরা শাস্তি পায়না"
821750890139688_970725478158773,থামুন তো আপনারা।
821750890139688_1036501421596807,Aar koto natok korben?? Urdir jore normal public ke onek harras e to koren kaj er Kaj kicchu korte paren na apnara konodin e🫠🫠🫠🫠 jonogon khepe gele kintu apnader somossa ache somoy ache shamle Jan onek to holo aar koto??
821750890139688_1008184554321105,"শাসক দলের মার খাওয়ার ভয়ে টেবিলের তলায় লুকান। এদিকে জনগণ অন্যায়ের প্রতিবাদ করতে গেলে ধরে পেটান। গ্রেফতার করেন, ফোন করে ভয় দেখান, এরকম করলে কিভাবে থাকি বলুন তো?"
821750890139688_1210997499913384,স্যার প্লিজ হাসাবেন না।
821750890139688_1646979796152662,Age maa bon dr suraksha din...dhorshok ar rakshak na hoye sirdara soja korun...asun ek sathe lorai kori
821750890139688_3803569893263754,রাখি বন্ধন উৎসবের মতো একটি বিবাহ বন্ধন উৎসব ও পালন করা হোক রাজ্যের সকল বেকার যুবকদের জন্য। এতে বেকার যুবকেরা একটা চিন্তা মুক্ত হবে। ধন্যবাদ 🙏
821750890139688_519979510433611,Khankir chelder rakhi abar poriy
821750890139688_1023266569344502,"ওয়েস্টবেঙ্গল পুলিশ কে আমার অনুরোধ আপনারা কি সত্যি পুলিশ না, অন্য কিছু আপনারা তো সব আগে থেকে জানতে পারেন তো চার মাস পেরিয়ে গেলো আমার একটা বাইক চুরি হচ্ছে পশ্চিম মেদিনীপুর এর শালবনি থেকে কোই সেটা তো আজও শালবনি থানার পুলিশ বের করতে পারলো না সব থেকে হাস্যকর বেপার হলো যে বাইক টা চুরি করে নিয়ে গেছে সেটা পুলিশ জানে তাও বের করতে পারছে না কেন। সব জানার পরেও পুলিশ হাতে চুরি পরে আছে নাকি। পারলে কমেন্ট এর রিপ্লাই দিবেন না হলে পুলিশ পরিচয় টা দিবেন না"
821750890139688_1075593377527502,এগুলো কিন্তু পুলিশ তোমার duty নয়।
821750890139688_405777159284173,"দয়া করে পূর্ব বাংলার মানুষদের দিকে একটু তাকান। বন্যায় সব শেষ। মসজিদ, মন্দির, স্কুল, মাদ্রাসা, ও মানুষের বাড়িঘর সব পানির নিচে। একটু তো বাংলার মানুষের জন্য আওয়াজ তুলুন।"
821750890139688_856381832792972,"দয়া করে পূর্ব বাংলার মানুষদের দিকে একটু তাকান। বন্যায় সব শেষ। মসজিদ, মন্দির, স্কুল, মাদ্রাসা, ও মানুষের বাড়িঘর সব পানির নিচে। একটু তো বাংলার মানুষের জন্য আওয়াজ তুলুন।"
821750890139688_1864740470672840,"দয়া করে পূর্ব বাংলার মানুষদের দিকে একটু তাকান। বন্যায় সব শেষ। মসজিদ, মন্দির, স্কুল, মাদ্রাসা, ও মানুষের বাড়িঘর সব পানির নিচে। একটু তো বাংলার মানুষের জন্য আওয়াজ তুলুন।"
821750890139688_475900118541476,"দয়া করে পূর্ব বাংলার মানুষদের দিকে একটু তাকান। বন্যায় সব শেষ। মসজিদ, মন্দির, স্কুল, মাদ্রাসা, ও মানুষের বাড়িঘর সব পানির নিচে। একটু তো বাংলার মানুষের জন্য আওয়াজ তুলুন।"
821750890139688_464124716441980,"দয়া করে পূর্ব বাংলার মানুষদের দিকে একটু তাকান। বন্যায় সব শেষ। মসজিদ, মন্দির, স্কুল, মাদ্রাসা, ও মানুষের বাড়িঘর সব পানির নিচে। একটু তো বাংলার মানুষের জন্য আওয়াজ তুলুন।"
821750890139688_3917426548501769,"Bike dhora Chara r ki janen apnara , chor dakat to dhora vulei gachen , apnader hatei sob rajjo take Bachan 🙏"
821750890139688_1163729958250235,আপনারা কি সেই বোনেদের রক্ষা করতে পারবেন ? একটা সকলের বোন মারা গেছে তার অপরাধী কে খঁজতে তো সত্যাতার সাথ দিন
821750890139688_1196297384851368,"আর জি কর এ CRPF,CISF । আপনাদের যোগ্যতা কোন পর্যায়ে পৌঁছেছে ভেবে দেখেছেন ?"
821750890139688_356793557479894,"Overload গাড়ী চালাচ্ছে কিনা, প্রাইভেট গাড়ী ভাড়া খাটছে কিনা, Helmet না পড়ে বাইক চালাচ্ছে কিনা, রাজনৈতিক নেতা আর পাড়ার ক্লাবকে টাকা না দিয়ে কেউ নিজের জমিতে পাঁচিল তুললো কিনা.... এইগুলো দেখা বেশী Important... মানুষকে Safe feel করিয়ে কী হবে?"
821750890139688_810163371198911,Thak sir apnader chena hoegeche
821750890139688_510332838208547,"Ajke rakhi badhar duty chilo wbp o kp der, crime er biruddhe aimoto mon diye investigation korle amar mone hoy rakhi badha theke ota te bangali besi santi o khusi te bas korte parto"
821750890139688_7949733711812032,"बंगाल पुलिसने जिहादी मोमटू के इशारे गैंग रेप और हत्या को पहले डॉक्टर बीमार है बताया, फिर आत्महत्या बताया, फिर सारे सबूत मिटा दिए, फिर लोक आंदोलन के दबाव में किसी टुच्चे को पकड़ लिया असली जानवरो का नाम छुपाने. ये पुलिस है या आतंकवादियों का अड्डा?"
821750890139688_1658849024848595,"কার হাতে কে রাখী বাঁধছে! 😄🤦
যাঁরা রাখীর মানে জানে না তাদের রাখী বেঁধে লাভ নেই।"
821750890139688_499753609308109,Shame on u Bengal Police
821750890139688_1644590099721908,"মা মাটি মানুষ জিন্দাবাদ 😈
প্রমোশন পাকা ✅"
821750890139688_1220461042294582,😡😡😡
821750890139688_1837767496745928,Meyetar bichar korun
821750890139688_452991454402607,ধর্ষেনের রেট কি বাড়াবেন না থ্রেটনিং বাড়াবেন?
821750890139688_1569824420626806,
821750890139688_1474439159888190,আগে ভাই হয়ে বোনেদের পাশে থাকুন তারপর এসব পোষ্ট করবেন।
821750890139688_376631188792076,Kothya acha ak Kan kata jai lukiya r 2 Kan kata jai buk chitiya
821750890139688_3985949151734640,সবুজ চুরি দেবো?
821750890139688_872341134946780,"এখনো সময় আছে রাখি বাঁধা ছেড়ে দিয়ে পশ্চিমবাংলার মুখ্যমন্ত্রী C. M কে একটু পদত্যাগ করান। না হলে প্রতিবেশী দেশ বাংলাদেশে যে ঘটনা ঘটেছে পুলিশের খবর দেখছেন তো পুলিশ মামা রা।

 শুভ রাখী পূর্ণিমা।  🙏"
821750890139688_531592309403210,Apnara order hishabe kaj korchen bujhlam but ki thik ki bhul apnarao janen tar poreo keno Emon koren apnara eta bujhina 🙂
821750890139688_1011862936920948,Kolkata police k eai sob manay naa .............ora Taliban er jaat 🥵🤤🥵🥵🥵🥵🥵🥵🥵🥵
821750890139688_1156197985459737,"আর জি কর হাসপাতালের মেয়েটা আপনাদের মেয়ে, বোনের মতো ছিলোনা? একমাত্র আপনারাই এই জঘন্য সরকার টা কে চলতে সাহায্য করছেন,নইলে চটি সরকার অনেক আগেই মানুষের মন থেকে সরে গেছে। ধর্ষক কে প্রটেক্ট করছেন দেখেন ওরাই আবার আপনাদের পরিবারের ক্ষতি না করে দেয়।"
821750890139688_522787220266939,Anjali Sarkar right
821750890139688_470046102659378,"যে রাজ্যে মহিলা দের কোনো সুরক্ষা নেই সেখানে রাখিবন্ধন শুভ হয় কি করে?
আপনারা আয়নার সামনে দাঁড়িয়ে নিজেদের প্রশ্ন করুন তো।
আপনাদের বাড়িতে ও মেয়ে, মা, বোন আছেন।
ওনাদের প্রশ্ন করে দেখুন তো।
ওনারা নিরাপদ মনে করেন কি না?"
821750890139688_787933366582300,"আসল জিনিসটা বেঁধে রাখতে শিখুন প্রথমে।
রাখি না বাঁধলেও যায় আসেনা।"
821750890139688_827208596273176,#resignmamata
821750890139688_1171705270791832,Shame on west bengal police one of the worst department of Bengal shame shame shame u destroyed our country's nam world wide #we_want_justice_for_lady_dr
821750890139688_1157053795396232,"বাঙাল_ঘটির একটাই স্বর 
   জাস্টিস ফর আরজি কর"
821750890139688_533194735901608,The Most useless police 🚔 west bengal police.  Its not your fault. U need fallow the CM ORDER. SHE MOST ANIMAL CM EVER IN BENGAL. JUST FOR RG kar.
821750890139688_1051371569751401,DIB VERIFICATION (ESP PASSPORT) যে মিষ্টি খাওয়ার জন্য দক্ষিণা দাবি করা হয় সেটা বন্ধ করলে হয় না ?
821750890139688_2857100831108728,"আপনাদের হাত থেকে রাখি পরার ইচ্ছে মোটেই নেই, আপনারা রক্ষক নয় ভক্ষক"
821750890139688_459278107089446,Thak are kichu bollam na dictator ship kake bole seta apnader are apnader netri k dekhlei bojha jai jai apnara korechen ba korchen tate apnader ei suddho o subho rakhi bondhoner moto post kore setak kolongkito korben na 🙏 shame on Kolkata police
821750890139688_2913554565449240,https://www.facebook.com/share/v/qJZL6Wxr2QgXsg6A/?mibextid=xfxF2i
821750890139688_1048540490347041,যে প্রশাসন বাংলার মা বোনেদের সুরক্ষা দিতে পারে না তাদের রাখি পূর্ণিমার রাখি পালন করার কোন যোগ্যতা নেই।
821750890139688_489330960659781,Asit Bhandari akdom
821750890139688_1027587945695302,Ager photo ai year a kono meya west bengal police k rakhi porate jay ni ...... J kota geche .... Choti chata .... Nijer sathe jedin amon hobe sedin bujhbe
821750890139688_814284114207210,যারা পুলিশকে ভালো বলছে তাদের প্রোফাইলে একটা ব্যাপার সেম দেখবেন🙂যাই হোক জয় বাংলা💚
821750890139688_490056000625043,
821750890139688_1030008955173192,লজ্জা বোধ বলে কিচ্ছু নেই আপনাদের
821750890139688_1836833903505746,রাখী বেঁধে কি হবে? সেই তো ক্ষমতাবান রা রেপ মার্ডার করলে ধরবেন না! উল্টে প্রমাণ লোপাট করবেন
821750890139688_468073746135822,হাইসোকর
821750890139688_1216264709411229,রাখি বন্ধন এর মানে বোঝেন আপনারা???
821750890139688_514898697689040,"অশুভ রাখিপূর্ণিমা!

এই প্রথম মেয়েরা পুলিশদের রাখি পড়ানো তো দূর উল্টো ঘেন্নার চোখে দেখছে বলে আমার মনে হয়।
কারণ আর বলার প্রয়োজন আছে বলে মনে হয়না তারজন্য মেরুদন্ড সোজা রেখে কাজ করতে হয়।
প্রশাসনের শুভ বুদ্ধির উদয় হোক।🙏🏼"
821750890139688_485327101031867,"মোনে রাখবেন চোরের মায়ের বড়ো গলা ""
চোর কী মাই জোরসে বোলে""
Mother off chorer big gola vou vou 🤡"
821750890139688_815496193738236,Justice kahan giya
821750890139688_8007752359293364,"""পুলিশ তুমি চিন্তা করো, তোমার মেয়েও হচ্ছে বড়""

#rgkarmedicalcollege 
#Asifa"
821750890139688_1155476988898283,"#justiceforRGKar
#Wewantjustice"
821750890139688_1045505723954141,"লজ্জা লাগা দরকার,,,,, আপনাদের,,"
821750890139688_1086833126170289,#kolkataPolice we want justice
821750890139688_1219724529067909,বোনেদের নিরাপত্তা দিতে পারেননা আর এইসব পোস্ট করেন বসে।
821750890139688_874782781199722,Amra ek hoyechi to.. Ek hoyechi bolei to apnar malik bhoi peyeche.
821750890139688_1147812462978468,"Last e bangali der ei maro ba bangalit mar khao
Koto students mara Sir ba koto ba students mar kabe
Apnader chle mae rao boro hobe"
821750890139688_469298782543470,#justiceforRGKar
821750890139688_1707302046751053,Hij ra po lice
821750890139688_909170344583559,Aniruddha Ghosh sei🥲😌😌
821750890139688_854423326269043,Tahole bon ke jara rape korlo r tader jara aral korche tader keo ektu dhorun
821750890139688_830766302535122,"বেঁধে থাকতে গেলে তো আবার লাঠিপেটা করে ভ্যানে তুলছেন এখন, তাহলে ফেসবুকে পোস্ট করে কি লাভ বেঁধে থাকার?"
821750890139688_519166527238875,"শুভ রাখিবন্ধন কলকাতা @ ওয়েস্টবেঙ্গল পুলিশ 💞. 
আইন ভঙ্গকারী রাজ্য পুলিশের ইন্সপেক্টর বড়জোড়া থানার Ex IC ( আসানসোল সাইবার থানার IC ) বিশ্বজিৎ মুখার্জীর বড়জোড়া থানার সিভিক ভলেন্টিযার কঠিন শাস্তি চায়। রাজ্য পুলিশের DG স্যার এর দৃষ্টি আকর্ষণ করছি। 19 নভেম্বর 2019 পুলিশ অফিসারের দাদা গিরি মানছি না মানবো না। 👍"
821750890139688_1092587328869381,"Doshider sasti paiye dekhan agey, tarpor rakhi poraben. Karon 14th august e RG Kar e joto police chilo tara brick throw korchilo vara kora gunda der opor. Ar 18th august e jara protest korte geche, tader arrest korchilen. Bolchi je lojja kore na?"
821750890139688_544318791492534,"পৃথিবীতে ভারত-ই একমাত্র দে-শ যেখানে প্রতি ২মিনিটে একটি নারী ধর্ষণ হয়। 

আমি তীব্র নিন্দা জানাই 

ডাঃ মৌমিতা দেবনাথ 😭"
821750890139688_531322309239767,বাড়িতে মা স্ত্রী কন্যার কাছে মুখ দেখাতে লজ্জা করে না?
821750890139688_386036617859458,"পুলিশ তুমি ও চিন্তা করো
তোমার মেয়েও হচ্ছে বড়ো 
😔😔😭"
821750890139688_1191831415192729,Natok West Bengal Police   thu ... Lojja lagey na ..
821750890139688_341890102225071,"আগে সত্যের হয়ে দাঁড়ান। ন্যায় আনুন, নিজেদের ক্ষমতা সঠিক ভাবে প্রয়োগ করুন তারপর শুভ বার্তা দেবেন। নাহলে অযথা শুভ বার্তা দেওয়ার দরকার নেই। বিচার না হলে আর কোনোদিন কোনো মেয়েই এই দিন টিকে পালন করতে চাইবে না 😔"
821750890139688_360876247079255,"যতই গান দিয়ে ছবি ভিডিও পোস্ট করুন শিরদাঁড়া সোজা রেখে দলদাস না হয়ে রাস্তায় প্রতিবাদ করতে বেরোনো ভাইবোন দের যতক্ষন না সুরক্ষা দিচ্ছেন মানুষের ভরসা , বিশ্বাসযোগ্যতা র জায়গায় পৌঁছাতে পারবেন না।"
821750890139688_1220129982463657,যারা রাখি পড়াচ্ছে তাঁদের মান রক্ষা করবেন প্লিজ 😌
821750890139688_1728206237956334,"West Bengal Police  আমার এটি প্রশ্ন আছে, এই যে আপনারা পুলিশের নামে গুন্ডা বাহিনীর দল, কোন দিন যদি আপনাদের ঘরে মা, বোন,  মেয়ের হাল যদি এ রকম হয় , সেদিন ধর্ষক দের বাচাবেন তো ?? এখন যেমন টা করে সব প্রমাণ লোপাট করছেন ঠিক তেমনটা করবেন তো ?? নাকি তখন আপনাদের মনে পড়বে মেয়েটি আপনার সুখের শখের মা, বোন,  মেয়ে ছিল???"
821750890139688_948320983764387,"मोना पुत्र प्रतीक ওনারা কি তোমার প্রশ্নের  উত্তর দিতে পারবে ! ওনাদের বাড়িতেও মা-বোন ,মেয়ে  রয়েছে। ওনারা সেটা ভালো করে জানে। তারপরেও ওনারা টাকার লোভে প্রমান লোপাট করেছে । কেননা ওনারা জানে তাদের বাড়ির মেয়ে আজ সুরক্ষিত রয়েছে কিন্তু আজ ওনাদের টাকার প্রয়োজন ।"
821750890139688_830980832437055,"গার্লফ্রেন্ড এর জন্য কিছু কাচের চুরি অর্ডার করেছিলাম আর একটা দামী ব্রা। আজকে গিফট গুলো দিতে যাই, দিতে গিয়ে ধরা পড়ে যাই। ওর বাবা মা জবরদস্তি করে আমায় রাখি পরিয়ে দিল। ভাবছি যে এই চুরি আর দামী ব্রা কি করবো!! পরে আমাকে একজন বুদ্ধি দিলো, আরজি কর ঘটনার পরেও যাদের বিন্দু মাত্র লজ্জা শরম হয় নি, উল্টো ওপেন ক্যামেরায় হুমকি দিচ্ছে, তাদের এটা দিয়ে দেই।  কিন্তু কাকে ছেড়ে কাকে দেব, বুঝতে পারছি না।"
821750890139688_859227572411963,Justice for RG KAR
821750890139688_512433648406899,"এদিকে মহিলা দের ওপর লাঠিচার্জ করে ওই দিকে রাখিপূর্ণিমা পালন হচ্ছে, মাননীয়া র যোগ্য সাগরেদ আপনারাই! বলি বাড়িতে গিয়ে আয়নাতে নিজের মুখ দেখেন কি করে? লজ্জা করে না?"
821750890139688_885886936739626,#justiceforRGKar
821750890139688_1508447936706090,We want justice
821750890139688_1919950105110976,We want justice for RG Kor 🥺
821750890139688_326365070472283,"আজ রাখি বন্ধন উৎসব 
 আমি রক্তিম অভিনন্দন জানাই সেই সমস্ত মা-বোনদেরকে যারা কিনা বিভিন্ন উগ্রবাদী সন্ত্রাসবাদী জঙ্গি বাদী দলের ছেলেরা যেভাবে মনিপুরের দুর্গাকে রাস্তায় উলঙ্গ করেছিল তদ্রূপ নন্দী গ্রামের মাটিতেও গতকাল কি বাংলার দুর্গা কি নগ্ন করে ৩০০ মিটার হাঁটিয়ে তারপর টর্চার করেছে এবং তার ১৩ বছরের কন্যার উপরেও তারা নিগ্রহ করেছে। তারপরেও তারা প্রতিবাদ করতে কম করে নাই। 
এইরকম মা-বোনদেরকে আমার পক্ষ থেকে জানাই হার্দিক রক্তিম সংগ্রামী অভিনন্দন।"
821750890139688_810132864277911,"যে রাজ্যে বোনেরা সুরক্ষিত নয়, সেই রাজ্যের পুলিশ নাকি রাখীর শুভেচ্ছা দিচ্ছে!"
821750890139688_845663824357647,"মুসলিম মেয়েরা হিন্দুদের রাখি পড়াচ্ছে, এমন সাম্প্রতির ছবি কবে পাব🤔🤔🤔"
821750890139688_1060225242125801,"আগে বোন দের রক্ষা করার দায়িত্ব টা পালন করুন 
🙏🙏"
821750890139688_1044501537046985,"পুলিশ তুমি চিন্তা করো 
তোমার মেয়েও হচ্ছে বড়ো..... 

মদ, জুয়া, সাট্টা, এবং দুস্কৃতিতে ভরে উঠছে সমাজ  
একটা সময়ে তোমরা সবাই নিরাপত্তার অভাব অনুভব করবে..."
821750890139688_868893921796247,"ধিৎকার জানাই ওয়েস্ট বেঙ্গল পুলিশ কে এই রাজ্য তে নারীর সুরক্ষা দিতে পারেন না আবার এসেছেন রাখী পূর্ণিমা পোস্ট করতে 
#justiceformoumita"
821750890139688_1700667140687777,Bonta ke rokha korte parlen na ...... Kikore suvo rakhi purnima boli bolun to
821750890139688_1200645677640485,চটি চেটে এখন ন্যাকামী!!!
821750890139688_961576072406085,Aj rakhi purnima na de amr bon guloke firiye de
821750890139688_3912160199017332,Didi k bolun akta kobita likhte
821750890139688_1019786079652072,🤣🤣🤣🤣🤣🤣
821750890139688_1150180213394668,apnara low an order k thik korun.sotto ar nistar songe kaj korun atai aasa rakhchi.Happy raksha bandhan.
821750890139688_540256071765817,"নবান্নে যান দিদি নোট দিয়ে রাখি বানিয়ে রেখেছে।
থু কলকাতা পুলিশ।"
821750890139688_3390533317910000,"রাখী কিসের রাখী যেখানে মেয়েরা সুরক্ষিত নয়! যেদিন মহিলারা নির্দ্বিধায়, নির্ভয়ে চলতে পারবে সেদিনে রাখীর কথা ভাববেন!"
821750890139688_1555964801798298,চটি চেঁটে চেঁটে জিভ টা আছে এখনো?
821750890139688_512031941329466,মা বোনের সুরক্ষার বেলায় ঠুঁটো জগন্নাথ। ঘটা করে আবার রাখি বন্ধন করছে! লজ্জা করেনা তোদের? ছিঃ
821750890139688_845303594281838,ধিক্কার তোদের
821750890139688_1047043570365198,Ar koto natok dakhabo ........😃
821750890139688_1495908421297612,Koto Jon ke notice pathaben
821750890139688_854174386775842,"এতো এতো মেয়ে যেখানে ধর্ষণ হচ্ছে, এতো মা বোনের শ্রীলতাহানি হচ্ছে সেটার বেলায় শাসক দলের পোষা কু*** দের ঘটি বেঁকে যায় 😅

এখানে আবার.... 🤣🤣🤮🤣"
821750890139688_1036040218058511,Age MA ar Bonder Surokhhar babostha Nishit korun
821750890139688_1424911278127548,Dohai apnader Rakhi Utsav
821750890139688_2059854007857441,পুলিশের ইউনিফর্ম খুলে ভ্যান চালাও অনেক সম্মান।
821750890139688_1246066793049032,Momitha debnath ko justice dilao sir ji nhi to aise rakshabandhan ka koi value nhi rah jata
821750890139688_1311200379888208,আপনাদের যদি গালাগাল করি তাহলে কি কোনো সমস্যা আছে? না মানে সাইবার ক্রাইম কলকাতা হেড অফিস থেকে নোটিশ দেয়া হতে পারে তাই জিজ্ঞাস করলাম। 🙂 ওহ সরি এই সবুজ লাভ টা আপনাদের জন্য 💚 জয় বাংলা 😀
821750890139688_798286865799673,"""পুলিশ তুমিও চিন্তা করো
তোমার মেয়েও হচ্ছে বড়"""
821750890139688_872667808118934,"🥲chi vai ki rajjo 🥲lojja lagcha, aj Amer bon bollo dada tui rakhi porbi?? Ami bollam na re bon,o choto class 10 a pore tao bollo dada amra safe to???bolun ki ans dabo bon k????"
821750890139688_1202734434372905,"কী হবে রাখী বন্ধন পালন করে - যখন আপনারা বাংলার বোনদের রক্ষা করতে পারেন না - ন্যায় বিচার দেওয়ার ব্যবস্থা করতে পারেন না!!

"" আর জি করের "" বোন-টার কী দোষ ছিল সেও একজন নারী আজ সেও হয়তো তার ভাই কে রাখী পড়াতো !!

We wone justice ⚖️"
821750890139688_427189773802073,আপনাদের যারা আজ রাখি বাঁধলো তাঁরা কী সুরক্ষিত ?
821750890139688_802875415350342,https://www.facebook.com/share/p/g2n6osGqDEBVU8ca/?mibextid=oFDknk
821750890139688_518295957434864,"ভূলে গেলে কলকাতা🤔,  
       এই কলকাতা পুলিশের ভরসায় দুর্গাপূজায় নিশ্চিন্তে সারারাত ঠাকুর দেখো।"
821750890139688_1696422054491725,"Amit Kar তারজন্য  অন্যায়ের প্রতিবাদ করবে না কেউ !!! আর তাছাড়া ওটা ওনাদের ডিউটি, আমাদের ট্যাক্সের টাকায় মাস গেলে মাইনা পান। কোনো চ্যারিটি করছে না।"
821750890139688_814070397377602,Amit Kar আমরা সবাই রাষ্ট্রকে ট্যাক্স পেইড করি । উই আর ট্যাক্স পেইড সিটিজেন ।
821750890139688_1524138891558499,Amit Kar  🤣🤣
821750890139688_871792071014509,Amit Kar এই ম্যাক্সবাদী কুত্তারা বুঝবে a
821750890139688_1069308091226282,Ei page ta ke abar report marte echha korche
821750890139688_3907977319445437,Hashyokor.. Hathi k mere Durga k mere esb manae na... Uttor din age jonogon k..
821750890139688_463844706518856,First bon k suroksha...tar por rakhi
821750890139688_1035966571415703,Natok kom koro piyo
821750890139688_512361681340143,"মানুষের বিশ্বাস হারাচ্ছেন আপনারা, সাবধান হোন।"
821750890139688_1748960925875359,"Jara rape kora 6a tadr dhoun aga tr por Rakhi palon krbn ,khali bike ,Gari dhora r koto din ???"
821750890139688_892755522899529,"Ensure Safety for Women and Civilians. 

That would be greatest Rakhi gift."
821750890139688_409505571678480,আপনারা এই মুহুর্তে লজ্জা আমাদের কাছে। দুঃখীত আপনাদের এই পরিস্থিতি সির দাঁড়া পযন্ত বিক্রি করে দিয়েছেন।  সাধারণ মানুষ দের মারছেন যারা প্রতিবাদ করছে। 🙏
821750890139688_808665041423764,Eta to Mamata Banerjee er lekha gaan 🥺
821750890139688_1229143094771802,"রাখী পড়ানো বড়ো কথা না স্যার কিন্তু দাদা দের প্রথম কর্তব্য হলো সুরক্ষা করা? তো ওই সুরক্ষা কেনো পাইনা আমরা? কোনো কথা খারাপ লাগলে ক্ষমা করবেন। কিন্তু সত্য তিক্ত হলেও সত্য , হ্যাপি রাখী।"
821750890139688_1516864203047331,ওয়েস্ট বেঙ্গল পুলিশ কেন এত রাখি বন্ধন এর শুভেচ্ছা. যেখানে মেয়েদের কোন নিরাপত্তা নেই. আসল দোষী শাস্তি পায় না. কিসের উৎসব কিসের রাখি বন্ধন?
821750890139688_3556395241266379,"আজ মিছিলে বহু স্লোগান দেওয়া হয়েছে। তবে স্পর্শ করে গেল একটি স্লোগান.... 

""পুলিশ তুমি চিন্তা করো , তোমার মেয়েও হচ্ছে বড়"""
821750890139688_868721337947893,"আপনাদের বলছি পুলিশ, আপনারা জনসাধারণের সঙ্গে থাকুন। এই ঘটনা আপনাদের মেয়েদের সঙ্গেও হতে পারে। যারা প্রতিবাদে পথে নামছে, তাদের ধমকে ভয় না দেখিয়ে তাদের সুরক্ষা দিন। রাখি বন্ধনে বোনেদের সুরক্ষা দিন। এবং যে বোনটিকে  এতো কষ্টে চলে যেতে হয়েছে, তাদের দোষীদের শাস্তি পেতে দিন।"
821750890139688_820007746969085,আগে বাংলার বোনেদের রক্ষা করুন তারপর রাখিপূর্ণিমা পালন করবেন স্যার
821750890139688_853211850112612,"কি যে বলি স্যার.... আপনারা ও সমস্যায় পড়েছেন একদিকে কর্তব্য আর এক দিকে বিবেক এর দংশন।

সব বোনেরা দিচ্ছে ডাক, rg kar বিচার পাক।"
821750890139688_1005166081079754,ধিক-কার
821750890139688_1197929501440407,থামুন তোঃ।।।
821750890139688_3979029405660176,shut up
821750890139688_363436230143115,রক্ষক যখন ভক্ষক 🙂
821750890139688_386219547831207,ধর্ষকের রক্ষক
821750890139688_515888477511298,"ধর্ষকের রক্ষক, জনতার ভক্ষক, মহান পশ্চিমবঙ্গ ও কোলকাতা পুলিশ"
