,Unnamed: 0,POST_ID,CAPTION,REACTION_COUNT,COMMENT_COUNT
0,0,692583847600758_838368635144580,"অ্যাসিড আক্রমণ জলপাইগুড়িতে, মামলার নিষ্পত্তি মাত্র এক বছরে

জলপাইগুড়ি জেলা পুলিশের কোতোয়ালি থানা এলাকা, ১৬ অগাস্ট, ২০২৩। এক মহিলাকে বেশ কিছুদিন যাবত বিরক্ত করছিল জয়ন্ত রায় নামে এক ব্যক্তি। এই উপদ্রবের সাক্ষী ছিলেন মহিলার আত্মীয়স্বজন ও পাড়াপড়শিরা। তবে এদিন উপদ্রব পরিণত হয় ভয়াবহ বিপদে। মহিলার পিছন পিছন তাঁর বাড়িতে ঢুকে তাঁর উপর অ্যাসিড ছুড়ে মারে জয়ন্ত। 

সেদিনই মামলা দায়ের হয় কোতোয়ালি থানায়। তদন্তের দায়িত্ব নেন সাব-ইনসপেক্টর উপাসনা গুরুং। তদন্ত শেষে জয়ন্তকে গ্রেফতার করে যথাসময়ে চার্জশিট দাখিল করেন উপাসনা। 

মামলার রায় বেরিয়েছে গতকাল। জয়ন্ত রায়কে আইপিসি-র একাধিক ধারায় মোট ১৫ বছর কারাবাসের সাজা শুনিয়েছেন আদালত, সঙ্গে ১ লক্ষ টাকার জরিমানা।

সাব-ইনসপেক্টর উপাসনা গুরুং এবং জলপাইগুড়ি জেলা পুলিশকে অভিনন্দন।",754,60
