COMMENT_ID,COMMENT
830754829239294_906701234823223,"জুনিয়র চিকিৎসকরা বিনীত গোয়েলকে যেমেরুদণ্ডটা উপহার দিয়েছিলো সেটা আপলোড করলে খুব ভালো হতো।
চটিচাটা"
830754829239294_2015330408897205,"পুলিশ মানেই ভরসার জায়গা ও সাহায্যের হাত,,সাধারণ মানুষের সাথে আরও সুন্দর সম্পর্ক গড়ে তুলতে হবে,,তাহলে অন্যায় কমবে সমাজ ভালো থাকবে,,
               জয় হিন্দ ।।"
830754829239294_7836661779793437,Biswajit Saha তাহলে ঘুষ কে খাবে?
830754829239294_823442296642545,Biswajit Saha bortoman WB te police mane khus-khor ..
830754829239294_847503637356498,"Biswajit Saha সাধারণ মানুষের সাথে সুসম্পর্ক বজায় রাখতে হবে।
কিসের সুসম্পর্ক আইন উর্দি কথা বলবে । করোনা র সময় 
জেলাশাসক টিকি খুঁজে পাওয়া যায় নি।
পাড়ার এলোমেলো দাদা কে রকবাজি করতে দেখা যায় নি।
পুলিশ বেশি উদারতা দেখানোর ফল কার্জন গেট থেকে নবান্ন কান্ড।
পুলিশ সাধারণ মানুষ থেকে উদারতা দেখাবে মানবিকতা দেখাবে ঠিক কিন্তু দূরত্ব বজায় রেখে।
হাতজোড় করে মাস্ক পরিয়ে দিয়েছে আমায় আর আমি ই এখন ব্যুমেরাঙ।
 নিউটনের থার্ড ল । প্রতিটি ক্রিয়া র সমান ও বিপরীত মুখী প্রতিক্রিয়া আছে। 

বেশি ভালোর যুগ নেই , আইনের দাপট রাখতে হবে মাননীয় পুলিশ অফিসার মহোদয় দের । 
জয় ভারত"
830754829239294_3656377484677500,WBP সাধারণ মানুষের বিপদে পাশে থাকার জন্য ধন্যবাদ 🙏
830754829239294_1576968246566509,"Deb Bera ekdom 👍 thik dada, jemon kore R.G. kar e pashe chilo 14th August e ☺️☺️☺️"
830754829239294_802369848730887,Deb Bera ও হরি তুমি সিঙ্গুরের মাল যাদের জন্য আজ পশ্চিমবঙ্গের এই দশা
830754829239294_1191482331970395,"Great work, কিন্তু সময় বলেছে, অপরাধ বেড়েছে। পুলিশকে আরো বেশি কাজ করতে হবে, সমাজ কে রক্ষা করবার জন্য 🙏🏻🙏🏻"
830754829239294_3104842089671145,সমাজের সব ধরনের পেশার যেমন গুরুত্ব রয়েছে। অন্যায় দমন করতে এবং রাজ্যে আইন-শৃঙ্খলা বজায় রাখতে পুলিশদের ভীষণ প্রয়োজন । আমরা সবাই চাই পরিস্থিতি স্বাভাবিক হোক। পুলিশ নিজের কাজ সঠিকভাবে করুক এবং জনগণের উচিত অন্যায় করলে যেমন প্রতিবাদ করা তেমন পুলিশকে সঠিক কাজ করতে দেখলে অবশ্যই তাতে সাহায্য করা।
830754829239294_1460795024605386,"Bipod er somoy sob somoy mone hay , police ache , kichu hole amra boli police a bole debo. Asa kori police rao seta bojhe amader sadharon manus er Kato bhorosa tader opor ache.. onara thik amader pase thakben.. I knew it."
830754829239294_1234809371165697,Salute
830754829239294_934507201773962,জয় হিন্দ
830754829239294_2218555021853089,Dream WBP❤️ alwys  salute ❤️🔥 ..... One day dream come true 💭🤍
830754829239294_1165379211412222,Íťš Håppykà Make your dream cream and put it in your face 😈😈
830754829239294_3808521466103219,Sunny Bhai Learn to be polite if you can. The police are needed in danger. First manage your mentality then come to comment. thank you 🙏
830754829239294_1050068276128926,পুলিশ কে দেখে মানুষ ভয় পাই। আমি চাই পুলিশ কে মানুষ ভালোবাসুক।। ভালোবাসার সম্মান আলাদা 👍।
830754829239294_875742793989022,স্যালুট!
830754829239294_2846584842157964,"সমাজ কে ভালো রাখার  দায়িত্ব শুধু পুলিশের নয়,,দায়িত্ববান মানুষ হিসাবে কিছু দায়িত্ব আপনাদের ও আছে সেটা পালন করূন আইনের পথে,,অন্যায় বলে কিছুই থাকবে না,,প্রতিবাদ করূন তবে আইন মেনেই!!!!!!!,,পুলিশ কে বন্ধু ভাবুন দেখবেন ভালো থাকবে সমাজ,,আমি আর আপনি ।।
         ।।সবাই ভালো হয় না আপনি ভালো হলেই দেখবেন সেও ভালো হয়ে যাবে ।।
           জয় হিন্দ ।।"
830754829239294_1638988886670706,Biswajit Saha  আপনার কথা গুলো এক দম সঠিক 💯❤️
830754829239294_1488997651815588,"Biswajit Saha মইদুল মিদ্যাকে পুলিশ প্রকাশ্য রাজপথে পিটিয়ে মেরেছিল।ওর অপরাধ কি ছিল বলুন তো?মইদুল চাকরির দাবীতে মিছিলে গিয়ে কি এমন বেআইনী কাজ করেছিল?
দায়িত্ববান পুলিশকেও হতে হবে।তাদের কাজ শুধুই শাসকদলকে রক্ষা করা নয়।
শাসকদল যখন প্রতিবাদী মিছিলের উপর হামলা করে তখন পুলিশ দাঁড়িয়ে দাঁড়িয়ে দেখে।এটাই কি পুলিশের আইন রক্ষা?"
830754829239294_1035236044920553,যারা এখানে কমেন্টে গালাগালি দিচ্ছেন তাদের মনে রাখা উচিত মাত্র 99.9% খারাপ ঘুষখোর পুলিশকে দেখে আমরা সকল পুলিশকে খারাপ বলতে পারিনা।
830754829239294_1212630523096392,Salute
830754829239294_1039673187627096,স্যালুট জানাই 🙏🙏🙏
830754829239294_1580019899538997,সাধারণ নেতাদের চেটে চলার জন্য ধন্যবাদ। পুলিশ মানেই সরকারের ক্যাডার।🫡🙏 স্যালুট আপনাদের নির্দ্বিধায় এই কাজগুলো করার জন্য 🙂
830754829239294_1057291519066808,"Police manuser bipoder bondhu,"
830754829239294_8097614127025936,Sukuruddin Ahamed ha sete present scenario dekhei bhoja jache.
830754829239294_3513374345629606,Sukuruddin Ahamed exactly bipode er bondhu!  Manush er bondhu to konodin e chilona
830754829239294_428532203568450,Salute
830754829239294_891841896136338,West Bengal Police best in india 🇮🇳We proud of you 🇮🇳⚖️
830754829239294_3749914215270498,नुर आलम acha majak karta hai aap😀😀
830754829239294_7628687990566186,नुर आलम kya must joks mara re.
830754829239294_1747121619437368,नुर आलम tola adayer janno.
830754829239294_523585273372669,"কয়েকটা চাটুকার কমেন্ট পেয়ে খুশিতে গদগদ হয়ে যাবে নাহ। যেভাবে আপনারা সাধারণ মানুষের বিশ্বাস হারিয়েছেন, তা ফিরে পেতে অনেক পরিশ্রম করতে হবে আপনাদের। সরকার গুন্ডা পুষে রেখেছে, তাদের হাতে অস্ত্র তুলে দিয়ে, পুলিশ নাম দিয়েছে৷ কিন্তু সাধারণ মানুষের জন্য আছে শুধুই ঠেঙা। আমার কাকা পুলিশে আছে, সমস্ত সম্পর্ক বিচ্ছিন্ন করেছি। মেরুদণ্ড সোজা রেখে চলি। সুভাষ চন্দ্র বোসের আদর্শে বড়ো হয়েছি। সত্যিই সাহস আর আদর্শ থাকলে অপরাধী ধরুন, তিলোত্তমার বিচার করুন। 
#justiceforRGKar 
#justicefortilottama"
830754829239294_1031097165232839,West Bengal police india r best police 😍🤩🙏
830754829239294_2840405642776400,"স্যালুট জানাই আমাদের পশ্চিমবাংলার পুলিশ কে, যাঁরা ধর্মের নামে দাঙ্গা লাগিয়ে সমাজে অশান্তি সৃষ্টি করতে চাইছে তাদের আটকানোর জন্য।"
830754829239294_871811941076794,Matiur Rahaman আপনি আমি যারা সাধারণ মানুষ দাঙ্গা করতে না চাইলে কোনো নেতার সাধ্য নেই দাঙ্গা বাঁধায়।
830754829239294_488348137334265,Matiur Rahaman অনিশ ভাইজান জানে?
830754829239294_1456795021690703,Matiur Rahaman আপনার কমেন্টের হাসির React র সংখ্যা দেখেই বুঝে নিন মানুষ কি ভাবছে । 😁😁
830754829239294_1520227408617708,salute to your OK west Bengal police thanks good afternoon
830754829239294_1026679095395807,Biren Kumar Pratihar now you go to the Bangladesh
830754829239294_1779238546182748,"We proud of Indian army 🪖 
But for West Bengal Police 🤔"
830754829239294_1636796200439766,"বাংলার মুখ কালিমালিপ্ত করতে সর্বাগ্রে সচেষ্ট,
আর পুলিশ এখন ২ জায়গায় খুব active 
১ রাস্তার মোড়ে (ট্রাফিক)।
২ social media."
830754829239294_1341402840155406,🙏🙏🙏
830754829239294_886825883506934,"এই ছবিটার মানে কি, পশ্চিমবঙ্গের বাইরে পুলিশ...?"
830754829239294_1028784432081694,স্যালুট!
830754829239294_748124764055208,"আরো বেশি করে ঘুষ খান,  আরো বেশি করে রাস্তায় টাকা তুলুন,, ভগবান আপনাদের মঙ্গল করুক।"
830754829239294_848358447396636,"এই রাজ্যে পশ্চিমবঙ্গের কিছু কিছু পুলিশের যা অবস্থা, নিজেকে সুরক্ষিত মনে করতে পারছি না। শুধু ...............টাকা?"
830754829239294_1004256451178204,"Exclusive also marvellous .
Jai Bharat"
830754829239294_478708305074931,পুলিশ মানেই ঘুষ।
830754829239294_878374013676866,"যারা একটু চাল ও টাকার লোভে মমতার গদি রক্ষা করছে তারা দেশের শত্রু। কোলকাতার কোনো অবকাঠামোগত উন্নয়ন নেই, রাস্তা খারাপ।"
830754829239294_880950623913081,"চটিচাটা না হয়ে মানবিক হতে হবে । খাঁকি উর্দিটার ক্ষমতা দেখানোর সময় এসেছে বন্ধু , সম্মান রক্ষা করো । কোনো ভাবেই কোনো রাজনৈতিক দলের প্রতিনিধিত্ব করা মানুষ ভালো ভাবে নিচ্ছে না ।"
830754829239294_1527498037869093,Love you 🤟🚨
830754829239294_1202544147534921,আমাদের প্রশাসন আমাদের গর্ব ❤️
830754829239294_1008984260973400,pisir mukh ta de re gobet
830754829239294_535374572485258,ধন্যবাদ চটি চাঁটা
830754829239294_3157034614432274,কভার পেজের সঙ্গে আশা করব আপনাদের শুভ বুদ্ধির উন্মেষ হোক..
830754829239294_4278090252417474,এখানেও নীল সাদা।
830754829239294_1154361242291676,"West bengal police ❌চটি চাটা পুলিশ ✅

কেশ দেবেন না plz"
830754829239294_1044675653900180,এত হাসির রিএক্ট পড়ছে কেন?! 🤔
830754829239294_7958166774305786,পি.সি র পুলিশ 🤡
830754829239294_886318403359376,"নিজেরাই নিজেদের পিঠ চাপড়ে বলে যাচ্ছে ঠিকাছে ভাই, ঘুষ নাও, চাপ নেই! আশ্চর্য!
ডাক্তাররা শুধু কোলকাতা পুলিশকে মেরুদন্ড দিয়েছে বলে কষ্ট পাবেন না, আপনারাও ডিজার্ভ করেন, আপনাদেরও দেওয়া হবে খুব শিগগিরই"
830754829239294_1044163073781277,"Police er respect ta Rakhun jate gorvo kore bolte pari Baire I am from westbengal....
Emni Bengal k hasir Patro kore rekheche uni....
Prud for westbengal police......."
830754829239294_1927400831092527,Nice picture
830754829239294_3049166271901143,চটি চাটা
830754829239294_1248516899474290,"CCP

Be positive , no offence."
830754829239294_482762024663290,"Amra Facebook e comment delete kori ,
R bastabe Proman

Baloto amra ke?"
830754829239294_536549392369733,Jai Hind 🙏🏻🇮🇳
830754829239294_357919987288586,"মমতার সোনা চাটা পুলিশ।  বাংলাদেশের মতো মেরে গাছের সাথে ঝুলিয়ে রাখলে,তারপর ঠিক হবে,এর আগে এরা ঠিক হবে না। সালারা মাগীর ছেলে সবাই। মমতারেও চুদী। মমতার পুলিশের মারে ও চুদী।"
830754829239294_7982965141832910,"WB Police ×
চটি-চাটা Police ✓"
830754829239294_850873723798914,নীল রং ছিল ভালো.....এই গানের ছবি?
830754829239294_819226237088207,পশ্চিমবঙ্গ স্বাধীন হোক💚
830754829239294_1726430568175138,Jai hind 🇮🇳
830754829239294_2496586403871031,Good afternoon 🌄
830754829239294_538798598481065,I love my Bengal police 👮‍♀️
830754829239294_1923724924810644,Respect for WBP ❤️ want to join in  West Bengal Cedre..my home cedre💫
830754829239294_874282614167844,"Aisob natok 
Akat may k bichar dite paren na amr gorno kiser"
830754829239294_455437197491543,চটি চাটা
830754829239294_1029267408445613,Aii post gulo dia manusher kach theke sympathy newar chesta hoche.. dekhano hoche j Ara koto kaj kore amdr police dept koto mohan! Dhikkar..
830754829239294_853011943560889,ঐ লোগোর পাশে দুটো হাওয়াই চটি থাকলে আরো ভালো লাগতো
830754829239294_1049305749965469,Kelan dite lge tomdr chodna😑
830754829239294_524075390006470,99.99% পুলিশের জন্য আপনি সব পুলিশকে খারাপ বলতে পারেন না।।
830754829239294_1253588695637996,Sudhu cover photo update korle hobe
830754829239294_1232118507931077,Ha amra jani
830754829239294_480618574812701,"আমরা দিন দিন আপনাদের উপর আস্থা হারিয়ে ফেলেছি,"
830754829239294_2592392420968283,"স্যার, 

পশ্চিমবঙ্গে সব ঠিক-ঠাক চলেছে তো, আগেরই মতন ??"
830754829239294_1573873580234128,"আগে পুলিশ কে শ্রদ্ধা হতো, এখন দেখলে করুনা হয়‼️
বেচারা গুলো বাইরে বাড়িতে সব জায়গায় গালি খাচ্ছে🤣"
830754829239294_2238465699844283,চটি চাটা
830754829239294_1970374286721396,Joy bangla 💚
830754829239294_1195076014878634,West Bengal Police civic volunteer der criminal background check ki korechen?
830754829239294_1751279799016105,west Bengal is part of greater Bangladesh 🇧🇩
830754829239294_1563265634599400,Dhikkar janai tomader
830754829239294_2508297909358051,Jay hind 🇮🇳
830754829239294_894324589542559,"Hai hind ,,🥰"
830754829239294_822486316708392,TMC er dalal
830754829239294_789814103104740,WBP সর্বদা সাধারণ চোর ছেচড় দের পাশে থাকার জন্য ধন্যবাদ 🙏🏽
830754829239294_1031310481833926,Ooo tahole ei sob hochhe.
830754829239294_402804462829554,Police er ay obastar jnno TMC dayee ...
830754829239294_534142608959111,Cover photo te manoniyar pic din
830754829239294_488368430663001,Apodartho police
830754829239294_1707336870018077,Didir choti 🤣🤣
830754829239294_1033580624985623,নীল সাদা পশ্চিমবঙ্গ  ম্যাপ
830754829239294_1079145266959873,Chamcha
830754829239294_1250927505909295,তিলোত্তমার অপরাধীদের খোঁজ খবর বলুন? আসল অপরাধীরা কবে ধরা পড়বে?
830754829239294_535751572244614,𝙹𝚊𝚒 𝚑𝚒𝚗𝚍 🙏🙏
830754829239294_502283895887421,🥿👅👮‍♂️kichhu bojha jachchhe ki!!!😁
830754829239294_3396352324004587,চটি চাটা দলদাস পুলিশ
830754829239294_1018079186487139,💚
830754829239294_7787104784727207,পুলিশ মানেই হাত পেতে টাকা নেওয়া 😃😃
830754829239294_1057106445968121,বিচার চেয়ে আপনাদের মিছিলটা কখন বেরোচ্ছে?
830754829239294_1937578059997396,Where is your war dp🤣🤣🤣🤣🤣
830754829239294_1704697746962289,Good Afternoon 🌚
830754829239294_1687454768685305,"🤣🤣🤣🤣lojja jast lojja, sopno chilo kp, wbp police hobo even exam o diyachi but amer baba ma bolcha police mane oder bari ma bon nai 😐"
830754829239294_893563195964429,নীল সাদা চটি ছাড়তে পারছেন না
830754829239294_534763165777523,Police এরও background নীল সাদা 😑
830754829239294_1293330048316178,ক্রমাগত কিছু ফেস বুক গ্রুপ মিথ্যা পোস্ট করে যাচ্ছে। আজও রামকৃষ্ণ মিশনের নাম দিয়ে পোস্ট প্রকাশিত হয়েছে। কিভাবে আপনাদের এই পোস্ট সম্পর্কে জানাবো?
830754829239294_1716376835830022,"Sandip Halder আরে দাদা ,  পুলিশ নিজেই মিথ্যা পোষ্ট করছে । খবর রাখুন।"
830754829239294_1153462379089326,#PoliceDay🫡
830754829239294_917001630261070,
