,Unnamed: 0,POST_ID,CAPTION,REACTION_COUNT,COMMENT_COUNT
0,0,692583847600758_811020544546056,"রানাঘাটে ব্যবসায়ী খুন, ৪ অভিযুক্তের শাস্তি যাবজ্জীবন 

খুনটা হয়েছিল প্রায় নয় মাস আগে, গত বছরের ৮ ডিসেম্বর। রানাঘাট পুলিশ জেলার তাহেরপুর থানা এলাকায়। স্থানীয় ব্যবসায়ী রাজা ভৌমিকের বাড়িতে হঠাৎই হানা দেয় তিন সশস্ত্র দুষ্কৃতী। গুলি করে রাজাকে খুন করে তাঁর স্ত্রীর সামনে, এবং সোনাদানা নিয়ে চম্পট দেয়। কীভাবে কোথা থেকে ধরা পড়ল তিন দুষ্কৃতী এবং খুনের চক্রান্তে যুক্ত এক মহিলা, এবং মাত্র নয় মাসের মধ্যে রানাঘাট পুলিশ জেলার তৎপরতায় কীভাবে যাবজ্জীবন কারাবাসে দণ্ডিত হল চার অভিযুক্ত, সঙ্গের ভিডিওয় শুনুন স্বয়ং রানাঘাটের এস.পি-র মুখ থেকে। 

Ranaghat Police District",801,36
