COMMENT_ID,COMMENT
808672918114152_1005040964681718,"We are available on YouTube too. Please visit-
www.youtube.com/@westbengalpoliceofficial"
808672918114152_999670088461968,প্রশংসনীয় 🙏
808672918114152_4550055871944329,ঝাড়গ্রাম জেলা পুলিশের কে অসংখ্য ধন্যবাদ
808672918114152_1645912979522983,Great job
808672918114152_1037236311289372,"ঝাড়গ্রাম জেলা পুলিশের অংশ হিসাবে আমি গর্বিত।।
ধন্যবাদ স্যার"
808672918114152_530656642861401,excellent job sir
808672918114152_26964897346442429,Great job sir 👏👏
808672918114152_466497269469939,সঠিক পদক্ষেপ।  জয় ভারত
808672918114152_450714474610764,পশ্চিমবঙ্গের পুলিশ       এবং পশ্চিমবঙ্গের বিভিন্ন থানা গুলি আছে অসাধারন কাজ করছে    শুভেচ্ছা অভিন্দন ধন্যবাদ
808672918114152_1008123904141836,Great 👍
808672918114152_993155602448690,Jai hind jai bharat
808672918114152_429278506934472,Very good job. Great WBP❤️
808672918114152_837951158308422,Good job 👏
808672918114152_409053641664380,Good job👍👍 🎉
808672918114152_1169681047641772,Great @westbengalpolice
808672918114152_1191968671945744,Good job sir
808672918114152_787694043267595,"পশ্চিমবঙ্গের পুলিশ কর্মকর্তা দের নতমস্তকে প্রনাম,,,"
808672918114152_856517563015999,But Jhargram এর SDPO তো Samir অধিকারী বলে কেউ আছেন
808672918114152_369546809508809,অভিনন্দন
808672918114152_1742522449849020,দুষ্কৃতী শাস্তি পেয়েছে তার জন্য অবশ্যই পুলিসকে ধন্যবাদ !! 🙏 কিন্তু একটা প্রশ্ন এই তিন লক্ষ টাকা কোথা থেকে দেওয়া হবে ? অপরাধীর থেকে ? যদি সে না দিতে পারে সেক্ষেত্রে কি ভাবে টাকাটা দেওয়া হয় ?
808672918114152_481182484759789,Salute
808672918114152_8355445937800241,🙏
808672918114152_2498428147034488,
808672918114152_788354873175146,এইসব লোকের ফাঁসি হওয়া দরকার 😡
808672918114152_1909169622868034,Thank you sir
808672918114152_848167177259074,Thanks sir
808672918114152_1006858651123571,Maro boka choda k
808672918114152_1140224363867451,আপনারা সাজাপ্রাপ্ত আসামীটির ছবি তোলার সময় হাসতে (স্মাইলি) বলেছিলেন না উনি নিজেই ছ্যাচড়ার মতো হাসছে??
808672918114152_1209907193477752,ইজ্জতের মূল্য কি ৩লক্ষ টাকা? আর ওকে আরো ৩০ বছর সাজা দেয়া উচিত ছিল
808672918114152_1220697062695791,"লোকটি যখন দেখছে কার্বন কপি হয়ে গেছে,,, তখন তার অস্বীকার করা উচিত হয়নি।।।। 

আমিও ঠিক এমনি ঘটনা ঘটিয়েছিলাম।।।। তবে মেয়েটি সাবালিকা (১৯.৫), আর আমি নাবালক(২০) ছিলাম।।। তবে আমি এসব অস্বীকার করিনি,,, সোজা বিয়ে করে নিয়েছিলাম।।।। ফলে কেসটা থানায় যায়নি।।।। আর এখন আমার ৩ ছেলে, ২ মেয়েরা সব বড় হয়ে গেছে,,,  আমিও যুবক।।।। আমার বয়সি পাত্ররা এখন বিজ্ঞাপন দিয়ে পাত্রী খুজছে।।।"
808672918114152_1673857833378679,কি অবস্থা দেশের আর যে মেয়ে গুলো ভালোবাসার নাম নিয়ে ছেলেদের টাকাপয়সা আত্মসাৎ করছে তাদের কি হবে।।
