COMMENT_ID,COMMENT
819762363671874_522087737001383,সোশ্যাল মিডিয়ায় যারা গুজব ছড়াচ্ছে তাদের বিরুদ্ধে অবিলম্বে ব্যবস্থা নিতে হবে।
819762363671874_8174748029249088,"ডাক্তার,পুলিশ, বিচারক এরাই একটি সভ্য সমাজের কান্ডারী তাই আমাদের সকল কে উচিৎ
ইনাদের প্রতি শ্রদ্ধা ও সম্মান জ্ঞাপন করা আমি আশাবাদী নিশ্চয়ই দোষীরা কঠিনতম শাস্তি পাবে।"
819762363671874_2212919675739818,উপযুক্ত শাস্তি দেওয়া হোক
819762363671874_947112790553663,সবকটাকে জেলে চাই।
819762363671874_784850443568400,এই ঘটনাকে ইস্যু করে যারা আমাদের বাংলা কে রাজনৈতিক স্বার্থে উত্তাল করার চেষ্টা করছে তাঁদের প্রতি ব্যবস্থা নেওয়া হোক।
819762363671874_2205064663186862,Nurul Hasantui toh Bangla deshi
819762363671874_1253138635804122,Nurul Hasan  সত্যি এতো ছোট একটা ঘটনা নিয়ে পাবলিক  বেশি বেশি করছে বলুন।  কি এমন হয়েছে ? একটা একত্রিশ  বছরের  পিজিটি  ডক্টর  কে হিংস্র  পশুর মতো খুবলে  খুবলে  খেয়েছে কয়েকটা  সরকারী মদত পুষ্ট  জানোয়ার  ।যাদের আপ্রাণ  লুকানোর  চেষ্ঠা করছে আমাদের  সরকার আর শাসক দল  ।এটুকুই  তো ব্যাপার  ।তা না এতো ছোট  ঘটনা নিয়ে এতো কিছু
819762363671874_546986990991932,Nurul Hasan TMC er support ache re
819762363671874_927324395828066,"কিছু অমানুষ ফেক নিউজ ছড়িয়ে ঘোলা জলে মাছ ধরতে নেমেছে। আমাদের যে বোনটি এই নির্মম হত্যাকাণ্ডের শিকার হয়েছেন, তাঁর প্রতি এদের বিন্দুমাত্র দুঃখ নেই। এরা এতটাই নির্দয় যে, তাঁর (বোনটির) পরিবার পরিজন যে কি বেদনা নিয়ে দিন কাটাচ্ছেন, সেই ভাবনাও এদের নেই। এদের কঠোরভাবে প্রতিহত করতে, প্রশাসনকে দ্রুত ব্যবস্থা নিতে হবে। পাশাপাশি, অপরাধীর অতিদ্রুত শনাক্তকরণ এবং চরম দৃষ্টান্তমূলক সাজার দাবি জানাতে রাজ্য তথা দেশের সকল প্রশাসনিক ব্যবস্থার সাথে যুক্ত মানুষজনের কাছে কড়জোরে অনুরোধ করছি🙏।"
819762363671874_1206717730774704,"Majumder Kr Tarun 

আবার কবে করবে?? সব চাপা পড়ে গেছে ।"
819762363671874_525355413269459,"এর সাথে একটা অডিও ক্লিপ ভাইরাল হয়েছে, বিভিন্ন গ্রুপে এটা ব্যাপক হারে share হচ্ছে। আর কয়েকজন তাদের প্রোফাইল এ এমন ভাবে ভিডিও ছাড়ছে, যেনো তারা তদন্তের দায়িত্ব পেয়েছে😡 এই সব গুলোকে লাইন করে দাড় করিয়ে লাইভ করা উচিৎ, আর তারপর তাদেরকে দিয়ে বিশ্লেষণ করানো হোক। দোষীদের পাশাপাশি এই গুলোকেও শাস্তি দেওয়া হোক😡"
819762363671874_815793853995660,সঞ্জয় সরকার ঐগুলো kolktata police কে ট্যাগ করুন
819762363671874_889992326368522,"Amit Payra amake korte hbe na, sob kotai policer radar e ache, Tai jonno aste aste sob delete korche"
819762363671874_1206856120446148,সোশ্যাল মিডিয়ায় যারা এই ধরনের বিভ্রান্তি মূলক গুজব ছড়াচ্ছে অবিলম্বে তাদের চিহ্নিত করে প্রশাসনিক ব্যবস্থা গ্রহণ করা হোক।
819762363671874_422696044133469,"গুজব ছড়াচ্ছে শুধু এখানেই নয় ব্যাপক পরিমাণে বাংলাদেশেও
ব্যবস্থা নিন।"
819762363671874_839659821471719,"Mahmudul Hassan Mithu 
কাঙ্গলা ভিখিরি
এক এক সাথে ১০ টা নাম।
কলকাতা পুলিশ থ্রেড এ তুই কি করছিস বে*জন্মা?"
819762363671874_866356641582531,"গুজব, রাজনীতি বন্ধ হোক। অনেক হয়েছে। এবারে বিচার চাওয়ার সময়। দোষী কিংবা দোষীরা শাস্তি পাক।"
819762363671874_1203801523989979,গুজব যারা ছড়াচ্ছে তাদের বিরুদ্ধে কঠোর ব্যবস্থা নিন৷ আজ আমি কল্যাণী AIIMS থেকে চিকিৎসা না পেয়ে ফিরে যাচ্ছি৷ ডাক্তারদের এতদিনের এই কর্মবিরতিকে কোনওভাবেই সমর্থন করতে পারছিনা৷ অনেক রোগী/রোগিণী চিকিৎসা না পেয়ে কার্যত বাধ্য হয়ে ফিরে গেলেন৷ এই সমস্যার সমাধান হওয়া আশু প্রয়োজন৷
819762363671874_446874181672081,যাহারা এসব গুজব ছড়াচ্ছে তাহাদের বিরুদ্ধে আইনানুগ ব্যবস্থা নেওয়া হোক
819762363671874_1554837028769135,যারা ফেক নিউজ ছড়াচ্ছে সোশ্যাল মিডিয়ায় তাদেরকে অবিলম্বে এরেস্ট করুন।
819762363671874_1011419407107318,আসল সত্য আসল অপরাধী কে সামনে আনবার একমাত্র ক্ষমতা আপনাদের আছে । আসল অপরাধী কে সামনে আনুন
819762363671874_3706134986302753,Gokul Mahato CBI দেখছে আশাকরি সামনে আসবে আসল দোষী কে ।
819762363671874_491173730307516,Akdol manuser sudhu gujob choriye danga laganaoi kaj
819762363671874_532305516029798,যারা পরিকল্পিত ভাবে ফেক নিউজ ছড়াচ্ছে তাদের বিরুদ্ধে অবিলম্বে ব্যবস্থা নিন।✅
819762363671874_1521356392111014,"আমরা প্রকৃত বিচার চাই। 
আমরা প্রকৃত দোষীদের শাস্তি চাই।

আমাদের মাঝে অনেকেই প্রকৃত আর একটা জিনিস চাই,  সেই তারাই এইসব গুজব ছড়াচ্ছে।"
819762363671874_888957033254998,People who are spreading fake news/ rumours regarding such a sensitive issue must be treated strictly with immediate effect. A few youtubers are doing anything for reach & views. This should be immediately addressed.
819762363671874_355252327639830,"We Bangladeshi Will Stand For Her!✊🇧🇩🇮🇳
#justiceformoumita
#justiceforRGKar
#DhakatoKolkata"
819762363671874_512399114534193,এসব অপপ্রচার যারা করছে তাদের বিরুদ্ধে কঠোর ব্যবস্থা নিন।
819762363671874_1623905778154685,আপনারা সঠিক কে খুঁজে বের করুন. Cctv ফুটেজ দেখে. এত বিলম্ব কেনো.
819762363671874_1257140941955102,যে যারা এই কাণ্ডে গুজব ছড়াচ্ছে তাদের বিরুদ্ধে কঠোর পদক্ষেপ নেওয়া উচিত। না হলে সমাজের অনেক ক্ষতি হয়ে যাবে।
819762363671874_927944799185447,"ঘটনার সঙ্গে যুক্ত প্রকৃত দোষী অপরাধী  ব্যক্তিকে ধরা হোক খুবই শীঘ্রই।
 বাংলার ও বাংলার বাইরে  প্রতিটা মানুষ তাকিয়ে আছে  আরজিকর ঘটনার  অভিযুক্ত অপরাধী কারা অভিযুক্ত দোষী কে অবিলম্বে কঠোর থেকে কঠোরতম শাস্তি দেওয়া হোক প্রকাশ্যে।
 আমার রাজ্যের পুলিশের উপর আমার বিশ্বাস  অবশ্যই প্রকৃত দোষী শাস্তি পাবেই।"
819762363671874_535715052216458,সোশ্যাল মিডিয়াতে যে বা যারা এই ধরনের মিথ্যা প্রচার চালাচ্ছে তাদের বিরুদ্ধে কঠোর আইনগত ব্যবস্থা নেয়ার অনুরোধ করছি।
819762363671874_1228981524776541,যারা এই ধরনের ফেক নিউজ ছড়িয়ে গন্ডগোলের পরিবেশ তৈরি করছে তাদেরকে অবিলম্বে গ্রেফতার করা হোক।
819762363671874_1026586159056274,তদন্ত হওয়া পর্যন্ত অপেক্ষা করতে হবে
819762363671874_478220371741449,Gujab jara chharachhe tader birudhya kothor babostha never janya Anuradh korche. Eisab kulanger Der janya danga hoyche. Era manuske bipothe chalana kore law er appropriete sec.non baileble Case kore Santi babostha  korun.
819762363671874_1052358096594031,"এখনো আমাদের মতো কিছু শিরদাঁড়া শক্ত মানুষ আছে, যারা আপনাদের ভালোবাসে ও শ্রদ্ধা করে। আমার খুব পুলিশে চাকরি করার ইচ্ছা ছিল, written টেস্ট পাস করতাম কিন্তু দুর্বল শরীর এর জন্য বাতিল হতাম। তাই ব্যাংকে চাকরি নিতে বাধ্য হয় সংসারের অভাবের জন্য। আপনারা সবাই সুস্থ থাকুন, আপনারা সুস্থ থাকলে জনগন ভালো থাকবে। আপনাদের চাকরি যে কি কষ্টের সেটা আমি জানি বলেই আপনাদের ভালোবাসি।"
819762363671874_368910326255646,গ্রেপ্তার করে অবিলম্বে কঠিন শাস্তির দাবি জানাচ্ছি
819762363671874_1444704899521461,একজনকে অন্ততঃ শাস্তি দিয়ে বাকিদের বার্তা দিন..🙏
819762363671874_8645492958812528,তৃপান ঘোষ এখন সিবিআই এবং কোর্টের হাতে..পুলিশকে বলে আর কি হবে
819762363671874_854821486707999,Kunal Kunal Ghosh গুজব ছড়ানোর জন্য পুলিশ action নিতে পারবে না!
819762363671874_1452459245372572,তৃপান ঘোষ সেকি! বাকিরা ছাড়া থাকবে?
819762363671874_535975068856912,ঠিক বলেছেন। আমরা পশ্চিমবঙ্গ পুলিশ কে সম্মান করি। পুলিশর ডিউটি যে কী শক্ত সেটা অনেকেই অনুভব করতে চায় না। আপনাদের 🙏🙏🙏🙏🙏
819762363671874_489736884013652,"West Bengal Police যারা গুজব ছড়াচ্ছে, তাদের বিরুদ্ধে কঠোর ব্যবস্থা নিন।"
819762363671874_491974993467661,"Strict action nin sir jeno ai bhabe fake post aar na korte pare ,"
819762363671874_456999073996722,Great work Kolkata police.
819762363671874_440242675729795,Viral howar jonno sobai sobar moto fake news share korche ekhn
819762363671874_1758610641546848,What about a virtual call recording is it fake or not plz do investigation against this viral audio n clarify about that we r vry confused it's fk or nt
819762363671874_1461995028527058,Accha ekta jinis vabun j TMC netar chele boleche r bas sobai mene niyeche... Tar mane ki sobai jane r maneo j TMC neta nd tader family er lok eisob korte pare????
819762363671874_1018120489788391,উপযুক্ত শাস্তি চাই
819762363671874_1719034578867673,গুজব বা fake news কখনোই নয়। আমরা এই নির্মম ঘটনার বিচার চাই আইনি পথের মাধ্যমে। আইন নিজের হাতে তুলে নিলে সেটা বেআইনি।
819762363671874_1199284994554966,"যে সব শিক্ষিত মানুষগুলো এই নোংরামিতে সামিল হচ্ছে, তাদের বিরুদ্ধেও ব্যবস্থা নিন। ফেক নিউজ ছড়ানো যে অপরাধ, সেই বোধ কেন থাকবে না এদের ?"
819762363671874_846343264130437,Joto sob faltu lobhi influencer..... nijeder page er reach barano hochhe ei mormantik ghotona ke issue kore 😓
819762363671874_2269163616750559,"একদম ঠিক  Social Media  কে ব‍্যাবহার করে অন‍্যায়, অপরাধী দের কঠিন সাজা হওয়া চাই"
819762363671874_1592724014787957,Good job sir..
819762363671874_532775169409382,কঠিন শাস্তি চাই।
819762363671874_854936866185818,কিছু বিশ্ব পেছন পাকা সোশ্যাল মিডিয়া ইনফ্লুয়েন্সর আর ইউটুইবার গুলোকে ফেক নিউজ ভিডিও বানানোর জন্য গ্রেফতার করে সেগুলো সোশ্যাল মিডিয়ায় পোস্ট করে দিলেই এইসব বাহাদুরি বেরিয়ে যাবে!!!
819762363671874_875577231081774,গুজব ছড়াতে ১নম্বরে কলকাতা ইনফ্লুয়েন্সার গুলো। সেনসিটিভ ইস্যু গুলা নিয়েও ভিউ এর বিজনেস খুলে বসে।এদিকে  সাধারণ মানুষ ও যাচাই না করে খেয়ে বসে থাকে
819762363671874_1325879038409403,যাদের ডান - বাম  বোধ নেই  তাঁরাই এই ধরনের গুজব ছড়িয়ে দেয় ।
819762363671874_467827222732941,যারা ফেক খবর ছড়াচ্ছে বা পোস্ট করছে তাদের গ্রেফতার করা হোক।
819762363671874_1242035456813473,West Bengal Police Kolkata Police fake news spread korle babostha nin sir ... kal theke ekta audio clip viral hocche jani na uni ke ar kar theke eta eto viral hocche jodi oi audio clip er mohila ti sotti bole thake tahole cbi ke help koruk ar fake hole onake kujhe ber kore third degree dewa hok ... Ami kal theke dekhchi kichu profile e fake news spread korche please eigulo notice korun sir ... Misleading hoccche manush esob dekhe ...
819762363671874_3670278859954168,"Fake news chorano thke biroto thakun.
Jara esob news choracche tader against e action newa uchit"
819762363671874_517599503973330,"একজন সৎ পরিবার কে বদনাম করার জন্য
সাজা হওয়া উচিত"
819762363671874_1034239581549147,যতদিন না আসল অপরাধীদের কে খুঁজে পাওয়া যাচ্ছে ততদিন গুজব রটতেই থাকবে ।
819762363671874_1059763075006595,Stop rumours.
819762363671874_1156611965455106,সঞ্জয় সরকার একদম। কিন্তু এখনো কিছু কিছু লোক fake নিউজ ছড়িয়ে যাচ্ছে।
819762363671874_477215941846911,গুজব ছড়াবেন না 🙏
819762363671874_515248854357357,অসাধারণ
819762363671874_371784462630369,"Rajjyer prosason kache ONURODH, jara fake news choriye gondogol lagate chaiche tader biruddhe bebostha neoyar onurodh korchi."
819762363671874_1239467597404013,"প্রচুর ফেইক নিউজ, ভিডিও অডিও, ছড়িয়েছিল তাদেরকে  খুঁজে বের করুন প্লিজ। এটাই আমার আর্জি। সেই 7/8 মিনিটের অডিও ক্লিপ যেটা প্রচুর পরিমাণে ছড়িয়েছিল । তার দেখা আর কোথাও পাচ্ছি না ।"
819762363671874_430500049322857,"স্ক্রিনশট নিয়ে রাখলাম,"
819762363671874_516440997627916,আসলে কিছু মানুষ রূপে অমানুষ আছে যারা এই ধরনের কাজ করে শুধু নিজের followers বাড়ানোর জন্য
819762363671874_521044993939824,একদম ।।
819762363671874_505304025482412,যারা গুজব ছড়িয়ে রাজ্য অশান্ত করছে তাদের বিরুদ্ধে uapa ধারা দেওয়া হোক ।
819762363671874_1261205861530988,আপনারা ব্যবস্থা নিন যারা গুজব ছড়াচ্ছে তাদের বিরুদ্ধে। আর মূল অপরাধীকে ধরুন।
819762363671874_1957746801351490,Rupankar Pal kire sedin to status diyechili🤣
819762363671874_356583744052062,Diksha Datta eta dekhlam akhon dekho
819762363671874_1013443296997790,Sankha Singha Mahapatra etar status y diyechili?! Kal
819762363671874_1555320758750175,প্রচুর ফেক খবর সোশ্যাল মিডিয়ায় ছড়ানো হচ্ছে।তাই যারা ফেক খবর ছড়াচ্ছে তাদের চিহ্নিত করে দৃষ্টান্ত মূলক শাস্তি দেওয়া হোক।
819762363671874_1162117368203770,"Eder arrest korun, bedhorok kelan."
819762363671874_2681472548686495,সোমা মুখার্জির নাম নিয়ে যে অডিও ছড়ানো হচ্ছে নিগৃহীতার ছবিসহ সেটার কি তদন্ত হয়েছে? তাতে সোমা মুখার্জির কি বক্তব্য? West Bengal Police
819762363671874_1221490525511662,Rubia Sultana
819762363671874_1550643365535143,যারা সোশ্যাল মিডিয়ায় মিথ্যা ফেক নিউজ করেই চলেছে অবিলম্বে তাদের বিরুদ্ধে কঠোর পদক্ষেপ নিন।
819762363671874_478955641684739,ঠিক করেছেন
819762363671874_1014553913320453,আরও একটা লিং দিলাম ছবি দেখে চিহ্নিত করুন এরা কারা উস্কানীমূলক মন্তব্য করছিল।
819762363671874_504881925290321,একদম সঠিক পদক্ষেপ | এদেরকে ছাড়বেন না | এরা আর একটা ধনঞ্জয় খুঁজছে |
819762363671874_1048368489985588,এটাই বাজে করছে
819762363671874_1176015567057722,👍
819762363671874_1207445537119917,Krishna Yadav
819762363671874_471125315843923,Kamaluddin Ahmed New
819762363671874_872815801371837,Partha Kundu
819762363671874_1251101259384452,Sounak Datta
819762363671874_1069100651214482,"West Bengal Police যারা গুজব ছড়াচ্ছে, তাদের বিরুদ্ধে কঠোর ব্যবস্থা নিন।"
819762363671874_407587971867684,জেল চাই সবকটার।
819762363671874_1176522170279411,যারা পরিকল্পিত ভাবে ফেক নিউজ ছড়াচ্ছে তাদের বিরুদ্ধে অবিলম্বে ব্যবস্থা নিন।✅
819762363671874_1203559020885124,মানুষ গুজবেই ভেসে যাচ্ছে
819762363671874_1250058736362664,যারা গুজব ছড়াচ্ছে তাদের বিরুদ্ধে ব্যবস্থা গ্রহণ করুন।
819762363671874_8225636967487978,সোশ্যাল মিডিয়ায় যারা পরিকল্পিত ভাবে  গুজব ছড়াচ্ছে তাদের বিরুদ্ধে অবিলম্বে ব্যবস্থা নিতে হবে।
819762363671874_1022205096041322,Arrest them immediately who are spreading fake news on social media..
819762363671874_524966166640973,এরেষ্ট করে জেলে ঢুকিয়ে দিন ফেক ছড়ালেই ফেকের বন্যা বইছে
819762363671874_509987071433286,Send and share
819762363671874_559801120051267,Kichu manush fake news choriye poristhiti jotil kore tuleche....eta apnara dekhun....anek youtuber achen jara nijeder channel r views barate constantly fake news spread korche.
819762363671874_1983046655451924,"ইস্টবেঙ্গল, মোহনবাগান সমর্থকরা কি ক্রিমিনাল?
সাধারণ ফুটবলপ্রেমীদের ওপর লাঠিচার্জ কেন? পুলিশ মন্ত্রী জবাব দাও। 
#ResignMamata"
819762363671874_499760462754360,https://www.facebook.com/share/p/ynCmGGuh3bKf68tW/?mibextid=oFDknk
819762363671874_1317620575878822,"সর্বোপরি Social Media তে যে গুলো গুজব সেগুলো সমন্ধে মানুষ কে alert করুন এবং আপনাদের তদন্ত অনুযায়ী সত্যি টা কি মানুষ কে জানান ..... 
 People are believing this is a gang rape ..... 
আপনারা কি সেই তত্ত্ব নাকচ করছেন ?????
পরিষ্কার বলুন ......
Autopsy report কি বলছে সেটা মানুষ কে জানান ..✅"
819762363671874_1195691175010338,ডাঃ মৌমিতা কে নিয়ে কোনো পোস্ট নেই কেন স্যার/ম্যাডাম? আশ্বাস দিন আমাদের যে খুব তাড়াতাড়ি বিচার পাবো আমার। 🙏
819762363671874_1182358146364915,"আরে  বাঁ----- আপনারা থামুন তো।

একটা এতো বড় হসপিটাল  এখনো CC  CAMERA   নেই  আবার কথা বলছেন।
মেয়ে  মানুষ করেছেন কখনো ??? 
একটা মানুষ করা সন্তান যখন এইভাবে মারা যায় বোঝেন কিছু?? 
পৃথিবীতে সব থেকে বড় কষ্ট 

মা বাবার কোলে সন্তানের  লাস"
819762363671874_468974619283925,Tora ki korchis salara tora jonogoner chakor politician der nos mone rakhis ar Bangladesh er moto dourani suru hole khub valo hobe to
819762363671874_1452618292040963,Most madarchod page ever seen West Bengal Police
819762363671874_1193162428596832,"কলকাতার বেশ কিছু নিউজ চ্যানেল গুজবের জনক এবং তারা প্রতিনিয়ত গুজব জন্মদান করেন। মাথায় মাথা ভর্তি গবর ভরা তারাই এসব গুজবে কান দেবে।

সাথে সাথে বাংলাদেশ নিয়ে যে সকল গুজব সরানো হচ্ছে সেদিকেও সোচ্চার হওয়া উচিত সবার।"
819762363671874_876001564443596,Dekhe dekhe script porte h66e kno!!
819762363671874_1539491079982109,"ঠিকাছে....আপনারা কাজ করুন,শুধু ৪০-৫০ জনের 'মব'দেখে লুকিয়ে পালাবেন না!! আর আপনাদের দিকে ছোঁড়া ইঁট দু-টুকরো করে আবার ওদের দিকেই ছুঁড়ে দেবেন না!! 

😅😅"
819762363671874_1012745216999331,কিছু বিচার হবে না।শাস্তি পাবে নিরপরাধ ব্যক্তি।
819762363671874_479664268162355,Police rapist der Kobe dhorbe?
819762363671874_1069294581555345,সৌরভ দে Ekhon Case ta CBI handover hoyeche so CBI ke jigges kurun
819762363671874_1146822256396112,LAW N ORDER SHOULD NOT UNDER ADMIN. THERE SHOULD B DIFF STRONG HOLD.
819762363671874_426631037069566,"Se to bujlam, Police prothom tahole murder ke suicide bole keno chaliye dichhilo?
Tahole 3 ghonta er besi keno baba maa ke dekhte deyoa hochhilona?
Je poriman sperm paoa gache seta quantity ta ki ekjoner haoa somvob?
Body te kono part ke bad deyoa hayni, sob part jokhom kora hoyeche, ei attack seta ki ekjoner pokhhe somvob?
Hote pare ei chele ti nirdosh, kintu okhane erakom ei keu joriye ache, jara kaj ta koreche..
Oi civic er pokhhe eta somvob na sudhu...
Jekhane ghotona ti ghoteche, songe soge tar pase room tar deyoal venge deyoa hochhilo keno?
Erakom anak question ache, sir konta gujob?
Ektu honesty thakle police er , sobar barir meye tar kotha vebe sobar,nije der poaribar er meye der vebe asol sotty ta jeno prokas pay.."
819762363671874_495689203049026,এটা বুঝলাম কিন্ত মমতা পুলিশ🙆
819762363671874_505022838787869,"ঐ বাতেলা চলবে কিছুদিন, তারপর সব হাওয়া। দেখেছেন অরাজকত কোন দিন পুলিশ প্রশাসন ঠীক কোরতে পেরেছে? এগুলো দেশের জনগন ঠীক করে।"
819762363671874_1159196968680600,Video editing thik thak hoy ni. Sound and lips synchronise thik thak hoy ni. 🤣🤣
819762363671874_1110130763971066,ওপার বাংলার অনেক তথাকথিত মিডিয়া দেদারছে গুজব ছড়াচ্ছে। ধন্যবাদ West Bengal Police  টিম কে তাদের বিরুদ্ধে ব্যবস্থা নেয়ার নির্দেশ করায়
819762363671874_994338032430991,Rakesh Bera Suman Panja Dakchu to 🙂 ...
819762363671874_1034657054905771,"স্যার আপনাদের করজোড়ে অনুরোধ white politics-back up নামক একটা ফেসবুক পেজ উন্মাদের মতো ফেক নিউজ ছড়িয়ে মানুষকে খেপিয়ে যাচ্ছে, যাতে সারা রাজ্যে অরাজকতা সৃষ্টি হয়। একটু নজর দিন #westbengalpolice  #KolkataPolice"
819762363671874_1021760609256582,Why he is saying this all things by reading?
819762363671874_836645858444964,ডার্বি কেন বাতিল হলো?
819762363671874_470869222423399,"ঠিক তো গুজব ছড়ানো অপরাধ তাহলে ধর্ষণ করে খুন করাকে যে/যারা আত্মহত্যা বলেছিল, আপনারা কি মনে করেন সেটা অপরাধ না অপরাধ নয়, যদি অপরাধ হয় তাহলে তার/ তাদের বিরুদ্ধে কোনো ব্যবস্থা নেননি কেন?"
819762363671874_522125620207472,"সবই যদি গুজব হয় সত্যি কোনটা বিচার করুন।
এতদিন হয়ে গেল এখনও সত্যি সামনে এলো না, নাকি এসেও আসতে দিতে মানা করা আছে ওপর থেকে?"
819762363671874_855034776563630,"I know why I don't like the police. 
Because you guys don't punish the guilty. 
You inflict severe cruelty on the innocent. West Bengal Police West Bengal Police"
819762363671874_824846353168375,"গ্রামে ও মফস্বলে ধর্ষণ, খুন ও আরো অনেক কিছু হলেও শহরের কাউকে কখনো পথে নামতে দেখা যায় না তবে কলকাতার বলেই আজ এতো মানুষ ও মানুষের মতো দেখতে বহু রাজনৈতিক খেলা দেখানো প্রাণী!"
819762363671874_1891400621345046,https://www.facebook.com/share/p/QnVbMfdSsFemLvCw/?mibextid=oFDknk
819762363671874_838981435000009,https://www.facebook.com/share/4YMfKKmUQ7fxhXx9/?mibextid=oFDknk
819762363671874_3324285744370543,Police i fake
819762363671874_1087292223007638,"এই ঘটনাকে কেন্দ্র করে অনেকেই গুজব , ভুল খবর ছড়াচ্ছে, পশ্চিমবঙ্গ পুলিশ এর বিরুদ্ধে কঠোর পদক্ষেপ নিক ।কারণ ইন্ডিয়ার পুলিশ শেখ হাসিনা সরকার এর সময় ও বাংলাদেশের সাধারণ মানুষ কে গুলি করে মেরেছে সেই প্রমাণ ও বাংলাদেশের মানুষ এর কাছে এখনো আছে। তিব্র নিন্দা জানাচ্ছি ইন্ডিয়া পুলিশ কে কঠিন শাস্তি দেওয়া হোক"
819762363671874_1187732632348314,https://www.facebook.com/share/p/hKTHRXohyA6762k3/?mibextid=oFDknk
819762363671874_804715785208180,https://chat.whatsapp.com/GBvTNj35Qw73lPiI9muNdA
819762363671874_848268110287305,https://www.facebook.com/share/p/wAXaKqB1JgKCAzEV/?mibextid=oFDknk
819762363671874_1567497710857268,https://www.facebook.com/share/na34cGMkQSXsX8aQ/?mibextid=oFDknk
819762363671874_482180691216471,"Requesting West Bengal Police please take down this fake post.

https://www.facebook.com/share/p/5jQMcKovQNSsuTMS/?mibextid=qi2Omg"
819762363671874_1015410146738681,"Shame on you West Bengal Police 
Aponara bertho. 
Eccha kore aponara arrest korchen na, okhne kom se kom 12 jon ache."
819762363671874_1604534146772937,প্রশাসন কে অনুরোধ করবো.. কিছু মানুষ প্রশাসন র নামে সরকার নামে সবসময় মিথ্যা র  ঘৃণা  দাঙ্গা লাগাতে চাইছে.. এদের বিরুদ্ধে কড়া ব্যবস্থা নেওয়া হোক
819762363671874_8130033523743505,Šoýěl Dě Hůšsáin আর কত চটি চাটবি?????
819762363671874_1232785547754218,https://www.facebook.com/share/p/9Qyn5UgnzQJWtFMa/?mibextid=oFDknk
819762363671874_470381725878524,"https://drive.google.com/file/d/16sk_jC3NRQwEKjk71J8LGMyIfwZ1ilxB/view?usp=drivesdk
এটা মৌমিতা না অন্য মেয়ে
দয়া করে তাকে উদ্ধার করুন
plese save him"
819762363671874_1271382920661036,মিথ্যা মামলা দিতে বিশ্বের সেরা কলকাতা ও পশ্চিমবঙ্গ পুলিশ....ক্রিমিনাল ধরার দম নেই.....
819762363671874_1426502284710901,প্রমাণ লোপাট কলকাতা তথা পশ্চিম বঙ্গ পুলিশ বিশ্বের সেরা...তারা নিজেরাই তো fake আবার কোন fake এর কথা বলছে..নির্লজ্জ বেহায়া ইতরের মতো...সবচেয়ে বড় ইতোর হচ্ছে মেরো CP  of কলকাতা পুলিশ
819762363671874_7965345156886406,"R. বাংলা মিডিয়ার জন্য কিছু একটা করুন, সমাজে সন্ত্রাস ছড়াচ্ছে"
819762363671874_1687734485359987,"West Bengal Police

Is it true that there is some kind of drug cartel or other illegitimate activities being run in the R G Kar hospital?
And the heinous crime was a result of covering that up.

Is that true? There are 1000s of such posts visible across social media platforms.

To what extent are the above allegations true?
Has the Police verified such allegations from various parties?"
819762363671874_346873188493585,"১)।  
২)। প্রথমেই সন্দ্বীপ কে arrest করলেন না কেনো ??? 
৩)। CCTV footage এ bluetooth দিয়ে ধরলেন এক জনকে ....
কিন্তু তার আগে অবধি কারা কারা আসা যাওয়া করলো তার কথা তো বললেন না ...
৪) footage যদি missing থাকে .... RGKAR এর server এবং cctv র দায়িত্ব থাকা লোকেদের কেনো arrest করলেন না 
৫) আপনারা বাড়িতে ফোন করে suicide এর কথা বলেন নি । মেনে নিলাম। 
কিন্তু যে ফোন করেছিল তাকে arrest করেন নি কেনো????
৬) সে কার নির্দেশে ফোন করেছিল তাকে arrest করেন নি কেনো?
৭) বার বার বলছেন ১৫০ grm semen এর ব্যাপারটা মিথ্যে .... সত্যি টা কি ??? 
৮) Autopsy report নিয়ে সঠিক কোনো তথ্য কেন পরিবেশন করছেন না?
৯) POC তে ই কেনো Post Mortem হলো ..... কেনো অন্য কোনো medical college এ নিয়ে যাওয়া হলো না??"
819762363671874_1473914926567597,অপপ্রচারের কোনো শাস্তি হতে দেখি নাই এপর্যন্ত।
819762363671874_1412493736112884,duur police i to rapist atai to promanito tai ora to aral korbei. rapist police
819762363671874_1247218803325756,"বুঝলাম 
আপনাদের উদ্যোগ ও ভালো,,,,,
কিন্তু আপনারা কতজন এর জীবন কে শেষ করে দেন সেটা ভেবেছেন???"
819762363671874_1197795681347145,"ভারতের রাজধানী নয়াদিল্লিতে  বুলডোজার দিয়ে ভেঙে ফেলা হয়েছে ৬০০ বছরের প্রাচীন আকঞ্জি মসজিদ।
সোর্স: যমুনা টেলিভিশন"
819762363671874_878362040804305,"ভারত নিয়ন্ত্রিত কাশ্মীরে ২০১৮ সালের জানুয়ারি মাসে ৮ বছর বয়সী পিচ্চি বোন আসিফা বানুকে মন্দিরে আটকে রেখে নির্মমভাবে ধ’র্ষণ ও খু’ন করা হয়েছিল। 

মন্দিরের পুরোহিত সঞ্জিরাম, তার ছেলে, ভাগ্নে এবং পুলিশ অফিসার দীপক শিশুটিকে ধ’র্ষণ করে। পরবর্তীতে জানা যায়, দু’জন পুলিশ অফিসারসহ আটজন মেয়েটিকে আটদিন ধরে ধ’র্ষণের পর পাথর দিয়ে মাথায় আঘাত করে হ’ত্য| করে। আসিফার দেহ রাসানা গ্রামের একটি জঙ্গল থেকে উদ্ধার করা হয়েছিল। আসিফাকে তাদের গোষ্ঠীর লোকেরা নিজ ভিটেতে দাফন করতে চেয়েছিল। কিন্তু আসিফার লাশ দাফন করতে গেলেও হিন্দুত্ববাদী'রা বাধা দেয়। তারপর ৪০ কিলোমিটার দূরে কাঠুয়া জেলার একটি গ্রামের জঙ্গলে আসিফাকে কবর দেয়া হয়। আসিফার জানাজায় হাজির হয়েছিল লক্ষাধিক মানুষ।

একটা শিশুকে ৮ দিন ধরে ধ’র্ষণ করেছে!
- ৮ জন মিলে!
- ৮ টা দিন!

তারপর কি করলো? পাথর দিয়ে হ'ত্য| করলো...

কারা করেছে?
১. মন্দিরের পুরোহিত
২. পুরোহিতের নিজের ছেলে
৩. তার ভাগিনা
৪. দু'জন পুলিশ অফিসার
৫. আরও কয়েকজন মিলে....

এই কেইসটা বাংলাদেশে ভাইরাল হয়নি কারণ বোন আসিফা বানু মুসলিমাহ্ ছিল। কোনো এলিট কেউ ছিলো না..."
819762363671874_474453258813912,ফেক নিউজ আমাদের দেশের ঐতিহ্য
819762363671874_919142666899372,"আরে  এইসব মানুষ বোঝবে সত্য মিথ্যা কোনটা""  আপনারা বলুন  ঐ রাতে কারা ছিলো তাদের ধরুন তো যতোসব"
819762363671874_1179438436443365,Wb police 😂😂😂 ..biswas hlo na
819762363671874_8077096105718428,"https://youtu.be/YfFHt38496E?si=WTV1tcRILLzTZ5IO
এই ইউটিউবার রেগুলার ফেক নিউজ ছড়িয়ে সমাজকে উত্তক্ত করতে চাইছে একটু দেখুন।"
819762363671874_8024339720975291,"শুভেন্দুর সুরেই আওয়াজ ওঠুক দফা এক দাবি এক প্রধানমন্ত্রীর পদত্যাগ চায়।

 উত্তরপ্রদেশের হাররাস থেকে মনিপুর, মহিলাকুস্তিগীরা নিগ্রহের প্রতিবাদ করায় বিজেপি সরকারের পুলিশের ধস্তাধস্তি।

 ভারতবর্ষে বিজেপির শাসনকালে মোদি জামানায় প্রতিদিন গড়ে ৮০ জনেরও বেশি মহিলা ধর্ষিত হচ্ছে।"
819762363671874_823905439927894,https://www.facebook.com/share/r/Nvdawj1u2DKMj7it/?mibextid=oFDknk
819762363671874_1021409003012141,গুজবের ভিত্তিতেই এই আন্দোলন প্রতিষ্ঠিত
819762363671874_533888282497469,"West Bengal Police 

এটা কারা করছে বোঝার জন্য বড় গোয়েন্দা হবার দরকার পড়ে না.... 

যারা প্রকৃত দোষী তারা এই কাজ গুলো করছে তাদের কামেয়ী স্বার্থ সুরক্ষিত রাখার জন্য.. 

সোস্যাল মিডিয়া কখনো খবর ছড়াচ্ছে না। একটা  জঘণ্য ঘটনা ঘটেছে। সেই ঘটনার প্রকৃত সত্য যাতে চাপা থাকে তার জন্য নির্লজ প্রভাবশালী একটা অংশ তারা এই নিউজটা তৈরি করে বাজারে ছাড়ছে। জনগনের বেসিক নিড যেহেতু natural justice  সেই কারনে আবেগের বসে সেটাকে শেয়ার করছে। 

যারা ফেক নিউজ শেয়ার করছে তাদের কে গ্রেফতার করে কেস দাঁড় করাতে পারবেন না। তার কারন আপনাকে তদন্তের গভীরে গিয়ে মাথা পর্যন্ত পৌঁছাতে হবে এই ফেক নিউজটা প্রথম কে তৈরি করলো? এর উত্তর যেই দিন পাবেন সেই দিন দেখবেন  যারা প্রকৃত দোষী তারাই এই কাজ করেছে তাদের দোষটা অন্যর ঘাড়ের উপর দেবার উদ্দেশ্য নিয়ে এবং নিজেদের সুরক্ষিত করার জন্য। 

সুতরাং সোস্যাল মিডিয়া নিয়ে মাথা না ঘামিয়ে আপনারা আপনাদের মেরুদণ্ডটা সোজা রেখে  সঠিক ডিউটিটা করুন। এবং নিজেরা আয়নার সামনে দাঁড়ান আত্মসমালোচনা করুন 

জনগনের মনে কিন্তু তীব্র ঘৃণার সৃষ্টি হচ্ছে পুলিশ সমন্ধে।  এটা  ভাবার কোন কারন নেই যে এটা শুধু একটা ঘটনার উপর নির্ভর করে। এই ক্ষোভ ধারাবাহিক ভাবে আপনাদের কার্যকলাপ মানুষ ভালো ভাবে নিচ্ছে না বরং সেটাকে কি করে কাটিয়ে ওঠা যায় সেই চেষ্টা করুন। নচেৎ দীর্ঘদিনের পঞ্জিভূত জনগনে তীব্র ক্ষোভ এবং ঘৃণা গিয়ে যখন আছড়ে পড়বে আপনাদের উপর তা কিন্তু ভয়ঙ্কর হতে পারে, এটা মাথায় রাখা উচিত। এবং বাংলাদেশের ভয়ঙ্কর চিত্র তা দেখে শিক্ষা নেওয়া উচিত। 

আপনারা কি মনে করেন মানুষ খুব বোকা। স্বাধীনতার মধ্য রাতে RG Kar medical College হাসপাতালে যে ভাঙচুর হয়েছে তা জঘণ্যতম অপরাধ। আমাদের ট্যাক্সের পয়সায় কেনা ঔষধ এবং মুল্যবান জিনিস ভাঙচুর হলো একদল উগ্রপন্থী এ কাজ করলো তাদের আপনারা ধরতে পারছেন না?  অদ্ভুত!!  

কমান্ট লিখতে লিখতে দেখতে পাচ্ছি খবরে দেখাচ্ছে দমদমে একজন ছেলে ১৪ তারিখ ভাঙ্গতে গেছিলো টিভি চ্যানেল তাকে খুঁজে পেয়ে সে স্বীকার করেছে। এবং এও সাংবাদিকদের সামনে বলছে আমার অনেক চেনা জানা ছেলে গেছিলো। দুভাগ্যবসত তার পরিচয় সে সরকারি দলের সাথে যুক্ত। শুধু তাই নয় পুলিশের খাতাও তার নাম আছে। আপনারা একবার ভাবুন এই সমস্ত মোস্ট ওয়ান্টেড আসামীদের আপনারা খুঁজে পাচ্ছেন না অথচ সাংবাদিক খুজে পাচ্ছে। বিষয়টা অদ্ভুত না। 

লজ্জা কি লাগছে? 
আমি আপনাদের বলছি লজ্জা কি লাগছে? 
আমি কোন রাজনৈতিক দলের সাথে যুক্ত নয় সুতরাং আমি আপনাদের নিরপেক্ষ দৃষ্টিভঙ্গি থেকে বলছি সময় ভালো নয়, মানষের ক্ষোভ কিন্তু চরম আকার নিচ্ছে। সুতরাং সোস্যাল মিডিয়ার পিছনে না পড়ে থেকে নিজেদেরকে সংশোধন করার চেষ্টা করুন 

🙏🙏🙏🙏"
819762363671874_521168703914087,লজ্জা করেনা? পুলিশ কতটা ব্যার্থ সেটা বার বার প্রমাণিত হচ্ছে। পুলিশ এর কেস গুলো সিবিআই কে নিতে হচ্ছে
819762363671874_1192689235384404,"আপনারা আসল লোক ধরুন৷ তাহলেই লোকে গুজব ছড়াবে না৷ কলকাতা পুলিশ রোজ এসে জনগণকে ""একে খুঁজে দিন, তাকে খুঁজে দিন"" করলে গুজবই ছড়াবে। আপনারা খুঁজছেন না কেন? পুলিশ কেন জনতাকে বলছে খুঁজতে?"
819762363671874_1213185386479284,And you guys need all these time to bust this fake news. This fake news had been on social media from the very next day of the incident. Come on. This is truly unprofessional.
819762363671874_511403538103916,আপনারা marking করে যাদের সম্পর্কে জানতে চেয়েছেন তাদের মধ্যে একজন নাকি ডাক্তার রয়েছেন? এটা কি রকম হলো? আপনারা কী ইচ্ছা মতো marking করেছেন??? নাকি ভুল করে???
819762363671874_877987037573553,এরেস্ট করুন।তারপরে পোষ্ট করবেন যে একে এর জন্য এরেস্ট করা হয়েছে
819762363671874_805536375064947,"ভোটের আগে ও পরে অসংখ্য সাম্প্রদায়িক পোস্ট এবং কমেন্ট এবং তাদের বিরুদ্ধে কোন কিছু ব্যবস্থা না নেওয়া এক শ্রেণীর সাহস অনেক বেড়ে গেছে, তারা ভেবে নিয়েছে কোন কিছুতেই কিছু যায আসে না | 
সঙ্গে ইন্টারনেট জগত সম্পর্কিত কোন কিছু নিয়ে থানায় গেলে কিছু না শুনে সাইবার ডিপার্টমেন্টে রেফার করে দেওয়া এটাও একটা কারণ"
819762363671874_1463802050978186,"তো যারা ঘটনাটা ঘটিয়েছে তাদেরকে অ্যারেস্ট করুন।
আজ নিয়ে 6 দিন হতে চলল, যত দেরি হবে তত গুজব ছড়াবে মানুষ। কজনকে আটকাবেন?
বোকাচো""** নাকী?🤡"
819762363671874_1208124696883120,"কলকাতার মত জায়গায় এক হসপিটালে এরকম ঘটনা ঘটে গেলো, ছি ছি ধিক্কার জানাই।
ওই ধর্ষক দের খুঁজে বার করতে অনুরোধ রইল আপনাদের কাছে"
819762363671874_786022813454658,"এইসব কান্না কাটি পুলিশ কে মানায় না 

যারা এইসব গুজব ছড়াচ্ছে তাদের এরেস্ট করে থার্ড ডিগ্ৰী দিন"
819762363671874_1479414319609655,"ফেসবুকে খাপ পঞ্চায়েত বসে গেছে, আইনের উপর ভরসা না রাখে আজব লোকজন"
