COMMENT_ID,COMMENT
819671100347667_1025919409142524,আন্দোলন হোক ✊শান্তিপূর্ণভাবে সরকারি সম্পত্তি ক্ষতি করে নয়
819671100347667_1546905172920839,Bhîm Môndål এরা আন্দোলন কারী না
819671100347667_851591636911751,Bhîm Môndål akdom thik bolecho vai.....
819671100347667_1224058072206063,Bhîm Môndål Akdm theek khoti korle sorkar r koro sompotti r noi
819671100347667_394273947020986,"শান্ত বাঙলা কে যারা 
অশান্ত করার চেষ্টা করছে
তাদের শাস্তি হওয়া উচিৎ 
We support West Bengal Police ❤️🙏"
819671100347667_873771457983959,Aman Rashid Biswas ata protibad ? Ader samlabe naki case solve er dike focus korbe prosason ?
819671100347667_1028912885021906,TMC fixed vote bank 😆😆😆😆😆😆😆
819671100347667_1844465689295749,আন্দোলন করা হয় যাতে পুনরায় এইরুপ কোনো রকম সমস্যা না হয়। কিন্তু আপনারা যেই ভাবে পুলিশ ও হাসপাতাল এর ওপর ভাঙচুর করছেন তাতে ক্ষতি আপনার আমার সাধারণ মানুষের হবে। আপনাদের কাছে অনুরোধ আপনারা এই রূপ করবেন না পুলিশ অফিসার দের ওপর হাত দিবেন না। 👏👏👏
819671100347667_8148376601915402,Sk Hasan কাদের বলেছেন যারা আন্দোলন করছেন? আপনি কি করে শিওর হলেন তারাই করেছে। জ্ঞান নিজের পকেটে রাখুন।
819671100347667_3536337063331838,Sk Hasan r civic police j barir somman nirjaton korche seta to apnader choke pore na
819671100347667_927940412425799,যারা প্রতিবাদের নামে ভাংচুর করে তাদের গ্রেফতার করে শাস্তি দেওয়া উচিত।
819671100347667_1597218417533893,প্রশাসন আর ও কঠোর হওয়া উচিৎ ছিল
819671100347667_489363617181579,"অভীক সরকার আহা গো
সোনা।গো
খুব কষ্ট হচ্ছে তাইনা"
819671100347667_1538995913719596,আন্দোলন হোক আমিও চাই কিন্তু আমাদের দেশের কিংবা আমাদের রাজ্যের সরকারি সম্পত্তি ভেঙে নয়।
819671100347667_2186307871726578,অপরাধীদের কঠিন শাস্তির দাবী জানাই।। 🇧🇩
819671100347667_479686251496072,"আন্দোলন করা যেতেই পারে তবে শান্তিপূর্ণভাবে করা উচিত।
 এখানে দেখা যাচ্ছে যেভাবে ভাঙচুর হয়েছে  সরকারি সম্পত্তি নষ্ট করা হয়েছে এটা কাম্য নয়।"
819671100347667_1043344267400439,Tapan Jana apnar bon k keou brutally rape korle apni santo hoye boshe thakten?
819671100347667_781823600555050,"আর জি কর ভাঙচুর কখনো সমাধান হতে পারে না। মনে রাখতে হবে ওখানে এখনো অনেক মানুষ রোগী চিকিৎসা করাতে যান তাদের যাতে কোনো অসুবিধা না হয় এবং বিনা চিকিৎসায় কাউকে যেন ফিরে যেতে না হয়। 
হাসপাতালে এমন ভাঙচুর তান্ডব চালালে চিকিৎসা ব্যাবস্থা ব্যহত হতে পারে। 
এই বিষয়ে প্রাশাসনকে সহযোগিতা করুন।"
819671100347667_435051612858112,আপনারা খুঁজে বার করুন।
819671100347667_1026588408950125,Andolon choluk pasa pasi jara vangchur koray6e tara sasti pak .
819671100347667_515989667640416,যারা করেছে তাঁদের চিহ্নিত করে উপযুক্ত শাস্তির ব্যবস্থা করুন।
819671100347667_2753870264763216,Nurul Hasan  এদের মুরোদ নেই
819671100347667_325177063922871,Nurul Hasan কেনো?
819671100347667_1244604900306245,"ওও ভাই,,, যারাই করুক দেখাই ত যাচ্ছে মুখ গুলো, গ্রেফতার করুন কোর্টে চালান দিন,, সাধারণ মানুষ ও সব বিরোধী দলও চাইছে ওদের গ্রেফতার করুন।,,,,, আমরাও জানতে চাই ওরা কারা! আর জানানোর দায়িত্ব ত আপনাদের 😐"
819671100347667_817178400621333,এরা কি জানেনা এটা হাসপাতাল।
819671100347667_388175623981986,Sk Sujauddin na tor kache sikhbe tolamul ar dalal
819671100347667_1214895836601253,Sk Sujauddin তোর দিদির দলের লোকেরা জরিত
819671100347667_1226203745393723,অপরাধীদের শাস্তি চাই
819671100347667_3454822741494143,প্রত্যেক অপরাধীদের চিহ্নত করে কঠোরতর শাস্তি দেয়া হোক।
819671100347667_1575574002990611,"আসলে জনগণের দাবি,  হাসপাতালে অসুস্থ মানুষ  চিকিৎসার মাধ্যমে ভালো হয় ।  কিন্তুু  এখানে তো তার উল্টো টা হলো ।  সুস্থ একজন মহিলা ডাক্তার,  তেনাকে  হসপিটালের ভিতরেই  যৌন নির্যাতনের মাধ্যমে খুন করা হলো ।  তাই জনগণের এই বিক্ষোভ ।"
819671100347667_2987028284769953,"Gvmnt property venge protibad kammo noi.prosason k jodi eivabe samlate hoi tahole case tar investigation er dike focus kore as soon as possible asami der dhore justice paoano setar dike focus korche seta korte din.pls sobar kache request police CBI k nejeder kaj korte din,result paben e,asami j khanei thakuk khuje bar kore joggo sasti tara pabei.eivabe gvmnt property vangchur korben na pls pls pls.
West Bengal Police pls j ba jara gvmnt property vangche, investigation a focus korte dicchena tader identify korun,kechu manus eisob nongrami kore prosason k nejer kaj korte badha dichha,and onek sadharon khete khaoa manus o asubidha te porche jara kaj korte working sector gulote kolkata te jachha.
Prosason er upor vorsa rakhar post korun pls request 🙏🙏🙏"
819671100347667_1043742614128094,"Vangchur korlo TMC goons,,,proman nosto korar jonno,,,R G Kar Vangchur korar jonno...r tader ei plan a sath diyeche Police department...r choti chatte giye nijeder ekjon officer er chok boli diyeche... Jar chok gelo tar ki rag hoyna nijer department er nongra khelar jonno????"
819671100347667_2413631332361509,Reporter hai ya WWF ka commentator chilla kitna raha hai 😡
819671100347667_515467684266057,আপনাদের অজানা নয় তা।
819671100347667_1265760651057422,শুভ রাএী ❤️❤️❤️❤️
819671100347667_1057717292377445,"𝙼𝚊𝚛𝚙𝚒𝚝 𝚛 𝚔𝚊𝚞𝚔𝚎 𝚊𝚑𝚘𝚝𝚘 𝚔𝚘𝚛𝚎 𝚔𝚒𝚌𝚑𝚞 𝚑𝚘𝚋𝚎 𝚗𝚊 
𝙺𝚊𝚛𝚘𝚗 50𝚓𝚘𝚗 𝚖𝚊𝚛𝚊 𝚐𝚎𝚕𝚎𝚘 𝚜𝚎𝚝𝚊 𝚊𝚖𝚊𝚍𝚎𝚛 𝚟𝚊𝚒,𝚋𝚘𝚗,𝚍𝚊𝚍𝚊,𝚍𝚒𝚍𝚒 𝚛𝚊𝚒 𝚖𝚊𝚛𝚊 𝚓𝚊𝚋𝚎 
𝚃𝚊𝚒 𝚜𝚊𝚗𝚝𝚒 𝚝𝚎 𝚊𝚜𝚘𝚕 𝚖𝚊𝚝𝚑𝚊 𝚝𝚊 𝚋𝚎𝚛𝚔𝚘𝚛𝚘 
𝚂𝚊𝚝𝚑𝚎 𝚊𝚌𝚑𝚒"
819671100347667_1657642715081042,পদক্ষেপ নিন
819671100347667_1622389525096464,বিচার চাই
819671100347667_1037587331058578,Police Nirapotta k dikkar janai
819671100347667_1013143613473352,"Eder ram kyalni din, pechoner matha beriye asbe"
819671100347667_384191974710328,Ata andolonkari??
819671100347667_1044077060646523,Salim Malik তোর দিদির দলের লোকেরা জরিত🤣🤣
819671100347667_833699541828575,Era andolon er lok na... Era evidence nosto korar jnno andolonkari der majhe mishe egulo korche.
819671100347667_1392647078804735,জয় হিন্দ
819671100347667_527680106271659,পুলিশ তোমার লজ্জা লাগেনা। বাড়িতে বৌয়ের পাশে ঘুমাও কি করে?
819671100347667_2074409056286317,Ader pitai nai 🙄
819671100347667_2799100263587856,এটা হওয়ার কারন টা কি জানতে পারি?
819671100347667_862350092157830,"West Bengal Police sudhu niraporadh manus er upor uttachar kore.. Duskriti, Gunda, politician er voy lukia pore.. west bengal police manus er nirapotta dite bartho, seta ader okhomota na porikolponar akta past seta tarai jane.. Shame on WestBengalPolice"
819671100347667_1167969647810690,এই বর্বর জানোয়ারগুলো পাবলিকের টাকায় তৈরি সরকারি সম্পত্তি ভেঙ্গেছে । এদের কঠিন শাস্তি দরকার ।
819671100347667_8036168216470862,😁 😂
819671100347667_368955242925459,Dosi der guli kore mere din tobei Santi hobe desh
819671100347667_486257271029743,Suraj Dakua তাহলে তো TMC এর বিধানসভা খালি হয়ে যাবে
819671100347667_800846312259572,আন্দোলন হোক খুনিদের গ্রেফতার করে ফাঁসি দেওয়া পর্যন্ত
819671100347667_951816740047414,"আসলে জনগণের দাবি,  হাসপাতালে অসুস্থ মানুষ  চিকিৎসার মাধ্যমে ভালো হয় ।  কিন্তুু  এখানে তো তার উল্টো টা হলো ।  সুস্থ একজন মহিলা ডাক্তার,  তেনাকে  হসপিটালের ভিতরেই  যৌন নির্যাতনের মাধ্যমে খুন করা হলো ।  তাই জনগণের এই বিক্ষোভ ।"
819671100347667_526959526564392,Soumitra Bag তার জন্য হাসপাতাল ভাঙচুর করতে হবে? তা হলে এখন অস্বীকার করছে কেন?
819671100347667_387103687526351,Police ar chakri kore Gunda giri  kano takar jonno
819671100347667_824526956436999,Take care
819671100347667_1047066946901848,TMC র লোকেরা করেছে প্রমাণ নষ্ট করতে। সবই জানে।
819671100347667_1524964108389311,তথ্য প্রমাণ লোপাট করার কি সুন্দর প্রচেষ্টা।
819671100347667_7892276780891554,"https://www.facebook.com/share/v/YsCndLtSVwAyRzKc/?mibextid=oFDknk

Real picture of........ Police...."
819671100347667_1682648469204670,"""পুলিশ তুমি চিন্তা করো , তোমার মেয়েও হচ্ছে বড়"""
819671100347667_526037600088845,Police ko maro bhai?
819671100347667_1193938981811725,Jara dosi tader kothor sasti hok eta sobai chai kintu seta ki public nirdharon korbe naki police er songe dhosta dhosti korlei somadhan hobe.police abong ain ke tader kaj korte din.tachharao ekhon to case kendriya Agency CBI case ta handle korchhe .oder upor to biswas achhe ?
819671100347667_1742257839913817,"Kirokom nirlojjer moto dariye sada dress pora dui officer, kono protibaad ba chokh rangani nei.. Kader k vangchur korte dhokar sujog kore dichchilen?"
819671100347667_1035065151324260,Chai na pagli dayani shoitani olokhi momotar sorkar
819671100347667_467269909547872,Police is dependent on fb....what they have done against the miscreants ?..nothing ..bcz tmc goons have done these
819671100347667_2384919125180536,"আপনারা অভিযুক্তদের ধরার পিছনে যদি সক্রিয় হতেন, তাহলে এই অবস্থা হতো না। নির্যাতিতা ডাক্তার যেদিন নির্যাতিত হয়েছিল, তার আগের ও পরের আরজি করের সিসিটিভি ফুটেজ দিয়ে প্রেস কনফারেন্স করুন না। তাহলে জানবো আপনাদের ক্ষমতা।"
819671100347667_398605196669935,Police  prosason dossier bachanor chesta korle dosider aghat ta to police deri lagar Kotha 🙂
819671100347667_507596171873472,এত চিল্লায় ক্যান?
819671100347667_1145738223577304,স্থানীয় পার্টি অফিসে খোঁজ নিয়ে দেখুন
819671100347667_1584031035847067,"গাড়ি ধরার সময়  বাঘের বাচ্চা 🦁
আর রেপিস্ট ধরার সময় শুয়োরের বাচ্চা 🐷"
819671100347667_760505006079639,"ভারত নিয়ন্ত্রিত কাশ্মীরে ২০১৮ সালের জানুয়ারি মাসে ৮ বছর বয়সী পিচ্চি বোন আসিফা বানুকে মন্দিরে আটকে রেখে নির্মমভাবে ধ’র্ষণ ও খু’ন করা হয়েছিল। 

মন্দিরের পুরোহিত সঞ্জিরাম, তার ছেলে, ভাগ্নে এবং পুলিশ অফিসার দীপক শিশুটিকে ধ’র্ষণ করে। পরবর্তীতে জানা যায়, দু’জন পুলিশ অফিসারসহ আটজন মেয়েটিকে আটদিন ধরে ধ’র্ষণের পর পাথর দিয়ে মাথায় আঘাত করে হ’ত্য| করে। আসিফার দেহ রাসানা গ্রামের একটি জঙ্গল থেকে উদ্ধার করা হয়েছিল। আসিফাকে তাদের গোষ্ঠীর লোকেরা নিজ ভিটেতে দাফন করতে চেয়েছিল। কিন্তু আসিফার লাশ দাফন করতে গেলেও হিন্দুত্ববাদী'রা বাধা দেয়। তারপর ৪০ কিলোমিটার দূরে কাঠুয়া জেলার একটি গ্রামের জঙ্গলে আসিফাকে কবর দেয়া হয়। আসিফার জানাজায় হাজির হয়েছিল লক্ষাধিক মানুষ।

একটা শিশুকে ৮ দিন ধরে ধ’র্ষণ করেছে!
- ৮ জন মিলে!
- ৮ টা দিন!

তারপর কি করলো? পাথর দিয়ে হ'ত্য| করলো...

কারা করেছে?
১. মন্দিরের পুরোহিত
২. পুরোহিতের নিজের ছেলে
৩. তার ভাগিনা
৪. দু'জন পুলিশ অফিসার
৫. আরও কয়েকজন মিলে....

এই কেইসটা বাংলাদেশে ভাইরাল হয়নি কারণ বোন আসিফা বানু মুসলিমাহ্ ছিল। কোনো এলিট কেউ ছিলো না..."
819671100347667_1215161069636228,"Watch the news channels. The reporters will give you leads. They are doing your job. I bow down my head in shame as a Bengali and resident of this state.
Please show some spine."
819671100347667_883278886998963,"কলকাতা পুলিশ এবং পশ্চিমবঙ্গ পুলিশ তৃণমূলের ক্রীতদাসে পরিণত হয়েছে। পুলিশের হাত থেকে তদন্তভার CBI এর হাতে চলে যাওয়াতে কলকাতা পুলিশ নিজেই ফেঁসে যাওয়ার ভয়ে আছে। 

পুলিশের বুকের উপর দাঁড়িয়ে তৃণমূলের গুন্ডা বাহিনী R G Kar হাসপাতালে ভাঙচুর চালিয়েছে এবং দুষ্কৃতীরা কলকাতা পুলিশের শীর্ষ অফিসারদের সহযোগিতায় প্রমাণ লোপাট করেছে।

কলকাতা পুলিশ হায় হায় ........"
819671100347667_1049765126757429,পুলিশ মন্ত্রী তোমায় জানাই ধিক ধিক ধিক ধিক্কার
819671100347667_1021908162738743,Caption এ এটা লেখা নেই কেনো যে কারা দাঁড়িয়ে দেখলো
819671100347667_1690407301785800,"আন্দোলন হোক শান্তিপূর্ণ ভাবে, সরকারি সম্পত্তি ক্ষতি করে নয় ।।

সাধারণ মানুষ, প্রশাসনের কাছে শাস্তির বিচার চাইলে,
প্রশাসন সৈই বিচার চাওয়া মানুষটাকে ভুল ভাল, উল্টো পাল্টা কথা বলে, ভুল ভাল কেস দিয়ে দেবো বলে এবং ভুল ভাল কেস দিয়ে, জেলের মধ্যে ভরে দেওয়ারও কথা বলে,
আবার এও বলে কেস-কাচারির মধ্যে থাকতে যাবেন বরং আপনাদেরই বেশি ক্ষতি হতে পারে, আমরা সকলেই টিভিতে খবরের কাগজে লেখা দেখতে পাচ্ছি, বেশিরভাগ ক্ষেত্রেই মোটা অংকের টাকার বিনিময়ে, প্রশাসন খুনিদেরই বাঁচাতে সাহায্য করে ।।

যার টাকা আছে, পুরো প্রশাসন তারই হাতের মুঠোয় ।।

ঘুমিয়ে থাকা গ্রাম-শহরের লোকজন ঘুমিয়েই ছিল আর ঘুমিয়েই থাকবে ।।

                                  💞 প্রিন্স তাপস সিংহ 💞"
819671100347667_523413426704728,"Plz take a strong action 
ভাঙচুর কারীরা ডাক্তার হতে পারে না।।।"
819671100347667_478932288264786,Abhijit Ghosh tara doctor chilou na... Keo keo chilo local TMC councillor  er kacher manush... Tara jodio meneche j Tara chene ekey opor ke...but tara TMC member na...Mane bepar ta emon j amra manush na alien
819671100347667_1923581428105577,Can't you use Tear Gas?? Or that is also prohibited by our manoniya?
819671100347667_1054590593031126,https://www.facebook.com/100052175377244/posts/1048565976892572/?mibextid=rS40aB7S9Ucbxw6v
819671100347667_527328599795931,বিম্পি জামাতের ভারতীয় শাখা
819671100347667_3799182370341469,Tmc party office a khoj korun peye jaben
819671100347667_1741924806341969,"অপরাধীর বিরুদ্ধে প্রতিবাদ করুন
ভারতীয় সম্পদের উপর নয়🙏🏻🇮🇳"
819671100347667_372668739024944,শাসনের আইন নেই শাসকের আইন চলছে
819671100347667_1429064477781258,"আন্দোলন টা রাজনৈতিক দল গুলি হাইজ্যাক করে হাসপাতাল ভাঙচুর করছে।
আর ১ টা বাংলাদেশ মতো ঘটনা ঘটাবে বলে।"
819671100347667_497094626403616,কিভাবে ঘটল কারা ঘটল এটা তো খুঁজে বের করবেন আপনারা কি যে ক্যাপশন লিখেন দেখেও হাসিও পায়.
819671100347667_1075443364134096,"আগে পুলিশ কে ধরে পেটানো উচিত, কেনো না তারা ফালতু সব প্রমান তারা লোপাট করে দিচ্ছে 😠"
819671100347667_386762544439954,আপনারা Meme share করতে আর  ঘুষ ক্ষেতে ঠিক আছেন। প্রতিরক্ষা করা টা আর আপনাদের কাজ নাই
819671100347667_1027990312020478,Keno ato kom police chhilo? Keno police k free hand deoa holo na? Sorkar er Sodichcha thakle 5 minute lagtona eder faka kore dite. Failed Administration.
819671100347667_2291315414552448,https://www.facebook.com/share/v/1eHV6rQgTgiCdpSa/?mibextid=oFDknk
819671100347667_1347862352840438,"Apnader samne diye chole gelo apnara dhorlen na, apnara sudu bike e helmet na porle manus k dhorte esechen police force e??"
819671100347667_815920700730087,জনগণ বুঝে গেছে আপনাদের উপর ভরসা নেই ।
819671100347667_1231879081598931,TMC natun pataka peyache
819671100347667_1143383506735581,স্বচ্ছ হন আপনারা
819671100347667_1839142903242865,বড়ই অসহায়
819671100347667_872217207568050,Thik koreche
819671100347667_503113955640622,#ইউপি তে যে এই রকম #ভাঙচুর করে তাকে ধরে তার বাড়ি #বুলডোজার দিয়ে #ভেংগে দেয়া হয় আর তার প্রোপার্টি বিক্রি করে সমস্ত #ক্ষতিপূরণ আদায় করা হয়। আপনরা যদি এই স্টাইল কপি করেন তাহলে আর কোনো দিন কারো সাহস হবে না পাব্লিক প্রোপার্টি কে এই ভাবে নষ্ট করার।
819671100347667_1482234345742663,কারা ঘটাল জানেন না? তৃণমূলী লুম্পেন রা। কলকাতা পুলিশ অপরাধীদের যে ছবি প্রকাশ করেছে দেখেন নি?
819671100347667_481150884530904,প্রশ্নটা পুলিশ মন্ত্রীকে গিয়ে জিজ্ঞেস করুন ... উত্তর পেয়ে যাবেন
819671100347667_2469972036529736,পুলিশ জিজ্ঞেস করছে কি ঘটলো কারা ঘটালো পুলিশ তাহলে সেদিন রাতে কি করছিল ওখানে
819671100347667_3381105658850399,Sir apnara to sob ei korte paren please ei vabe banglar chobi kharap korben na ...fasi din jara jara jorito er moddhe
819671100347667_388716927394505,মমতা ব্যানার্জি কে এরেষ্ট করুন সব বলে দেবে কারা ভাঙলো
819671100347667_1561685184419107,"এরা আন্দোলনের নামে
চেয়েছিল দু'চারটে লাশ,
আসলে তো কিছুই  হয়নি 
ঘুরিয়ে খেয়েছে বাঁশ!"
819671100347667_1048302043659468,"Eta to Babu tomra bolbe!!
K korlo??
Kara korlo??
Keno korlo???
Police er Chakri ta to amra kori na.."
819671100347667_1220599606055250,Ata hoar chilo tao hoache
819671100347667_430528680001563,Jolkaman gulo oidin kothay jol vorate gechilo God knows. 😒
819671100347667_860045235717995,ছি ছি
819671100347667_331412456629003,গুন্ডামী আর কা কে বলে ??
819671100347667_387738444352828,ইন্ডিয়ান সাংবাদিকেরা সবসময় এত উত্তেজিত থাকে কেন?
819671100347667_907013501256444,আপনারা সবাই সবকিছুই জানেন
819671100347667_1956396984861477,"এসব আদালতে গিয়ে প্রমান করুন। এখানে কাঁদুনি গেয়ে লাভ নেই। আপনারা যে কতবড় চটিচাটা সেটা মানুষ বুঝে গেছে। আন্দোলনটা অরাজনৈতিক ছিল কেউ দলীয় পতাকা নিয়ে যায়নি। আর সব দলের পতাকাই বাজারে কিনতে পাওয়া যায়। কাজেই গুলিয়ে দেওয়ার চালাকি করে কোনো কাজ হবে না। এই ছবিতে তো বেশ কিছু হামলাকারীকে দেখা গেছে। তাদের গ্রেফতার করেছেন? সুপ্রীম কোর্টে থাপ্পড়টা কি কিছু কম ছিল, যে এখানে সাফাই গাইতে এসেছেন?"
819671100347667_384132521121504,এইগুলো সব নরেন্দ্র মোদীর ছেলেরা করছে!
819671100347667_852990716785241,"আর জি করে ভাঙচুর : কী ঘটল, কীভাবে ঘটল, কারা ঘটাল,এই ঘটনার তদন্ত রাজ্যবাসী করবে না আপনারা করবেন,নিশ্চয় আপনারা করবেন ?আর জি করে ভাঙচুর : কী ঘটল, কীভাবে ঘটল, কারা ঘটাল ?এ ই প্রশ্নের উত্তর তো আপনারা দেবেন,উল্টো আপনারাই প্রশ্ন করছেন।"
819671100347667_1044424060353591,Shame on Kolkata police
819671100347667_834258715513052,https://docs.google.com/forms/d/e/1FAIpQLSdg8UeRW3P6OH-wncooWMvEweRzjnStKbekZPWt877PuS80IA/viewform?usp=sf_link
819671100347667_1068599751433834,পতাকা গুলো যেন কেমন DYFI এর মত লাগছে??
819671100347667_3904759466473268,"https://www.facebook.com/share/v/KWMNaCXhKynmXDmy/?mibextid=D5vuiz 

West Bengal Police"
819671100347667_1421182358549861,পুলিশ নিরব দর্শক
819671100347667_1208864193781969,"Jedin gunda ra ese venge diye gelo sedin ai police kothai 6ilo... Jara bol6en eto ki6u tar ki 6ilen sedin, doctor dero 6areni sei gunda bahini , sedin to kono party andolon 6ilona, doctor der andolon 6ilo ,tahole sedin baire theke aslo majh rate diye hamla chalalo , seidin ai nisthur nirbak police kothai 6ilo....😶"
819671100347667_874408494737306,পুলিশের কাছে এত জমায়েতের তথ্য ছিল না আগে থেকে?
819671100347667_487556020579164,Apnara ghuman
819671100347667_1913102262531556,আপনার আপন কেউ হারালে আপনি এই ভাবে পোস্ট করতেন ?🙏
819671100347667_520033244025482,Good job... Protest rukna nhi chahiye ✊
819671100347667_1011560310757601,"যারা ভাঙচুর করেছে সব প্রশাসনের লোক 
ঘটনাটাকে অন্য দিকে নিয়ে যেতে চাইছে।"
819671100347667_3750586825257419,"Apnar ki bal chirchilen jokhon esob hochilo? Abar nyakamo kore bolte esechen, ke korlo Kara korlo ki holo kichui jani na"
819671100347667_1284331132553354,Wrost govt in west bengal.. All you blind fans.. there is time for you to vote and win.. Mamata Banerjee's
819671100347667_1692769224876092,Arrest mamata.. she saved criminals
819671100347667_867602651912830,পুলিশ কে ছাত্র দিবেন আমরা বাংলাদেশের মানুষ ও পুলিশ কে ছাড় দেয়নি।সব নষ্টের মূল এরা
819671100347667_382071891578280,উত্তর তো আপনারা দেবেন
819671100347667_864822232222652,"Jonotar bhire gunda punch kore baki karjo kar siddho holo? Jonogon gordhob noy. Protibad shantipurno kotha duto contradictory, kintu asol oporadhider chinhito korar protyasa amader sokoler modhyei. Andolonkari nijei andoloner moncho bhange ki?

Asol duskritider sashti chai! Property noshto police ke akromon sustho swabhabik manush korena, durbrittoder dhorun, we still keep our trust on Kolkata police and  West Bengal Police"
819671100347667_476181881896679,প্রচুর ভাংতে হবে
819671100347667_1553293485275698,বেশ করেছে। you can reconstruct them like the evidences. you cannot reconstruct the life.
819671100347667_1560816474523958,"Baaler momota banerjee. She is a dictator I saw she is protesting but against whom she is protesting 🤡🤡  ekta corrupt mohila 
Ekhon kichu bolle West Bengal police apnar ghore ashe. Waah re dictator momota"
819671100347667_372578235705888,"মৌমিতা মার্ডার কেস সর্ম্পকে সুষ্ঠু তদন্তের মাধ্যমে প্রকৃত অপরাধীদের কঠোর শাস্তির দাবি জানাচ্ছি। 

বাংলাদেশে কয়েক বছর আগে ধ-র্ষ-ণ বেড়ে গিয়েছিল, জনতার আন্দোলনের পর ধ-র্ষ-ণ এর শাস্তি মৃত্যুদণ্ড করা হয়। তারপর ই ধ-র্ষ-ণের হার কমতে থাকে।

ইন্ডিয়াতেও এটা করা উচিত। 

আমার অবজারভেশন বলে, এটা বিজেপির কাজ। মোদী সরকার মমতা ব্যানার্জি কে সরিয়ে নিজেদের লোক বসানোর ঘৃন্য ষড়যন্ত্র করছে।

কেননা আন্দোলন করা অবশ্যই উচিত, কিন্তু হাসপাতালে হামলা করে আন্দোলন এটা আমি এই প্রথম দেখলাম। পশ্চিমবঙ্গ পুলিশের ওপর আমাদের আস্থা আছে। দয়াকরে আপনারা আন্দোলন কারিদের ওপর হামলা করবেন না। তারা বিজেপির উস্কানি তে এমন করতেছে।

তাদের বোঝান, তাদের আস্থা দিন যে আপনারা দ্রুত এই ধ-র্ষ-ণ ও হ-ত্যাকারীদের কঠোর শাস্তি নিশ্চিত করবেন। 

Shahriar Hassan 
From Bangladesh"
819671100347667_467129476085465,"দফা এক দাবি এক, মুখ্যমন্ত্রীর পদত্যাগ!

যাদের জন্য গেছে প্রাণ, হয়েছে নৃশংস অত্যাচার! বাংলার মানুষ গর্জে উঠেছে, সরাতেই হবে ওদের এবার।

#ResignMamata"
819671100347667_3828544047379967,Sir apnader page a apnara jonogon k ask kor6an sir Amaro ma bon a6a apnader o a6a ...ato baja kaj hoa6a apnara amader vhorsha apnara ai bhaba ask korla amader monobol er ki hoba sir...apnara parban sob thik korta amar biswas
819671100347667_1151106449512546,I think kolkata police and police commissioner are actively  involved in this rape and murder in R G Kar Medical college and hospital...I make this claim very consciously...and the worthless CP is a damn rapist and liar ..that's why the shameless Calcutta police are so active in destroying evidence
819671100347667_1212026133257515,এসব TMC আশ্রিত দুষ্কৃতী আর পুলিশ মিলে দল বানিয়ে করিয়েছে.. প্রমাণ লোপাটের জন্য...এখন নাটক করছে
819671100347667_478316731578471,"আরজি কর মেডিকেল কলেজ হাসপাতালে বাঙালি নারী ডাক্তার ধর্ষণ ও খুনের ঘটনায় দয়া করে বাঙালি - বিহারী করবেন না 

এখনও পর্যন্ত গ্রেফতার হওয়া একমাত্র হায়না - সিভিক ভলান্টিয়ার সাঞ্জায় রাই - বিহার
ঘটনার রাতে আর জি কর হাসপাতালের সুপার - সাঞ্জায় ভাসিষ্ঠ - বিহার
আরজি কর সহ কলকাতায় সব মেডিকেল কলেজে হাসপাতাল বেডের দালাল চক্র - ইউপি বিহার 
১৪ই আগষ্ট রাতে আর জি কর হাসপাতালের আউটডোর ভাঙা মব - কাশীপুর বেলগাছিয়ার জঞ্জাল - ইউপি বিহার থেকে কয়েক প্রজন্ম ধরে আমদানি
কলকাতা পুলিশ সিপি - বিনীত গোয়েল - ইউপি
কলকাতা পুলিশ ডেপুটি কমিশনার ক্রাইম - ইউপি
কলকাতা পুলিশ গোয়েন্দা প্রধান ডিসি ডিডি - ইউপি
কলকাতা পুলিশের যে এলাকার মধ্যে আর জি কর পরে, তার দায়িত্বে ডিসি নর্থ - ইউপি 
তদন্তের দায়িত্বে পাওয়া সিবিআই অফিসাররা - ইউপি বিহার
কয়েক মাস আগে কলকাতা মেডিকেল কলেজে বাঙালি নারী ডাক্তারকে শ্লীলতাহানির ঘটনায় অভিযুক্ত ডাক্তার - ইউপি বিহার 
ন্যাশনাল মেডিকেল কলেজে বাঙালি নার্স দিদিকে পেটানোতে অভিযুক্ত ডাক্তার - ইউপি বিহার 
নীল রতন সরকার মেডিকেল কলেজে বাঙালি ফার্মাসিস্টকে পেটানোয় অভিযুক্ত ডাক্তার - ইউপি বিহার 

একমাত্র কোপ যে পুলিশ অফিসারের ঘাড়ে পড়ল, সেই এসিপি নর্থ - বাঙালি
আর জি কর হাসপাতালে ভাঙচুর করতে আসা গুটখাখোরদের মব বুক চিতিয়ে আটকাতে গিয়ে নিজের রক্ত ঝরাল, লাল হয়ে উঠল যার কলকাতা পুলিশের সাদা উর্দি, সেই ব্যাঘ্রশাবক দেবাশীষ দত্ত - বাঙালি 
বাংলা জুড়ে রাতের দখল নিয়ে মিছিল, জমায়েত করে এক নতুন ইতিহাস সৃষ্টিকারীদের ৯৯% - বাঙালি 

একদম বাঙালি বিহারী করবেন না"
819671100347667_509232241478775,কি স্নিগ্ধ দৃশ্য। স্পষ্ট ক্যামেরায় মুখ দেখা যাচ্ছে এদিকে কমিশানার বলছে ফেবুতে ছবি দেখে পাব্লিক দোষীদের খুঁজে দিক। আপনাদের স্ট্যান্ডিং ওভেশান মশাই।
819671100347667_404826112174938,শিপন মাহমুদ আমিন মমিন সরকার Aminul Islam প্রতিবেশীরাও শুরু করছে
819671100347667_3585546281756783,মোঃ রাসেল মল্লিক moumita debnath ke dhorshon kore mere felche modi jorito modir poton hok
819671100347667_1029492815239884,আমিন রাজ্য সরকার এখনে মমতা ভাই
819671100347667_1417441455605362,মোঃ রাসেল মল্লিক মমতার পতন চায়
819671100347667_914584450508275,শিপন মাহমুদ লেও ঠেলা
819671100347667_2520826404782377,মোঃ রাসেল মল্লিক ওই মহিলারে ও এখই ভাবে মেরে পতন করা হোক
819671100347667_1415002325847207,"https://drive.google.com/file/d/16sk_jC3NRQwEKjk71J8LGMyIfwZ1ilxB/view?usp=drivesdk

এটা মৌমিতা না অন্য মেয়ে
দয়া করে তাকে উদ্ধার করুন
plese save him"
819671100347667_471133982422776,TV9 Bangla খোজ পেয়ে গেলো । R আপনারা পেলেন না???
819671100347667_1712050782914486,নেচে নেচে মমতাকে ভোট দেবে আবার পুলিশকে দোষ দেবে। কেমন পাবলিক 🙂
819671100347667_2193911087651050,"যারা ভাংচুর করেছে তাদের মুখ স্পষ্ট বোঝা যাচ্ছে তাদের আগে ধরুন তারপর সাফাই দেবেন।
প্রথম দিন তো পুলিশ ছাত্রদের আটকে দিল। একজনকে ছাত্রকে ১০ জন পুলিশ মিলে মারল। তাহলে ১৪ ই আগস্ট রাত্তিরে পুলিশ আটকাতে পারলনা কেনো?
নাকি এই ভাংচুর করার ব্যাপারটা আগের থেকে প্ল্যান করে করা হয়েছে?"
819671100347667_1056094212700570,"7000 লোক একবারে জড় হয়ে গেলো State Intelligence agency জানতে পারলো না ? এটা কি করে সম্ভব ?
যখন দেখতে পারছেন প্রোটেস্ট চলছে আগে থেকেই তাহলে কেনো Article 144 লাগানো হয়নি ?
আর সবথেকে বড় প্রশ্ন, যদি আপনারা নিজেদের রক্ষা না করতে পারেন তাহলে জনগণের রক্ষা কীভাবে করবেন ?
West Bengal Police"
819671100347667_517305300770369,আন্দোলন করেই নিজের অধিকার বুঝে নিতে হবে...! ✊
819671100347667_3452656185043066,"আপনারা চুরি পরে বসে থাকতে পারেন 🥱
West Bengal Police"
819671100347667_994232325784678,রাজ্য সরকার যদি কোন সমাধান না দিতে পারে তাহলে সরাসরি তাকে বহিষ্কার করা হোক।
819671100347667_1585948255320706,"সরকারের দ্বারা পরিচালিত এক দল গুন্ডা দের আন্দোলনকারীদের মাঝে ভেরিয়ে দেওয়া হয়েছে , যাতে করে আন্দোলনকারীদের প্রতিবাদ কে নস্যাৎ করা যায় , সরকারের কালো হাত ভেঙে গুড়িয়ে দিতে হবে ,"
819671100347667_491011603533268,ইতিহাসে প্রথম কোলকাতায় উত্তপ্ত জনতা ব্যারিকেড ভাঙার চেষ্টা করছে তাই না? আজ জনতাকে ক্ষেপিয়েছেন তো আপনারাই। আর জি কর কান্ডের মাথাগুলোকে গ্রেপ্তার করলে মানুষ আপনাদের বাহবাই দিতো। কাল গুন্ডাদের আর জি কর ভাঙতে দিলেন কেন? আমরাই যদি গুন্ডা ধরে আপনাদের জানাই তাহলে আপনারা কী করতে আছেন?
819671100347667_804432805106640,নরম মাটিতে বিড়াল হাগে.... আপনাদের বিষয়টা এমন
819671100347667_2259158171105124,"KP& West Bengal police be like:-         Yeh kya hua
Kaise hua
Kab hua........

আর এইদিকে কোন পাড়ার কোন গলিতে বিরোধী দল করা লোক থাকে সেটা জানে, আর তাদেরকে ভুয়ো কেস, গাঁজার কেস দাও।
মাথায় টুপির বদলে হাওয়াই চটি নিয়ে ঘুরুন।
Kolkata Police West Bengal Police .
দয়া করে আবার কেস দেবেন না প্লিজ।
আমি একজন ছোট বাল নাগরিক।"
819671100347667_813680227582805,মাননীয়া তার ভাড়া করা গুণ্ডা পাঠিয়ে এগুলো করেছে আর পা চাটা দলদাস পুলিশ তাদের সাহায্য করেছে। নির্লজ্জ পুলিশ উর্দি খুলে এগুলো করুন। হামলার সময় পুলিশ প্রসূতি বিভাগে লুকিয়ে ছিল। চটি চাটা পুলিশ ছি
819671100347667_467590616161248,"ঢাল নেই তরোয়াল নেই রাজ্য পুলিশ আর তার দপ্তরের কঙ্কাল চেহারা বার বার বেআব্রু হয়ে পড়ে,,,,,
পুলিশ দের সাহেব দের অবশ্য ঠাটবাট বজায় থাকে 👍🏽👍🏽"
819671100347667_26241354772179367,Akhon natok korcha Kolkata police 🤣
819671100347667_1167333421227339,অত্যাচারের প্রতিবাদ তো হবেই।
819671100347667_497273486589950,শেষ পর্যন্ত পুরনো বাসি ভিডিও দিয়ে
819671100347667_477288631859791,https://t.me/sptbd24
819671100347667_473437995653636,"পাশের দুটো পাড়ার সিপিএম পার্টি অফিসে গিয়ে বুথ লিস্ট খুঁজুন অপরাধীদের পেয়ে যাবেন 

Thanks me later"
819671100347667_500482882628425,মমতা বেগম কে পদত্যাগ করা উচিৎ
819671100347667_2215714068789976,"Ei sob na kore borong, jara oporadhi tader ke dhorun, Posa goon gulo ke pathiehilo?? sesob dekhun, oi je Chhoto mey take kichu pisach mere fello, setar todonto korun, eisob baaje khobor na rotie, oporadhi der dhorun, dekhben andolon kome gachhe, Useless ekta Organisation.... chhi chhi,,, jara oporadhi tader ke na dhorle erokom andolon r o hobe,,,, choti chata public..."
819671100347667_1795856557607436,Napunshak police
819671100347667_8053246411433067,West Bengal Police স্যার 👉? জিজ্ঞাসা চিহ্ন টা দিতে ভুলে গেছেন।🤐
819671100347667_396391320139710,"ওয়েষ্ট বেঙ্গলের সংবাদ পাঠক মূয়র কোথায় যে কিনা লাফিয়ে,  দাড়িয়ে, বসে,  চেচিয়ে বাংলাদেশের মা বেহেন করছিলো,,, বলছি যে দাদা অন্য লোকের পোদে না লেগে নিজের দেশের সংস্কার করুন,,, আশা রাখব ভিকটিম যেন ন্যায় বিচার টা পাই।"
819671100347667_1016518696781637,Emni situation RAF keno namano hoi nii...✊
819671100347667_1505751156978093,"আপনাদের কলকাতার খবর পাঠ শুনলে মনে হয় রাস্তায় মলম বিক্রি করছে। মানুষ খবর শুনতে আসে সঠিক তথ্য জেনে নিজেদের স্বস্তি দেবার জন্য। আর আপনাদের খবর শুনলে পাল্পিটিশন বেড়ে যায়, মনে হয় বাইরে যুদ্ধ চলছে।"
819671100347667_1077225823735194,লজ্জাশরম টাও কি কালীঘাটে জমা আছে?
819671100347667_1053440073098681,"তোমরা পোষা গুন্ডা দেখলে বাথরুমে পালাও 
আর শিক্ষিত বঞ্চিত চাকরিপ্রার্থীদের ওপর লাঠি চালাও !!
 
তোমরা ন্যাকা সাজো তোমরা নাটক করো?"
819671100347667_815375314041099,"মৌমিতা দেবনাথ, পশ্চিমবঙ্গের RG Kar Medical College এর ৩০ বছর বয়সী চিকিৎসক..

টানা  ৩৬ ঘন্টার অক্লান্ত  ডিউটি শেষে মৌমিতা সেমিনার রুমে বিশ্রাম নিচ্ছিলেন। ঠিক এ সময় তাকে ধর্ষণ ও হত্যা করা হলো। নির্মম সেই মৃত্যুকে কর্তৃপক্ষ  চালিয়ে দিতে চাইল আত্মহত্যা বলে। 

দিদির সারা দেহে পৈশাচিক, বর্বর  আঘাতের চিহ্ন।

 ভাবতে পারেন- একজন যুবতী, সুস্থ মেয়েকে কতক্ষণ গলা চেপে ধরে রাখলে তার চোখের মনি দিয়ে রক্ত বেরিয়ে আসা সম্ভব? 

পুরো দেহে ১১৩ টা কামড়ের দাগ? 

১৫০ গ্রাম বী>র্য   পাওয়া গেছে, ভাবা যায়? 

সাধারনত একজন সক্ষম পুরুষের বী>র্য পরিমান গড়ে ৫-৬ গ্রাম, যদি ফ্লুইডের ১০০ গ্রামও সিমেন ধরা হয় তারমানে কম পক্ষে ১৮-২০ জন পুরুষের সমান বী>র্য পাওয়া গেছে দিদির দেহে...🥺

এমন পৈশাচিক গণধর্ষণকে আত্মহত্যা বলে চালিয়ে দেয়া মানে হলো একটা গোটা রাষ্ট্রকে অন্যায় মেনে নিতে বলা, গোটা রাষ্ট্রের মানুষকে নিয়ে মশকারি করা!

এই বিভৎসতার পক্ষে যারা সাফাই গাইছে তারা সাক্ষাৎ রাক্ষস। এই রাক্ষসদের বিনাশ করতে আজ সারা কোলকাতাবাসী লড়ছে। 

আমি একজন বাঙ্গালী, একজন বাংলাদেশী এবং একজন মানুষ হিসেবে এই অন্যায় ও জুলুমের তীব্র নিন্দা জানাচ্ছি এবং কোলকাতার মৌমিতা দেবনাথ দিদির খুনীদের এমন বিচার চাই যেন আর কখনো কোন নরপিশাচ এমন ঘটনা ঘটাবার আগে তার অন্তরাত্মা কেঁপে ওঠে। 

#AllEYESONKOLKATA 
#justiceformoumita 
#justiceforRGKar"
819671100347667_1154133485888404,"যে ঘটনা ঘটেছে তা এমন ভঙচুর না করে আইনি সমাধান করা উচিত। 

কিছু লোক এমন ঝামেলা অশান্তি ভাঙচুর করে রাজ্য টাকে বাংলাদেশ বানাতে চাইছে। 

এমন ভাঙচুর অবরোধ না করে আইনি সমাধানের জন্য প্রাশাসনকে সহযোগিতা করা উচিত।"
819671100347667_422140664176999,Diya Roy কত্ত জ্ঞান
819671100347667_1792714464592451,Women are not safe in India.
819671100347667_855337619548845,"আপনারা জানেন না কারা ঘটালো? সত্যিই জানেন না? ওই স্যান্ডো গেঞ্জি আর বারমুন্ডা পড়ে কারা আক্রমণ করল সত্যিই জানেন না আপনারা? আপনাদের কাছে কোনো খবরই ছিল না? আপনাদের অমন intelligence department কে অবসর নিতে বলুন, আমাদের মতো তরুণদের দিন যারা চাকরির জন্য বসে আছি, কিন্ত govt exam নেয় না.......এত কিছুর পরেও আপনারা যদি সত্যিই চুপচাপ থাকেন, নূন্যতম ভরসাবোধ বাংলার পুলিশের প্রতি মানুষের থাকবে না
    কয়েকজন পুলিশকর্মীও তো খুব খারাপ ভাবে আঘাত পেয়েছে, নিজেদের সহকর্মীদের জন্য অন্তত নূন্যতম পদক্ষেপ করুন"
819671100347667_511708787932223,লজ্জা করে না আপনাদের? প্রথমে তো মেয়েটি আত্ম হত্যা করেছে বলে আপনারাই চালাতে যাচ্ছিলেন।
819671100347667_1891140048030835,একটা রেপ কেসকে সুসাইড বলে দেন। ।আপনাদের বাড়িতে মা মেয়ে বোন বউ এরা আপনাদের প্রশ্ন করে না ।। কীভাবে মাথা উচু করে থাকবেন নিজের পরিবারের কাছে। পুরো দুনিয়া খারাপ বলুক কিছু যায় আসেনা কিন্তু নিজের বিবেকের কাছে আর পরিবারের কাছে কি জবাব দেবেন...
819671100347667_2007339346331102,"রোহিত সেট্টি পরিচালিত এই ""শিম্বা"" সিনেমায় যে নাটকীয় চরিত্র ছিল, 'আকৃতি' তার রেপ হয়েছিল কারণ সে  একটা ড্রাগ ও সেক্স র‍্যাকেট ধরতে পারে এবং তার ভিডিও করতে গিয়ে ধরা পরে যায়... অবশেষে আধমরা হয়ে হাস্পাতালের বেডে মারা যায়... কি চেনা চেনা লাগছে গল্পটা... শুধু এই সিনের ক্লাইম্যাক্সটা এখনও আমরা কেউ জানিনা কি হবে... তবে আমি একজন ডাক্তার হয়ে, শিল্পী হয়ে সুস্থ চেতনা তে অনুরোধ করছি Kolkata Police কে, যদি পারেন বাস্তবের ক্লাইম্যাক্সটা  এইরকম তৈরী করুন।  বিশ্বাস করুন আইনি ঝামেলা হবে হয়তো, কিন্তু সারা বাংলা আপনাদের জন্য রাস্তায় নামবে এই ভাবে... আমি এখনও মনে করি পুলিশ চাইলে অনেক কিছু করতে পারে...এমনকি সরকার কেও নাড়িয়ে দিতে পারে তাঁরা... ভেবে দেখবেন... 
শুধু ভেবে অবাক হলাম Rohit Shetty এরম একটা সিন কি শুধু কল্পনার বশে বানালেন নাকি সত্যি এরম কিছু হতে পারে তিনি বিশ্বাস করেছিলেন!!! 

Kolkata police Kolkata police force Rohit Shetty fan Club Ranveer Singh Sara ali Khan 
@followers @highlight 

#justiceforrgkarrapecase #rgkarmedicalcollege #Tilottoma #justice #justiceforabhaya #kolkata #rgkar"
819671100347667_1199497204584361,"বিলকিস বানু, সোফিয়া সোফি, এদের সাথে যখন নোংরা কাজ হয়েছিল তখন এই সোনা বাবুরা কোন গর্তে ছিলো????"
819671100347667_1024712219152712,"আমরা কিছু শিখি আর না শিখি বাংলাদেশ থেকে আন্দোলন করতে শিখলাম, মেডেল পাওয়া দরকার,"
819671100347667_469335769306469,"কি লেভেলের নির্লজ্জ্ব এই পুলিশ, দোষ ছাত্র ছাত্রীদের উপরে দিতে উঠে পড়ে লেগেছে, ওরা টপ শুধু গার্ড রেল ধাক্কা দিলো, আর যারা ঘটনা করলো তারাতো শাসকের লোক, সেই ফুটেজ টা দেখে নাম গুলো প্রকাশ করুন"
819671100347667_1900599437020459,"বৈষম্য বিরোধী ছাত্র জনতা শাখা কলকাতা ভারত শাখা।
শ্রীলঙ্কা থেকে বাংলাদেশ হয়ে পাকিস্তান ও ভারতে চলমান রয়েছে। এই আন্দোলন ছড়িয়ে পড়ুক।🫡"
819671100347667_7541141442656281,"বাংলাদেশে যখন ছাত্র জনতার আন্দোলনে  বিভিন্ন সরকারি প্রতিষ্ঠান ভেঙে এবং আগুন জ্বালিয়ে নষ্ট করল,  তখন ভারতীয় মানুষরা মন্তব্য করতে লাগলো যে  এটা করা ঠিক না ।  আর এখন  ভারতেই এক হাসপাতালে এই ঘটনা"
819671100347667_1020403136396312,খুনি মাদারচোদ দের কঠোর তোমো শাস্তি চাই
819671100347667_1245626560132770,"যার জন্য এই সব হচ্ছে, যে দোষ করেছে তার শাস্তি কি?"
819671100347667_875728024605223,"মৌমিতার হত্যাকাণ্ডে যারা যারা দায়ী প্রত্যেকের ফাঁসি দাবি করছি, আমরা বাংলাদেশের ছাত্রসমাজ মৌমিতা হত্যার বিচার চাই। 
দেখলাম মমতা ব্যানার্জি এই ইস্যুকে রাজনৈতিক খাতে প্রবাহিত করার চেষ্টা করেছেন, উনার এই বিষয়ের তিব্র নিন্দা জানাই"
819671100347667_1915134122292199,সোস্যাল মিডিয়ায় পোস্ট না করে অপরাধীদের গ্ৰেপ্তার করুন।নাটক বন্ধ করুন।
819671100347667_435678956286245,"এই সব মুজরা করার লোকের অভাব নেই বাংলায়, দোষীদের ধরুন, 
#WeWantJusticeRightNow"
819671100347667_1879610445872564,আপনারাও কারুর সন্তান;কারুর ভাই ।কারুর বাবা। একবার অন্তত স্বাধীন ভাবে কাজ করুন । সত্যি উদ্ঘাটন করুন। আপনারা চাইলে সব পারেন। দেখবেন সব আন্দোলন থেমে গেছে।মেয়েটা বড় কষ্টে মরেছে। ওর মৃত্যুর বিচার চাই। খুনীদের শাস্তি চাই।
819671100347667_8324922864204823,"Amdr bujha uchit govt. Er jinis ta amdr  tax er takai kena hoi 
Tai protest hok  andolon thamano jabena jotokhon na Sob dosi der fasi hoi....
But vangchur  noi 
Noile Amdr r Kangladesh er public er moddhe difference ki thakbe"
819671100347667_1544332059625004,Aisb dekhar dayitto kader jno vule jachhi to🙂🙂
819671100347667_515888137516882,আপনারা 🩴চাটুন আর আপনাদের বেতন টা সাধারণ মানুষ কে দিন ওরাই খুঁজে নেবে। অপদার্থ ডিপার্টমেন্ট
819671100347667_1208958776963816,"যারা আসল অপরাধী তাদের চিহ্নিত করুন 
তৃণমূল হলে ছাড় পাইয়ে দেওয়া হয়"
819671100347667_1573292220234822,এতো দিন ধরে তো কোনো কিছু পোষ্ট করলেন না RG kar নিয়ে। এখন আবার ফেক ভিডিও পাবলিশড করছেন ! যাঁরা ভাংচুর করেছে তারা আন্দোলনকারী না। তাঁরা হলো দুষ্কৃতী
819671100347667_1236915197746386,"আন্দোলনকারীদের আটকাতে আপনারা তৎপর। কিন্তু যেই রাজনৈতিক গুণ্ডা বাহিনী এসে যায়, তখন আপনারা ফাইলের আড়ালে, বাথরুমে লুকিয়ে পরেন! আর কতদিন নিজেদের মাথা বিকিয়ে রাজনৈতিক নেতাদের পায়ের তলায় থাকবেন ?"
819671100347667_1158367655439781,"আর জি করে ভাঙচুর : কী ঘটল, কীভাবে ঘটল, কারা ঘটাল ? এই প্রশ্ন টা তো একবারো করলেন না যে ওই মেয়েটার সাথে কারা এই জঘন্য কাজ করল ? তাদের শাস্তির দাবি জানালেন না তো ?"
819671100347667_1242865197137678,"কাল ABP আনন্দে ওদেরকে তো চিহ্নিত করেছিল নাম ঠিকানা সহ 
ধরুন ওদের"
819671100347667_474764368813443,"সত্যি টা সামনে আনুন, আর কত ঢাকবেন??"
819671100347667_3711837389033277,এটা আর জি কর এমারজেন্সি বিভাগ ভাংচুর করার ভিডিও?  এমারজেন্সি বিভাগ এ যাদের ভাঙচুর করতে দেখা গেছে তাদের ছবি সিভিক বন্ধুদের দিয়ে দিলে খুব সহজেই তারাই নাম ঠিকানা বলে দিতে পারবে বিশ্বাস রাখি।  রাজনৈতিক পরিচয় যায় হোক যারা আর জি কর এমারজেন্সি বিভাগ এ ভাঙচুর করেছে তাদের অবিলম্বে গ্রেফতার করার আবেদন জানাই।
819671100347667_861296785920564,Sudhu vange vangi kano puro fele kelan....
819671100347667_449493971412747,নাটক হচ্ছে নাটক | পুলিশ ভালো করেই জানে যারা ভিতরে ঢুকলো তারা আন্দোলন কারী নয় তারা ভাংচুর করে এই আন্দোলন কে দমানোর চেষ্টা করেছে | কিন্তু কেউ পারবেনা  থামাতে
819671100347667_2001498600305388,এই উত্তর তো আপনারা দেবেন।
819671100347667_3886996951536581,Rina Mitra আপনি দিন
819671100347667_1019103116665497,"এতো বড় mob আসছে পুলিশের কাছে কোনো খবর ছিল না !!! কিচ্ছু টের পায়নি পুলিশ ? এতো লোক জড়ো হয়ে গেলো , রাস্তা দিয়ে হেটে, লড়ি করে পৌঁছলো পুলিশ কোনো আগাম ব্যাবস্থা করতে পারল না?কি অদ্ভুত না?"
819671100347667_8099005786802626,পুলিশ হয়ে প্রশ্ন করছেন🤔🤔🤔
819671100347667_957169969545715,Apnara sob janen.. natok korben na..choti chata sob
819671100347667_1052401622967138,thik thik.... Egulo kichui na aro brihot hote hobe.....
819671100347667_822618993398301,"Kara gatalo apnara valo khoj korte parben..apna kichu khon a rape ke suicide bole dichen...to apnara ata 48h hote chollo khoj korte parlen na ...ooo sorry ami vulei giye chilm apna ra  government employee na. Apna tmc lok..

Jodi police Central Sarkar hate hole tahole amra sanman korbo ..karon tara kono State ar  local party kathai chale na.."
819671100347667_870704771607923,"Srilanka- win
Bangladesh -win
Pakistan- loading 
India -coming"
819671100347667_27318337791098348,ঠিক আছে চালিয়ে যান
819671100347667_1433080610700513,"Police ❌ A bunch of 🤡🤡
Please do ask your so called police montri ... Who is also the CM and also health minister 🤣🤣🤣"
819671100347667_1650594362404272,"আপনারা সঠিক বিচার করুন তো মশাই
আসল অপরাধী কে নিয়ে আসুন সবার সামনে সে না করে মজা নিচ্ছেন না ?
ছেড়ে দিন এমন চাকরি যদি মানুষের কাজেই না আসেন মানুষের সঠিক বিচার দিতে না পারেন কিসের পুলিশ আপনারা?
নিজেদের মেয়েদের সাথে হোক না হোক তখনও কিন্তু এইভাবেই মজা দেখবেন"
819671100347667_2218752541850821,Why is West Bengal Police playing victim card here?
819671100347667_510650164984560,সিপিআইএম এর শাখা সংগঠনের পতাকা তো পরিষ্কার বোঝায় যাচ্ছে।
819671100347667_337552829435264,আপনারা কি করছিলেন তবে ???
819671100347667_4583414855217475,অন্যই যেখানে প্রতিরোধ সেখানে
819671100347667_476858205128799,সবাই জানে কে বা কারা ভাঙচুর করেছে। নাটক করার কোনো প্রয়োজন নেই। যারা ভাঙচুর করেছে আর আন্দোলনকারীদের বদনাম করার চেষ্টা করছে তাদের চিহ্নিত করে কঠিন থেকে কঠিনতর শাস্তি দেওয়া হোক। পাশাপাশি পুলিশ যেন তাড়াতাড়ি ধর্ষকদের ধরে উপযুক্ত শাস্তি দেয়।
819671100347667_8540519612647391,পতাকা দেখলেই বোঝা যাচ্ছে
819671100347667_1039576874211105,কে বা কারা করেছে তা আপনারা খুব ভালোভাবেই জানেন।....🥱🥱🥱
819671100347667_1031711085283500,ভাঙচুর টা চোখে পড়ল শুধু ।। এতদিন কোনো পোস্ট দেখিনি আর জি কর নিয়ে ।। এসব কারণেই সাধারণ মানুষ পুলিসকে সহ্য করতে পারে না ।।।
819671100347667_2809382862552013,সত্যি আপনারা মার্কা মারা অপদার্থ।
819671100347667_1538791630073093,Chotichata
819671100347667_484125947699714,We Justice for Moumita. 😭🇧🇩
819671100347667_503951185664498,ঠিক আছে ভাইয়েরা আন্দোলন করো খুনির ফাঁসি হওয়া না পর্যন্ত ✊
819671100347667_1049223076785523,Sayem Islam খুনি দের বলুন
