,Unnamed: 0,POST_ID,CAPTION,REACTION_COUNT,COMMENT_COUNT
0,0,692583847600758_819951053653005,"রাতটা কি শম্পারও ছিল না?

রাতটা সেদিন মেয়েদের ছিল। কর্মক্ষেত্রে মেয়েদের নিরাপত্তার দাবীতে রাস্তা দখলের রাত। কর্মক্ষেত্রে নির্যাতনের মর্মান্তিক শিকার হয়েছেন এক তরুণী। যাঁর জন্য সহমর্মিতায় সে রাতে নারীপুরুষ নির্বিশেষে রাজ্যের বিভিন্ন প্রান্তে মানুষ জড়ো হয়েছিলেন রাস্তায়। রাস্তায়, যেখানে আমাদের সহকর্মী কনস্টেবল শম্পা প্রামাণিকের কর্মক্ষেত্র। বিধাননগর পুলিশ কমিশনারেটের কর্মী শম্পার কাজ নাগরিকদের নিরাপত্তা দেওয়া। শম্পা ১৪ অগস্টের রাতে নিজের কাজটাই করছিলেন বাগুইআটিতে। রাতে যাঁরা রাস্তায় হাঁটছিলেন, শম্পা তাঁদের নিরাপত্তা সুনিশ্চিত করার দায়িত্বে ছিলেন। কাজ করছিলেন রাস্তায়, নিজের কর্মক্ষেত্রে দাঁড়িয়ে। হঠাৎই বিনা প্ররোচনায় জমায়েতের মধ্য থেকে পুলিশের দিকে উড়ে আসে বেশ কিছু ইট, যার একটি গিয়ে লাগে শম্পার মুখে। সঙ্গের ছবিটি শম্পার।

ঘটনার জেরে পাঁচজনকে গ্রেফতার করেছি আমরা, শাস্তি সুনিশ্চিত করার চেষ্টা করব, এসব নেহাতই পারিপার্শ্বিক তথ্য এ ক্ষেত্রে।

মূল প্রশ্নটা অন্য।

রাতটা কি শম্পারও ছিল না?",7638,1260
1,1,692583847600758_819762363671874,"গুজব ছড়াবেন না প্লিজ 

আর জি কর হাসপাতালের মর্মান্তিক ঘটনার পরে সমাজমাধ্যমে হাজারো কাল্পনিক আর ভিত্তিহীন গুজবের মধ্যে একটি ছিল, শুভদীপ সিংহ মহাপাত্র নামের একজন ইন্টার্ন নাকি ঘটনার পরদিন থেকেই নিখোঁজ, এবং তিনি নাকি রাজ্যের একজন মন্ত্রীর ছেলে। প্রভাবশালী পরিবারের সন্তান বলেই নাকি তাকে আড়াল করা হচ্ছে। শুভদীপের ছবি আগুনের মতো ছড়িয়ে গেল ফেসবুকে, 'আসল দোষী' হিসেবে। বসে গেল বিচারসভা।

আসল ঘটনা কী? শুভদীপের বাড়ি বাঁকুড়ায়। তার বাবার নাম প্রবীর সিংহ মহাপাত্র। প্রবীরবাবু প্রাইমারি স্কুলের শিক্ষক। মধ্যবিত্ত এই পরিবারের সঙ্গে কোনও মন্ত্রীর কোনওরকম সম্পর্ক নেই। এবং, শুভদীপ নিখোঁজও নয়। ঘটনার দিন থেকে সে হাসপাতালেই ছিল। কোথাও যায়নি। কলকাতা পুলিশ তার সঙ্গে কথাও বলেছে তদন্ত চলাকালীন। 

একটু ভেবে দেখতে অনুরোধ করি, কোনও কিছু না জেনে স্রেফ কল্পনা বা অন্য কোনও গভীর উদ্দেশ্য নিয়ে সাধারণ পরিবারের একজন তরুণ চিকিৎসকের বিরুদ্ধে এই প্রচার তার মনে কতটা প্রভাব ফেলতে পারে, কতটা সামাজিক অসম্মানের মুখে ফেলতে পারে তাকে এবং তার পরিবারকে।

পরিস্থিতির সুযোগ নিয়ে মিথ্যে গুজব ছড়িয়েছেন যে সব তথাকথিত 'সোশ্যাল ইনফ্লুয়েন্সার', ছাড়া হবে না তাঁদের। কলকাতার টালা এবং বাঁকুড়ার সারেঙ্গা থানায় এফআইআর করা হয়েছে। আইনি ব্যবস্থা হবে।

গুজব ছড়াবেন না প্লিজ।",1767,170
2,2,692583847600758_819671100347667,"আর জি করে ভাঙচুর : কী ঘটল, কীভাবে ঘটল, কারা ঘটাল",1349,230
