,Unnamed: 0,POST_ID,CAPTION,REACTION_COUNT,COMMENT_COUNT
0,0,692583847600758_831272795854164,"সদ্যোজাত কন্যাকে খুন, যাবজ্জীবন কারাদণ্ড বাবার

প্রকৃতির ডাকে সাড়া দিতে দুপুরে কয়েক মিনিটের জন্য বাড়ি ছেড়ে বাইরে বেরিয়েছিলেন মা। ফিরে এসে দেখেন, বিছানা খালি।১৫ দিনের মেয়েকে রেখে গিয়েছিলেন, সে নেই। দুই মেয়ের মধ্যে এ-ই ছোট। যা বয়স, তাতে একা হেঁটে তো চলে যেতে পারে না কোথাও। উদভ্রান্তের মতো এদিক-ওদিক খুঁজে বেড়াতে থাকেন তিনি, পাড়া-পড়শীর বাড়ি বাড়ি গিয়ে জানতে চান, কেউ কিছু দেখেছেন কিনা। কারণ, ততক্ষণে মনে দানা বাঁধতে শুরু করেছে ভয়ঙ্কর এক সন্দেহ। তাহলে কী .. 

বাঁকুড়া জেলার ছাতনা থানা এলাকায় তুসা গ্রামের ঘটনা, ২০২১ সালের ৯ অক্টোবর। প্রায় সদ্যোজাত ছোট মেয়েকে খুঁজে না পেয়ে বিভ্রান্ত অবস্থায় চার বছর বয়সী বড় মেয়েকে নিয়ে পুরুলিয়ার কাশীপুর থানা এলাকায় নিজের বাপের বাড়ি চলে যান নিখোঁজ শিশুটির মা। সেখান থেকেই ছাতনা থানায় স্বামী আশীনাথ সোরেনের বিরুদ্ধে শারীরিক নির্যাতন এবং মেয়েকে অপহরণের অভিযোগ দায়ের করেন তিনি। 

তদন্তে নামেন সাব-ইনসপেক্টর রাজীবকুমার রায়। আশীনাথের সঙ্গে প্রথম সাক্ষাতেই বোঝেন, এর সহযোগিতা পাওয়া সহজ হবে না। দীর্ঘ কয়েক দিন ধরে রাজীবের লাগাতার চেষ্টায় অবশেষে নীরবতা ভাঙে আশীনাথের। প্রকাশ্যে আসে ঘটনার সম্পূর্ণ বীভৎসতা। যা স্তব্ধ করে দেওয়ার মতো। 

এক মেয়ে তো হয়েই গেছে, তাই এবার পুত্রসন্তান চেয়েছিল আশীনাথ। কিন্তু দ্বিতীয়বারও মেয়ে হওয়ায় সেই আশা পূর্ণ হয়নি। সন্তানের লিঙ্গ নির্ধারণে যে মায়ের কোনও ভূমিকা থাকে না, তা এদেশের অন্ধ কুসংস্কারাচ্ছন্ন অনেকের মতোই ধারণা ছিল না তার। স্ত্রীর উপর অত্যাচার করেই ক্ষান্ত হয়নি আশীনাথ, ছোট মেয়ের জন্মের পর তার সমস্ত আক্রোশ গিয়ে পড়ে অসহায় শিশুটির উপর। ঘটনার দিন স্ত্রী কয়েক মিনিটের জন্য বাইরে গেছেন, সেই সুযোগে মেয়েকে তুলে নিয়ে বাড়ির পিছনের কুয়োয় ফেলে দেয় আশীনাথ। তবে একদিনের মধ্যেই কুয়োর জলে ভেসে ওঠে ছোট্ট দেহ। এরপর কুয়োয় নেমে দেহটা তুলে এনে কাছেই ধানক্ষেতের মাটিতে পুঁতে দেয় 'বাবা'।

এর পর আর কী থাকে, স্ত্রীর উপর অত্যাচার এবং অপহরণের সঙ্গে খুন এবং প্রমাণ লোপাটের অভিযোগ জুড়ে দেওয়া ছাড়া? তদন্ত শেষে নিখুঁত চার্জশিট দাখিল করেন রাজীব, যার জোরে সম্প্রতি যাবজ্জীবন কারাবাসের আদেশ হয়েছে আশীনাথের, সঙ্গে ৫০ হাজার টাকা জরিমানা।

যাকে কেন্দ্র করে এত কিছু,  মাত্র ১৫ দিনের জন্য এই পৃথিবীতে এসেছিল সে। অথচ এই মামলায় আগাগোড়া ওই নিষ্পাপ সদ্যোজাতের কথা মনে রেখেই আপ্রাণ লড়ে গেছেন রাজীব ও তাঁর সহকর্মীরা। 

বিচার পেয়েছে সেই শিশু, আমাদের সামান্য শান্তি তাতেই।",1198,90
