COMMENT_ID,COMMENT
806877981626979_1651441965706938,"We are available on YouTube too. Please visit-
www.youtube.com/@westbengalpoliceofficial"
806877981626979_1253242432323873,West Bengal Police ‌Sir মুখগুলো চাপা দিলেন কেন মুখগুলো খুলেই দিতে হয় অপরাধ করেছে কোন ভালো কাজ করেনি। মানুষ এদেরকে চেনা দরকার।
806877981626979_780510794274550,West Bengal Police আপনাদের দেওয়া তথ্য অনুযায়ী ২৫২ টা সিম কার্ড। স্যার এই ব্যাপারে আর একটু অভিযান চালান। কি করে এতো সিম কার্ড এরা পায়?
806877981626979_772550224959373,Great job wbp 🙏🙏
806877981626979_1209040860225294,Good job 👍👍
806877981626979_502301325535876,Good job sir salute..and respect west bengal police
806877981626979_1513140492624140,Good
806877981626979_3845962845729839,"খুব ভালো কাজ। সাধুবাদ জানাই পশ্চিমবঙ্গ পুলিশ কে, কিন্তু এদের চোখ মুখ গুলো ঢেকে রাখেন কেনো?
সাধারণ মানুষ দেখুক এদের কে , চিনে রাখুক সবাই।"
806877981626979_1200204664321657,"সমাজিক রোগ সারানো সম্ভব নয়,,সমাজ যেখানে নষ্ট,,খুব ভালো কাজ করেছে পুলিশ ।।যদি কিছু মানুষ এটা অন্যায়,, এই দেখে সুস্থ জীবনের চিন্তা করতে পারে সেটাই ভালো হবে।।"
806877981626979_1701114154034891,Great job West Bengal Police. Salute to you
806877981626979_511980271498262,"Great Work, এইভাবে আপনারা কাজ করলে আমরা অনেক স্বাধীনভাবে জীবন কাটাতে পারব, ধন্যবাদ"
806877981626979_1673444140095714,Great job 👍👍👍
806877981626979_1002539231548600,Great job 💯👏
806877981626979_909048571034166,Great job 🙏🙏
806877981626979_919499340191718,Great job sir
806877981626979_450144651191981,Good job
806877981626979_791939263093898,Good job 👍👍👍
806877981626979_357971970504803,Good job 🙏💚
806877981626979_1011995870143453,Great job...
806877981626979_405703918636072,Great job 👏👏🙏
806877981626979_1021880456005756,Good job sir 🇮🇳🙏🙏
806877981626979_851351916909897,Great job Our West Bengal Police
806877981626979_1001587118361616,Great job.
806877981626979_3064136757062902,Great job. No girls wants to do actually. Jai Hind 🇮🇳.
806877981626979_1055508315991799,"Unknown no onk somoy video call ase

Dhorlei mone hoy amon ta hote pare

Pore blackmail

Bapre bap

Voy laglo 😭😭"
806877981626979_792887766374841,Good job
806877981626979_1391793641490209,"Bravoo ... Great job WBP.. PROUD OF YOU GUYS AS A FELLOW CITIZEN, SALUTE TO YOU for your bravery.. Lets hope you guys will get all the criminals and punish them by the law. A big thank you..."
806877981626979_996303402026954,Good job done.
806877981626979_410588388696995,Great job 👍.BDN.police
806877981626979_1209667576979214,Great job WB Police 🚨
806877981626979_959739849171526,মহিলাও জড়িত। কী অবস্থা বুঝতে পারছেন ত
806877981626979_7898435030245872,Syed Fahad Reza Oi Ladies Guloi Asol kaaaj gulo koraa ...Open Video call Kora Screen recording kora rekhba ter por black mail korba ....
806877981626979_1131328441270461,Good job west Bengal police
806877981626979_3336971289941519,Good job 👍
806877981626979_1463202024316773,Jai Hind. Vandematram
806877981626979_1921346898279369,Well done sir 💜
806877981626979_1513731339572825,Good Job
806877981626979_370821439120459,Great achievement. Hats off to our West Bengal Police🇮🇳
806877981626979_8312699842109531,Great work..WBP.  JAI HIND
806877981626979_523843310329289,Good Job
806877981626979_453660934207367,Good job
806877981626979_862640372404159,Great job
806877981626979_2740454216113804,Good job 👍
806877981626979_1233611897952636,Good job 👍
806877981626979_518747090516713,Excellent work
806877981626979_1015584363278044,Good job WBP team 👏
806877981626979_822563962945195,Proud of WB Police Department 👍🙏😍
806877981626979_1625480548309165,Good job
806877981626979_1699069477575017,Good job
806877981626979_1198177451390789,GREAT JOB.
806877981626979_844777020517416,Good work 👏💯
806877981626979_499006422513423,Good job sir 🙏
806877981626979_1507180233228260,Good job sir🙏
806877981626979_937228908418017,Good Job
806877981626979_2655176701327654,good job 👍
806877981626979_460938940051822,Good job ❤️
806877981626979_789176436713713,"Jai hind sir,🇮🇳🇮🇳🇮🇳 great job 👍👍,🙏🙏🙏"
806877981626979_1978349959265749,মেয়ে মানুষ এগুলো করে🥹
806877981626979_1801181513741093,Congratulations
806877981626979_1009636823749330,👍 great work
806877981626979_469499135940893,Geart job wb police
806877981626979_8278405395511941,Good job
806877981626979_2406916209669834,Amio ekbar ai fade porechi to ami soja bolechilam kon bap ke dibi de kob baper social media post korbi kor ja amio ektu viral hoye jabo to tarpor oi je call keteche to aj obdi call kore ni r
806877981626979_848760236835310,২৫২ টা  সিম পেল কি করে
806877981626979_464867902957737,বাম্পার কাজ করেছেন স্যার এবার উত্তম মধ্যম দিয়ে ভোঁতা করে দিন
806877981626979_1409461633076607,Salute you w b p
806877981626979_457246303861497,Please post in English as well not everyone residing in Bengal understand Bengali.....
806877981626979_1653676495418918,খুব ভালো কাজ করছেন স্যার। 🙏🏻
806877981626979_3921077501509382,"ধন্যবাদ পশ্চিমবঙ্গ পুলিশকে, এরা  যে কত মানুষের  ক্ষতি করেছে তার ভাবনার বাইরে।"
806877981626979_1011781433738047,Jai hind 🙏♥️
806877981626979_873570964230754,"ভারত সরকারের উচিত এসব বিষয়ে আরো কড়া ব্যবস্থা নেওয়া।

অনলাইনে যেসব ডেটিং সাইট অ্যাপ আছে সেগুলোর বিরুদ্ধে ব্যবস্থা নেওয়া।"
806877981626979_8487783367927952,Darun।।।ader fake insta account theke rqst asa gulo bondhon korun...jalia khai
806877981626979_1168001434417249,Eder mukh show kora uchit chhilo
806877981626979_1521795155423509,Egulor mukh Dhaka diye ki hobe
806877981626979_956582799601026,অনেক ধন্যবাদ। সমাজের রক্ষকের ভূমিকা সদর্থক ভাবে পালনের জন্য।
806877981626979_966350485290041,সাধুবাদ 🙏🙏
806877981626979_1006816514039496,বাহ!
806877981626979_7605263132911862,"Arrest korle hobe na  eder fasi dite  hobe  ,,tahole r next time theke kemon kag r hobe na"
806877981626979_2551706301680431,Eto gulo GSM gateway 😐😐😐 mone hocche team 5jon er noi aro ache.
806877981626979_840947378000974,সাবাশ
806877981626979_1130353344698075,এটার জন্য ধন্যবাদ প্রাপ্য পশ্চিম বংগো পুলিশের। তবে আপনাদের আরো আরো পারোদর্শিতা কামনা করি
806877981626979_1172275560591039,"Gud job 
Joy bongla"
806877981626979_3580388432211691,অনেক অনেক শুভেচ্ছা ও অভিনন্দন জানাই
806877981626979_431982826504383,Baro matha gulo k paoa gechhe?
806877981626979_1248855269817556,Well done🙏
806877981626979_1692855438216954,নেক্সট টার্গেট হুগলি প্লিজ স্যার ( রিকোয়েস্ট মি )
806877981626979_1066889674870517,"সাব্বাস, স্যালুট জানাই আমাদের পশ্চিমবঙ্গের পুলিশ বন্ধুদের।"
806877981626979_3485442835086769,Etna kuch
806877981626979_863061695184384,এদেরকে সবার চিনে রাখা প্রয়োজন তাই মুখটা ঢেকে না দিলেই ভাল হতো
806877981626979_372888868884119,Police chaile sob kichui korte pare abr seta proved holo...
806877981626979_8234616233235704,"Susmit Roy Banerjee tmr sthe j obichar kora hye6lo , aj tara sasti peyeche 😌"
806877981626979_758311012986062,সুটিয়ে লাল করে নোংরামি বের করে দেওয়া হোক! Good Job West Bengal Police 👌
806877981626979_1559866768275206,Debjit Das সাবধান
806877981626979_802627748714410,Sayan Das 😵‍💫
806877981626979_3763717630575131,Sayan Das 😵‍💫😵‍💫
806877981626979_7923575057709394,Good job sir✊🙏👍
806877981626979_1211690796918306,Great West Bengal police ❤️
806877981626979_506029798748468,ওয়াকি টকি!??? ওয়াকি টকি দিয়ে কী করতো!!??
806877981626979_1063669321784240,
806877981626979_1289269542455937,
806877981626979_1131637397910021,
806877981626979_856812555890857,
806877981626979_847220367371907,
806877981626979_506315731859320,❤️❤️🇮🇳
806877981626979_470534735618264,👍👍👍👍👍
806877981626979_8590807147614997,Debayan Das
806877981626979_512398841309892,Dipankar Ghosh sir ami ki6u korini
806877981626979_1135107754217075,🙏🙏🙏🙏🙏
806877981626979_461843190034701,🙏🏻💯
806877981626979_406635459192847,👏👏👏👍
806877981626979_343221895388193,Sobuj SK Remon Seikh Nayan Shaikh
806877981626979_314158541692948,Mel Alt
806877981626979_1013873070135028,Aryn Gurung aafno ta honey trap garna aaune ni xainan dm ma
806877981626979_1941351846315049,Subhankar Biswas
806877981626979_483332600956679,Sajib কে এটা?
806877981626979_1025899589047056,Anurav Chanda
806877981626979_917119956919767,Good jobs
806877981626979_1009004270859629,Good job ❤️🇮🇳
806877981626979_8050910701691629,GREAT JOB WEST BENGAL POLICE 🙏🙏🙏🙏
806877981626979_898452238777167,"Great job 👍 
West bengal police"
806877981626979_414738221590728,Very good job West Bengal Police
806877981626979_851965826359049,Well done West Bengal Police 👮 👏👏👏
806877981626979_467147629605632,WELCOME SIR
806877981626979_1565350557352605,Great WBP
806877981626979_1170646773982110,Excellent
806877981626979_916147260319027,Great job Cop
806877981626979_485694190842046,GOOD JOB
806877981626979_502318978917311,Good job 👍
806877981626979_482837514349709,Thanks WBP
806877981626979_838494068350176,Great 👍💐
806877981626979_1025663689180728,Sir 💓🙏
806877981626979_1070653391321030,Great
806877981626979_1624531685010322,Good job
806877981626979_2881707755312731,সায়ন পালল dk vi😆
806877981626979_1888316478300835,Well done💯
806877981626979_1007871320750937,"Kas amader nimta ps a jodi airokhom bhalo kichu kaj korto ..thanai gele ulto taria deya hoy nimta ps dia ..
আমার পরিচিত এখনো পর্যন্ত দুইজন এই রাত্রির ১১:২৬ মিনিটে থানায় কেস করতে ঢুকেছেন তাদের থেকে কোন মানুষ টাকা নিয়েছে সোনা গয়না নিয়েছে চিটিংবাজী করে ফোন তুলছে না তার বাড়িতে যাওয়ার ফলে তাদেরকে মারধোর করে বের করে দেওয়া হয়েছে সেই কারণে থানায় অভিযোগ জানাতে চান তারা তারা লোকাল হসপিটাল সাগর দত্ত হসপিটালে ডাক্তার দেখিয়ে রিপোর্ট নিয়ে যায় টেবিল অফিসার তাদেরকে বলেন এই সমস্ত রিপোর্ট দেখবেন না তারা .. কিন্তু তাদেরকে অন্যায় ভাবে মারধর করেছেন এক পুরুষ মানুষ এক মহিলাকে মারধর করেছে আমাদের দেশে নর্থ ২৪ পরগনার ব্যারাকপুর কমিশনার এর আন্ডারে নিমতা থানার কর্মকর্তারা দুজন মহিলা প্রমাণসহ অভিযোগ করতে গেলেও তাদেরকে হেরেস্তা করা হচ্ছে গরিব মানুষরা সাধারণ মানুষ লোকাল থানা ছাড়া কোথায় যাবে কমপ্লেন করতে এটা জানতে চাই আমি ।"
806877981626979_366961209543019,"মাননীয় মহাশয়/মহাশয়া,

আমার বিনীত নিবেদন, আমি একজন পুলিশ Aspirant , আমি, 12/07/2024 ডেপুটেশন এ আপডেট এর পর যেটুকু বুজলাম কিছু কারণবশত বা ভয়ের কারণে সব কথা সঠিক ভাবে বলতে পারিনি, জানতে পেরেছি আমরা DIG স্যার বলছেন আমাদের যদি কিছু বক্তব্য থাকে মেইল করতে (যিনি মেইল করবেন তিনি গোপন থাকবেন) তাই সাহস করে বলছি। ভুল বললে একজন গরিব, সৎ, পরিশ্রমী স্টুডেন্ট হিসেবে ক্ষমা করবেন।

কিছু  অসাধু ব্যাক্তি, যাদের কিছু প্রমান আমাদের কাছে আছে যেমন কল রেকর্ডিং, স্ক্রিনশট  তারা বলছে এক্সাম এর তিন দিন আগে প্রশ্নপত্র দেবে। স্যার এই যদি বর্তমান একটি সরকারি চাকরির পূর্ব পরিকল্পিত দুর্নীতির প্রেক্ষাপট হয়,তবে আমাদের মত চাকরিপ্রার্থীদের ভবিষ্যৎ এবং তৎসহ সমস্ত সরকারী প্রতিষ্ঠানের বিশ্বাসযোগ্যতা উভয়ই এক সীমাহীন অন্ধকার প্রশ্নচিহ্নের মুখে।

এইসব দালালরা বলছে তাঁরা লেডি কনস্টবল এ অনেক দুর্নীতি করেছে আর আসন্ন পরীক্ষা গুলো তে ১০০% করবে।

যে মেয়ে  প্রিলিমিনারী এক্সামে 22% পাচ্ছে কিন্তু মেরিট লিস্টে সেই মেয়ে 90% পাচ্ছে । কোন এক অদৃশ্য জাদুবলে 80% থেকে 90% পাওয়া মেধাবী চাকরি প্রার্থী প্রায় শতাধিক।

আমরা যে সকল চাকরিপ্রার্থীরা শুধুমাত্র পরিশ্রম এবং প্রচেষ্টাকে হাতিয়ার করে দিনরাত্রি পরিশ্রম করে যাচ্ছি, আজ আমাদের সকলের স্বপ্ন আপনাদের হাতে।

দালালদের বক্তব্য তারা 3 দিন আগে প্রশ্নপত্র দেবে তারা যেভাবে lady constable main, Kolkata police main, KP SI এই সব পরীক্ষায় করেছে। আমরাদেরও মনে হয় এটা সত্যি কারণ 83.75/85 পাওয়া এই ভাবেই সম্ভব।যেহেতু প্রশ্নপত্র এতো আগে লিক হচ্ছে মানে স্কুল থেকে নয়,, তাই আমরা চাই  যে যে এজেন্সী প্রশ্নপত্র তৈরি সাথে যুক্ত তাদের পরিবর্তন ও কঠোর ব্যবস্থা নেন । 

 আপনাদের সকল এজেন্সী যদি নিয়োগ প্রক্রিয়ার প্রতিটি স্তরে অত্যন্ত দৃঢ়ভাবে এই পরিস্থিতির পর্যালোচনা  করে , ভয়াবহ দুর্নীতি হওয়ার আগেই যদি এই দুর্নীতির শিকড়কে উপড়ে ফেলার ব্যবস্থা করা হয় তবে এই রাজ্যের সম্মান এবং চাকরিপ্রার্থীদের ভবিষ্যৎ উভয়ই সুনিশ্চিত হয়।

 আমাদের একান্ত মিনতি ,আমাদের মত অসহায় চাকরিপ্রার্থীদের স্বপ্নের চাবিকাঠি এখন আপনাদের হাতে, যাতে এ বিষয়ে তৎপরতার সঙ্গে গুরুত্বপূর্ণ পদক্ষেপ নেওয়া যায়, আর ভাঙ্গা যায় এই দুর্নীতির আঁতুড় ঘরকে ,তার সুব্যবস্থার প্রত্যাশী রইলাম।

            
                               একান্ত অনুরোধে,
                       একজন সাধারণ চাকরিপ্রার্থী"
806877981626979_1007293564204999,রাস্তায় টিকটকে নাচানাচি করার জন্য কঠোর আইন আনা দরকার
806877981626979_1027154329024411,"সেম এইরকমই একটা ঘটনা ঘটেছে আমার গ্রামের ১ জনের সাথে তার কাছ থেকে ১ লক্ষ ১০ টাকা মতো হাতিয়ে নিয়েছে তাদের দুটো ফোন নাম্বার ও আছে। 
কিন্ত থানায় কমপ্লেন করেও কিছু হয়নি।"
806877981626979_856922739727751,নীল ছবির ও নাকি শুটিং হয় খবরে বলছিলো
806877981626979_845140780538766,West Bengal Police edr face gulo highlight korbo?😁
806877981626979_1032493598242686,"আমার সাথেও একই ঘটনা ঘটেছিল, কিন্তু আমি তো ছেলে, আমাকে আবার কিসের লজ্জায় ফেলবে, উল্টে মেয়েটাই আমাকে ব্লক করে দিছে 🤣🤣🤣🤣"
806877981626979_1213369586603040,মধু চক্র মনে কি ?
806877981626979_864059252237517,Sir purple color r chocolate color ota ki🤔???
806877981626979_960872555774744,"আমরা মুর্শিদাবাদ জেলা নবগ্রাম থানা থেকে বলছি, এখানে NH 34 ধারে একটা হোটেলে মধুচক্র হয়, থানায় জানায় পুলিশ এসে তুলে নিয়ে যায়, দু একদিন বন্ধ থাকে এবং আবার ২/১ দিন পরে শুরু করে দেয়! কার অঙ্গুলি হেলনে করে বা থানার সঙ্গে কি সম্পর্ক আমরা বুঝে উঠতে পারিনি। বারবার কমপ্লেন করেও এখনো এই মধু চক্রটাকে বন্ধ করা গেলো না। যাই হোক আপনারা ভালো কাজ করেছেন ধন্যবাদ!আমাদের টা যাতে চিরতরে বন্ধ হয় তার ব্যবস্থা করলে উপকৃত হয়!"
806877981626979_1559702901628799,"কর্মসংস্থান পেপারে বন্ধন ব্যাংকে চাকরির নামে যে লক্ষ লক্ষ টাকা, বেকার ছেলেমেয়েদের বোকা বানিয়ে তোলা হচ্ছে,  এই বিষয়ে আপনারা কি করছেন?"
806877981626979_936499121613359,"https://www.facebook.com/groups/newtownrajarhatporibar/permalink/3884790011753938/?mibextid=Nif5oz
এটা যে কবে পদক্ষপ নিবে। দুই দেশের নাগরিক এরা"
806877981626979_415927177493681,"আমার একটা বক্তব্য, যারা এখানে Good job লিখছেন, তার 50% ও যদি পর্ন দেখা বন্ধ করে দেয়, তাহলে এগুলো বাড়ে না."
806877981626979_1451709378715708,"A lady name nandini was arrested last year in a similar case from a hotel in newtown.
Now she is an astrologer
😝😝😝"
806877981626979_384538327605293,Shreejit Sadhukhan হাত দেখিয়েছো নাকি 🤣🤣
806877981626979_477876074854002,Debasish Das news e dekhlam tai likhlam
806877981626979_884359666854184,Shreejit Sadhukhan তোমার কাছে কত খবর থাকে 😊
806877981626979_492226766794343,"Prasanta Happy Saha tumito vegan
Tai tomar kache khobor thake na"
