COMMENT_ID,COMMENT
793509689630475_1005689237893878,"We are available on YouTube too. Please visit-
www.youtube.com/@westbengalpoliceofficial"
793509689630475_1478487363054466,West Bengal Police ami 1lk vul kore patiye felechilam seta ki ferot pwa jabe? Onek chesta korechi ajo paini
793509689630475_1700220047470096,"West Bengal Police fraud amount manushey pachhey etai onk bhalo , but amr nijer 35000/- fraud holo seyta peylam na ektu jdi help koren valo hoy amr kachey complain r all details achey."
793509689630475_359165670276100,আমি আলিপুরদুয়ার থানায় 10 মাস আগেই অভিযোগ করছি সাইবার ক্রাইমে GD no 561 এখনো কিছুই পদক্ষেপ নেয়নি।
793509689630475_1201079967572659,"বন্ধন ব্যাংকে চাকরী দেওয়ার নাম করে ফেসবুকে কিছু page, platform টাকা হাতাচ্ছে.... একটু দেখবেন। অনেক বেকার ছেলেমেয়ে 5-10k টাকা risk নিচ্ছে, ভাবছে দিয়েই দেখি"
793509689630475_1004522007590999,Khub valo step salute
793509689630475_1650580635739334,Good job sir
793509689630475_418133911222842,ফিলিপ্স নামক অ্যাপ-এর মাধ্যমে একটা কোম্পানি একবছর আগে বহু মানুষের টাকা লুটেছে।
793509689630475_928012029129969,Amr 2lak taka gache police ar kache galam kono step nilo na
793509689630475_1155798649014920,Sir amar 8 month age 97283 bank of borada account theke kete niye6e cyber crime e sob ki6u kora hoye6e kintu kono suraha paini sir.. Ektu dhekben.
793509689630475_1428589057826381,Good work
793509689630475_1328073675262815,"Sir I got scammed, msg you with full details.."
793509689630475_1511688503057662,Great job 👏
793509689630475_1196303644896427,Great step . 👏
793509689630475_1007338124189587,Great job
793509689630475_1160329761775895,Great job
793509689630475_444315408489543,West Bengal police the best police
793509689630475_1505321180192952,"অনেক অনেক ধন্যবাদ জানাই,🙏 West Bengal Polic🙏 এর সমস্ত কর্মকর্তাদের। 🙏🙏"
793509689630475_1190848425446748,Great work 👍
793509689630475_1200259474726076,🙏 খুব সুন্দর কাজ 🙏
793509689630475_831818791921711,Excellent job 🙏
793509689630475_7826277977452811,"Awesome job West Bengal Police 🚨💪 ❤️ 

All of your hard work and determination serve as an inspiration to us all, demonstrating the power of perseverance and teamwork. Keep up the excellent work! 👏🎉"
793509689630475_405081041881017,Great job 👌
793509689630475_1519222912312651,"WB 94 F0463 এই নম্বরের বাইক সুপার স্প্লেন্ডার লাল কালার ,মুর্শিদাবাদ, থানা ,ফারাক্কা, শিবনগর জামে মসজিদের বাইরে থেকে চুরি হয়েছে দয়া করে একটু খোঁজ করুন স্যার ,,,"
793509689630475_487444393801868,খুব ভালো। অনেক ধন্যবাদ।
793509689630475_848109870080746,Great job
793509689630475_1037535204467738,"খুব ভালো,
বড় কেস গুলো ধরছেন,ছোট কেস গুলো একটু দেখুন ,,,,
সেটাও তো সাইবার ফ্রড,"
793509689630475_7486955458094105,স্যালুট জানাই
793509689630475_826077999458703,Sir amar o 30 hajar taka niyeche 😭
793509689630475_486616223887100,Great job 🇮🇳
793509689630475_2241311946217489,Great 👍 west bengal police
793509689630475_466516362646458,Great job 👍🏻
793509689630475_1020007996429808,3 bochor agea amr Instagram I'd hacked hoye jai ami GD kori cyber crime department a+ sthanio thanai Tara aj o porjonto kono step nilen na ar Jara ai crime koreche Tara amr sathe misbehave korei choleche Nana vabe ..
793509689630475_478417598202092,"চাকরী/business idea's দেওয়ার নাম করে  computer course er jonno ফেসবুকে কিছু page, platform টাকা হাতাচ্ছে sara facebook a choria poreche esob scammer ra....একটু দেখবেন। অনেক বেকার ছেলেমেয়ে 15-40k টাকা risk নিচ্ছে, Amr ebong amr ak didi r 30k gache..."
793509689630475_2490922327963573,Bha khub vlo
793509689630475_700028158916220,Good joob kolkata police 👍
793509689630475_787132596743365,"Khub bhalo . Dhyonnobad apnader .... Ami Hyderabad a theke bolchi Kolkata sector 5 a onek scam company ache , seigulo ektu khujlei pawa jabe"
793509689630475_1564859577426276,👍 Good job
793509689630475_722303003281692,Good job done
793509689630475_1640263343407497,#gostrong West Bengal Police 🚨🚓❤️💯
793509689630475_743211098025396,অনেক অনেক ধন্যবাদ  । ও শুভেচ্ছা
793509689630475_1227217351605471,অভিনন্দন এবং শুভেচ্ছা
793509689630475_1197198681723998,"আমিও জালিয়াতির স্বীকার হয়েছি তার অনেক প্রমাণ আমার কাছে আছে। 
কোথায় যোগাযোগ করবো।"
793509689630475_487169363966875,@westbengalpoliceofficial amar maa babar account a o ekjon fraud koreche. Complaint korechi ekhono kichu holo na. Iktu dekhben
793509689630475_7770702929673610,❤️❤️❤️ অনেক অনেক ধন্যবাদ জানাই পশ্চিমবঙ্গ পুলিশকে 🌼🌼✊✊
793509689630475_396427406187533,1 sal hoye gelo complain Kora akhino hoi nai
793509689630475_444154268416207,"West Bengal Police,
আপনাদের প্রশংসনীয় প্রয়াসের জন্য আপনাদের অনেক অনেক ধন্যবাদ ও 🙏🙏
আমার একটা অন্য জিজ্ঞাস্য আছে -
আমার বা আমার পরিবারের অনুমতি ব্যতিরেকে কোনো প্রতিবেশীরা(next door neighbor) কি আমাদের ছবি ভিডিও করতে পারেন?
যদি না পারেন, আইনত কি করণীয় যদি একটু আলোকপাত করেন🙏🙏"
793509689630475_1498116761078613,Sune valo laglo
793509689630475_451591541068120,"আমার তো কত টাকা মেরে দিলো কাটোয়া থানায় কেশ করলাম ,, আর কোনো খবর নাই"
793509689630475_449807627919735,West Bengal Police jug jug jio❤️
793509689630475_1035054651612665,Wonderful work team ❤️❤️
793509689630475_501824122190904,"Ata India no 1 
I am proud 
I am Indian (WB)
Super salute"
793509689630475_436864532495477,Great job 👏
793509689630475_1683308039108337,আমারটা ফেরত পেলাম না কমপ্লেন করে
793509689630475_472711662017744,Bah darun
793509689630475_2014957262234244,"Ami o phesey gechi,sir"
793509689630475_1207459633728973,"Sir ,Amar no.kbe asbe? 

?"
793509689630475_862859835663258,Amar phone ta jodi patam vlo hoto😢😢😢😢😢😢
793509689630475_1707726243368818,বাজাজ ফাইন্যান্স লোন দেওয়ার নাম করে আমার কাছে ৭০ হাজার টাকা এর জন্য আমার কাছে থানায় কিছু হয় নাই।
793509689630475_1939401643196245,Very good job West Bengal police team
793509689630475_851188510237317,Great job West Bengal Police  🙏🙏
793509689630475_2188109651550436,
793509689630475_1515196025774542,💚💚
793509689630475_908192884362644,🫡🫡🫡
793509689630475_462030383357228,🇮🇳🇮🇳🇮🇳🇮🇳🇮🇳🇮🇳🇮🇳🇮🇳🇮🇳🇮🇳🇮🇳🇮🇳🇮🇳🇮🇳🇮🇳🇮🇳🇮🇳🇮🇳🇮🇳🇮🇳🇮🇳🇮🇳🇮🇳🇮🇳🇮🇳🇮🇳🇮🇳🇮🇳🇮🇳🇮🇳🇮🇳🇮🇳🇮🇳🇮🇳🇮🇳🇮🇳🇮🇳🇮🇳🇮🇳🇮🇳🇮🇳🇮🇳🇮🇳🇮🇳🇮🇳🇮🇳🇮🇳🇮🇳🇮🇳🇮🇳🇮🇳🇮🇳🇮🇳🇮🇳🇮🇳🇮🇳🇮🇳🇮🇳🇮🇳🇮🇳🇮🇳🇮🇳🇮🇳🇮🇳🇮🇳🇮🇳🇮🇳🇮🇳🇮🇳🇮🇳🇮🇳🇮🇳🇮🇳🇮🇳🇮🇳🇮🇳🇮🇳🇮🇳🇮🇳🇮🇳🇮🇳🇮🇳🇮🇳🇮🇳🇮🇳🇮🇳🇮🇳🇮🇳🇮🇳🇮🇳🇮🇳🇮🇳🇮🇳🇮🇳🇮🇳🇮🇳🇮🇳🇮🇳🇮🇳🇮🇳🇮🇳🇮🇳🇮🇳🇮🇳🇮🇳🇮🇳🇮🇳🇮🇳🇮🇳🇮🇳🇮🇳🇮🇳🇮🇳🇮🇳🇮🇳🇮🇳🇮🇳🇮🇳🇮🇳🇮🇳🇮🇳
793509689630475_859017956097071,👍
793509689630475_346697135141946,🙏
793509689630475_341242059024933,❤❤
793509689630475_405623401837167,✌
793509689630475_1199080644438027,❤️❤️🥰🥰
793509689630475_1796958547464656,Great West Bengal police ♥️♥️🙏🙏
793509689630475_1146506376569050,Good job West Bengal Police.
793509689630475_1240438580661289,Good job sir
793509689630475_1593008497932404,Salute West Bengal Police Team
793509689630475_1132020998052145,Success ration koto?
793509689630475_1503496663911379,Salute to west bengal police
793509689630475_403163768777086,Great job West Bengal Police ❤
793509689630475_900163775297733,Good job 👏 Salute 🫡 West Bengal Police
793509689630475_443442558540784,Excellent job. Congratulations .🙏
793509689630475_1130780554645851,Thanks
793509689630475_696106379327998,Great
793509689630475_8119998524717274,Super sir
793509689630475_452490134232110,Grt ❤️
793509689630475_1420799455299554,Ami to 5000 taka pelm na
793509689630475_828219328922131,"সবই ঠিক আছে কিন্তু যারা করছে তাদের বিরুদ্ধে পুলিশ কি করছে??
প্রশাসন এমন কিছু করুক যাতে এই সমস্ত দুষ্টু লোকেরা এমন কাজ করতে ভয়ে কাঁপে।"
793509689630475_361294373650156,"আপনারা এইরকম লক্ষ লক্ষ মামলা পেলে ১-২টোর সমাধান করেন, আর সেটাকে আবার ফলাও করে ফেসবুকে প্রচার করেন! বাঁকি মামলা গুলোর কোন নিষ্পত্তি'ই হয়না, ঝুলিয়ে রাখেন, ফ্রড রিপোর্ট হওয়া ব্যাংক account গুলোকে ফ্রিজ পর্যন্ত করেন না। আপনাদের সাইবার থানার অফিসাররাও দিনের পর পর ঘুরিয়ে যায় সাধারণ মানুষদের। লজ্জাজনক!"
