COMMENT_ID,COMMENT
824901376491306_1238570440924547,"We are available on YouTube too. Please visit-
www.youtube.com/@westbengalpoliceofficial"
824901376491306_825372383016904,"West Bengal Police https://whatsapp.com/channel/0029VajqhHwHgZWfyWr9kB0lhttps://whatsapp.com/channel/0029VajqhHwHgZWfyWr9kB0l
এটা একটা ট্র্যাপ গ্রুপ টাকা 10গুন করে দেবার নাম করে টাকা তুলছে City Bank নাম করে।।"
824901376491306_820450460264279,"West Bengal Police Sir, my problem is not solved yet."
824901376491306_7836656193130266,West Bengal Police soitan
824901376491306_1014584203732526,Tora police naki bangladesher duskriti??
824901376491306_482514524612105,Amar 13/08/2024 Tarik..Rs - 224489 two lakh twenty four thousand four hundred eighty nine frod hoyche ami complain koreche Midnapore cyber crime office e kono action neyo hoyni...ami ki korbo akhon...plz bolben 🙏🙏🙏🙏🙏
824901376491306_1067325898068448,Good Job Sir ❤️
824901376491306_1183501366218571,Thank you  very much sir🙏
824901376491306_492491503386693,"Amr baba r pH hariy gachilo,,,,  PS . Berhampore seta kobe pabo?"
824901376491306_516534417726652,COMPLAINT KORE O KONO ACTION NAY NI.
824901376491306_1061146615655131,ন্যায়ের আধিকার কবে ফেরত আসবে?
824901376491306_381862104724743,Very good
824901376491306_1197087004769252,Thank you so much...sir 😍
824901376491306_497729102989656,Good Job Sir ❤️
824901376491306_1290434111928753,অসংখ্য ধন্যবাদ স্যার। Bankura Cyber PS নিধিরাম সর্দার।
824901376491306_479194804826125,Good job sir
824901376491306_3746477945606646,Sir please help me 🙏🏻
824901376491306_1083070183178453,Good job sir
824901376491306_1574605566427926,Good job sir
824901376491306_846610617535676,Very good👍
824901376491306_316393128161548,Good job sir 👍
824901376491306_463012453551664,"আমাদেরও এক লাখ গেছে । পুলিশ কিচ্ছু করে নি । স্রেফ upi এ টাকা ট্রান্সফার হয়েছে । চাইলেই বের করে নিতে পারতো কার আইডিতে গেছে
..
কিন্তু করবে না ..."
824901376491306_2182191542147422,"আমিও অভিযোগ জানিয়েছিলাম ২০১৯ এ, কোনো সুরাহা হয় নি"
824901376491306_1193274578583130,"আমি টাকা পাই নি 😭 
সেই কতো দিন আগে কমপ্ল্যান করেছি 😭"
824901376491306_3724673257793632,"সবনম সুলতানা কত গেছে?
আমার ১. ২০ 🤐🤐"
824901376491306_836055491965401,"মুন্সী রাঙা জাহান  amar 10k  🙂
Amake dicche na keno !?"
824901376491306_1230464411304312,সবনম সুলতানা ওরা খেয়ে লিয়েছে🤣🤣
824901376491306_8879813882034637,Good job sir ... Sir amer ekta GD kora acha kalyani cyber police station ta shyamal sanyal A/5/124 plz sir ektu dakhban...
824901376491306_1243491816674984,Good Job sir 👏
824901376491306_1569428336944742,Great work
824901376491306_3788613501414439,"Grate  sir 🙏 
Joy Hind sir"
824901376491306_428235646899859,👍👍
824901376491306_812264451108442,Good job WB Police 🚨🙏
824901376491306_1209570846837521,❤❤❤
824901376491306_868460661383396,Salute
824901376491306_586539837228459,"অসাধারণ 👍, স্যালুট করি আপনাদের ♥️"
824901376491306_1128339558262248,"Salute 🫡 
West bengal police"
824901376491306_511695304565364,Amar ta kichu hobe
824901376491306_520141807185088,"পুলিশ যে ভালো কাজ করে তার ভিডিও তুলে সোশাল মিডিয়া দিতে বলেন নিজ নিজ আইডিতে ,,সব পুলিশ জেলা এবং থানাগুলিতে এতে মানুষ পুলিশের সাথে বেশি যুক্ত হবে ,,অপরাধ কি মানুষ বুঝতে পারবে ,,অন্যায় কমবে ,,পুলিশ সম্পর্কে মানুষের ধারনা আরও ভালো হবে।।বিষয়টি বিবেচনা করবেন দয়া করে,,ভালো থাকুন ও সুস্থ থাকুন সবাই।।
                       ❤️❤️❤️"
824901376491306_1022290766261730,বাহঃ 👍👍👍👍👍👍👍👍👍👍🙏🙏🙏
824901376491306_1054686609496695,"আমার প্রায় 40 হাজার টাকা মেরে দিলো লোন দেওয়ার নাম করে,,, কাটোয়া থানায় কেশ করলাম ছমাস হয়ে গেলো ,, কই পুলিশ তো আমার টাকা উদ্ধার করে দিলো না,,"
824901376491306_1051941082977459,আমার একবার একাউন্ট থেকে টাকা তুলে নিয়ে ছিল। লোকাল থানায় যোগাযোগ করাতে (১২-১৪) দিনে রিফান্ড করে দিয়েছে।
824901376491306_3730300703918161,𝙹𝚊𝚒 𝚑𝚒𝚗𝚍 𝚜𝚒𝚛
824901376491306_1581396742442132,"Amar taka ekhono pelam na....
Cyber Crime Cell ,CoochBehar"
824901376491306_489695747179869,বন্ধু তোমার ছবি দেখে খুব খুশি হলাম এইভাবে তুমি জনগণের পাশে থাকো জনগণের জন্য কাজ করে যাও
824901376491306_835446082055844,"My wife has complained today, three months have passed and I still haven't received any news. Will I get my money? Complain date 23 May 2024 GD. Cyber police station Kalyani 24 May 2024 . total money 180K. Still didn't get any response from cyber police station Kalyani?"
824901376491306_540012861696664,"আমার সঙ্গে একটা প্রতারণা হয়েছে, আমি জানি না। আমাকে কয়েকদিন আগে ফোন করে বলছে আপনার নামে ধানি অ্যাপস থেকে লোন নিয়েছেন সেটা পরিশোধ করতে বলছে। কিন্তু আমি কোন ধানি অ্যাপস থেকে কোন লোন তুলিনি। কিন্তু ওনারা ফোন করে বলছেন আপনার নামে লোন আছে এটা আমি কোথায় অভিযোগ করব বাট কিভাবে হয়েছে আমি কি করে বুঝবো"
824901376491306_806897571642383,Mara sath ford hua 26000 ka
824901376491306_1160707688335722,
824901376491306_877119990992017,❤️❤️❤️❤️❤️
824901376491306_1170131254291717,👍🏻👍🏻👍🏻
824901376491306_8480531251970882,❤️❤️❤️
824901376491306_1191923395261288,😡😡😡😡
824901376491306_389973553832725,💓💓
824901376491306_525664276631678,💚💚💚
824901376491306_536404092059346,AB D
824901376491306_1081068446775768,👍 Thanks 🙏
824901376491306_1033563838167521,Salute sir
824901376491306_1272341570838591,Thanks
824901376491306_838920618354076,Take care
824901376491306_523281946808707,Good job
824901376491306_1268834597598823,Please help me 🙏😥
824901376491306_890023102998028,কারণ ওখানে তো কোটি কোটি টাকার বাজেট সে জন্যে আর কিছু বলেনি
824901376491306_1038515604331822,Ar RG Kar er Proman লোপাট টা ভালই করতে পারে বটে ।
824901376491306_541834671516183,মন্তেশ্বর থানা(PIN 713145) কোর্টের অর্ডার বলবৎ করছে না। ঘটনা সিংহালী গ্রামের। এটাকে কি বলবেন ? বিশদ তথ্য সহ পোস্ট করা হবে । সমস্ত আইনি তথ্য ও কোর্টের অর্ডার সহ।
824901376491306_1531021100835221,Nice
824901376491306_4226926750867252,পশ্চিম মেদিনীপুর এর বাইক গুলো একটু দেখুন শালবনি থেকে আজ থেকে চার মাস আগে আমার মোটরসাইকেল টি চুরি হয়ে যাই একটি মেলা থেকে শালবনি থানা থেকে যেই খানে মেলা টা হচ্ছিলো তার দুরুত্ব ৪০০ মিটার মাত্র সি সি ক্যামেরা তে চোর কে দেখাও গেছে তাহলে এত দিন হয়ে গেলো আজও কেন ধরা পড়লো না
824901376491306_389769964153268,7003475638 naam dipak mishra ei lokta বিভিন্ন জায়গায় ফোন করে এবং টাকা নেয় আমার থেকে ২০০০ টাকা নিয়েছে। একটু help করলে ভালো হতো 🙏
824901376491306_1475655077169437,Jar songe fraud hoy tar account tai freeze kore den apnara.
824901376491306_1244961440250942,নেতারা যে কোটি কোটি টাকা লুটে খাচ্ছে সেটা??
824901376491306_871301584898643,"ওয়েস্টবেঙ্গল পুলিশ কে আমার অনুরোধ আপনারা কি সত্যি পুলিশ না, অন্য কিছু আপনারা তো সব আগে থেকে জানতে পারেন তো চার মাস পেরিয়ে গেলো আমার একটা বাইক চুরি হচ্ছে পশ্চিম মেদিনীপুর এর শালবনি থেকে কোই সেটা তো আজও শালবনি থানার পুলিশ বের করতে পারলো না সব থেকে হাস্যকর বেপার হলো যে বাইক টা চুরি করে নিয়ে গেছে সেটা পুলিশ জানে তাও বের করতে পারছে না কেন। সব জানার পরেও পুলিশ হাতে চুরি পরে আছে নাকি। পারলে কমেন্ট এর রিপ্লাই দিবেন না হলে পুলিশ পরিচয় টা দিবেন না"
824901376491306_1038572861228538,sab dhop ....
824901376491306_1302025567622241,"কতো খেলেন সেটাও বলুন ,কারণ আর বিশ্বাস হয়না স্যার,আমাদের রক্ষক আমাদের ভক্ষক"
824901376491306_1190970068777889,এগুলো শুধু লোক দেখানো ছবি এগুলো শুধু ভাওতাবাজি মানুষকে ভুল বুঝানো ২০২১ সালে আমার সাথে একটা জালিয়াতি হয় আমি তার সমস্ত এভিডেন্স এমনকি এসপি অফিসেও চিঠি করে পাঠায় আজ পর্যন্ত তার রিপ্লাই আমি পেলাম না থানায় গেলাম কোন সহযোগিতা পেলাম না।😡😡
824901376491306_1026804212048321,"If bengal police are not influenced by politics, they are the world best force. My dad is an retired police officer and every police personal is my family. Hope politics stays aside from bengal police."
824901376491306_824079956382197,Republic bangla ke warning den Please
824901376491306_1719684185466624,Bolchilam  je amr 200 taka ta daooo
824901376491306_723148739956890,https://www.facebook.com/share/v/EbYhGLC2WXGWAjwm/?mibextid=D5vuiz
824901376491306_352929144561272,"আমিও অভিযোগ জানিয়েছিলাম ২০১৯ এ, কোনো সুরাহা হয় নি, আমার ৪৮০০ টাকার স্ক্যাম হয়েছিল, হয়তো টাকার অঙ্ক কম বলে পাত্তা দেন নি।"
824901376491306_1214250379817960,Bikram Sardar lege thako.. kichu holeo hote pare
824901376491306_547728687784364,"I didn't get mine , I complaint many times , even registered cybersecurity.. no one helped"
