COMMENT_ID,COMMENT
835179372130173_1048173863431446,I feel proud  to work under Chandannagar Police Commissionerate under Ld. CP Sir. Hope every Dists  shall follow this.
835179372130173_923406993153914,Congratulations sir
835179372130173_3973600899534857,Congratulations 🎉
835179372130173_1010872634118333,Congratulations sir 💕💗💓💗
835179372130173_1091706969147145,Congratulation sir
835179372130173_1017641963395610,Great initiative 👏
835179372130173_520881544219195,Mrityunjay Banerjee congratulation Sir
835179372130173_3978348912399930,"Ami khub gorbito je, ami akjon chandannagar police commissioner r member hote pere. Congratulations sir."
835179372130173_830104985916140,"Sir,
It's really an innovation as a part of modernization of Police Department. It will render an immense help to OCs in Police Station management smartly and smoothly. Congratulations to the team Chandannagar PC.
Regards"
835179372130173_1759218978196830,Congratulations sir
835179372130173_503250362348915,Congratulations sir.great job..🙏🙏
835179372130173_524936469906819,"Congratulations Sir, We are proud to work under Chandannagar Police Commissionerate.Regards"
835179372130173_1062705762223229,"Congratulations sir,  khub valo"
835179372130173_2193826091017161,Congratulations  sir
835179372130173_1753204948782119,Congratulations sir
835179372130173_501410712529229,Sir congratulations
835179372130173_2445137052343860,Sir.Congratulations
835179372130173_888284666571577,Congratulations Sir
835179372130173_1052468896531715,Congratulations
835179372130173_767897148694662,Good news
835179372130173_565707909116557,Congratulations sir
835179372130173_524329143313590,Congratulations sir
835179372130173_1465075067527566,Congratulations sir
835179372130173_500287506127531,Congratulations sir
835179372130173_1124182775945978,Congratulations sir
835179372130173_505462485766847,Congratulations sir.
835179372130173_1059325622315777,Congratulation sir
835179372130173_1037480011167686,Congratulations sir
835179372130173_462451613454937,Congratulations
835179372130173_514231084676920,Congratulations
835179372130173_1171542250593920,Congratulations sir
835179372130173_434546722923153,Congratulations sir
835179372130173_1050206463396181,Congratulations sir
835179372130173_935127091765116,Congratulations sir
835179372130173_1215466009580649,Congratulations Sir
835179372130173_3803188299966464,Congratulation
835179372130173_1007739677756220,Congratulations
835179372130173_1192086291987020,Congratulations chandan nagar police commissioneret
835179372130173_1598043117749833,Congratulations sir
835179372130173_497723029708458,"Sir,congratulations"
835179372130173_1268375154534210,Congratulations
835179372130173_1484122702305054,Congratulations sir
835179372130173_326227833846616,Congratulations Sir
835179372130173_834373098894585,Congratulations
835179372130173_2724104564434442,Congratulations sir
835179372130173_492046150315827,"LOTS OF CONGRATULATIONS AND BEST WISHES ,, VERY NICE  INNOVATIVE , EFFECTIVE   USEFUL  STEP BY CHANDANNAGAR POLICE  COMMISSIONERATE  UNDER  COMPETENT AND DYNAMIC LEADERSHIP OF  LEARNED  C.P. SIRJI,, PROUD OF YOU GETTING  1ST RANK.....,, MANY MORE TO COME ,, KEEP IT UP GOOD  WORK 🙏👍👏👌😊🥳🎂🎉"
835179372130173_1567514827198532,Congratulations Sir & all Chandannagar Police personnel. It's great by done.
835179372130173_851218910483058,"Sir, congratulations"
835179372130173_1081323073560321,"Sir, congratulations sir"
835179372130173_1430275245029707,Congratulations sir.
835179372130173_1160852931679363,Congratulations sir
835179372130173_1869094603500807,Congratulations sir
835179372130173_461232826871631,"Sir, Very good process"
835179372130173_863737558692174,Great
835179372130173_905291851446475,"Congratulations sir,🙏🙏"
835179372130173_8220075164771717,Sir Great job
835179372130173_1241894327125588,sir congratulations
835179372130173_1570974827188758,Good morning sir & Congratulations 💐
835179372130173_698535102487389,Very good news
835179372130173_492876487039106,Congratulations sir
835179372130173_1297713381638914,Congratulations sir
835179372130173_3917813201784894,Congratulations sir 👏
835179372130173_1033644711424190,Sir.. congratulations
835179372130173_1845381992651849,Sir congratulations
835179372130173_1891670757984696,Sir Congratulations
835179372130173_928863532592306,Congratulation sir. It is big achievement
835179372130173_2835567550147137,Congratulation sir
835179372130173_8400379700053886,Congratulations sir🙏
835179372130173_441545459035598,Congratulation sir
835179372130173_1455432711816274,Congratulations🎉
835179372130173_920123346605441,Congratulations
835179372130173_851205347152857,Sir
835179372130173_820459910292956,Congratulations sir
835179372130173_368084592905576,Sir congratulation
835179372130173_2885456491612249,Good news
835179372130173_1680147999438656,Congratulations 🎉
835179372130173_1039220574545015,Wow Great achievement congratulations Amit 🎊 👏 💐
835179372130173_1542558336651728,Congratulations sir
835179372130173_498905006087980,Congratulations
835179372130173_864891818916782,Congratulations 💐
835179372130173_435051182914081,Congratulations sir
835179372130173_877636783760908,U r 🙏great
835179372130173_2267025780297681,Congratulations sir.
835179372130173_1185367896061309,Congratulations Sir
835179372130173_550098094013101,Congratulations 🎉🎉
835179372130173_389799250610137,Congratulations
835179372130173_919040203385269,"Congratulations🎉 sir 
Congratulations to Team Chandannagar PC"
835179372130173_1472783390371294,Congratulations
835179372130173_386754711196331,Congragulatio sir
835179372130173_510502958241282,Good job sir.
835179372130173_1005656721310781,Congratulations
835179372130173_887840709869349,Congratulations sir
835179372130173_1981099392349252,Congratulations .
835179372130173_1163501568050185,Sir congratulations
835179372130173_572907741730746,Congratulations sir
835179372130173_402520472539843,Congratulations
835179372130173_1201266857865772,Congratulation sir
835179372130173_391646077066448,Congratulations.. sir
835179372130173_484767874400204,Congratulation
835179372130173_484719491068925,Congratulations sir
835179372130173_1684830448966256,Kudos 👏 💐 for the examplary innovative 💡 application of technology! This unique revolutionary efforts on the part of the entire team under the prudent leadership of the Hon'ble Commissioner saheb is realy praiseworthy and remains as the new milestone erected in the path of working of West Bengal Police as a whole! Regards.
835179372130173_1197799284609190,অভিনন্দন স্যার।
