COMMENT_ID,COMMENT
828848072763303_1246581316701848,Very good work sir may God bless you 💖💖💖
828848072763303_485279787810338,Dodon Patra *blast
828848072763303_513353987947641,"এরকম কিছু করুন,যাতে করে সাধারণ মানুষের পুলিশের প্রতি ভরসা ফিরে আসে!"
828848072763303_1685867825580138,ফাঁসি হওয়া উচিত ছিল।
828848072763303_956201882979129,Great full
828848072763303_477709661849458,Great
828848072763303_390362430485466,Good job
828848072763303_434312882339943,"Now, 12.20 pm..At Midnapore Dharma More. Traffic... Police Taking money from a bike man.........Stop that police bad culture... Arrest the police man...and share in this page...as this post.......if have some good thinking...... disgusting..."
828848072763303_1051899209940430,Salute sir 🫡 Apnra and Army ra achen bolei aj amra santi te ghumate pari 🫡 jai Hind 🇮🇳 Vande Mataram 🇮🇳 vogoban apnder Mongol korun 🙏
828848072763303_1009331650728868,কি বলতে চাইছেন আপনাদের উপর ভরসা করে থাকলে আমরা ২০২৮ সালে RG Kar কান্ডের বিচার পেয়ে যেতাম?
828848072763303_502101775769305,Very good job
828848072763303_1150140972737924,মানুষ হয়তো ঘটনা ভুলে যায়।  কিন্তু ডিপার্টমেন্ট এই ভাবেই নীরবে কাজ করে চলে। আর একসময় Justice চলেও আসে। 7 দিনে বা 1 মাসে কখনো Justice আসে না।Justice দেওয়া টা একটা সময় সাপেক্ষ  বিষয় যা  মহামান্য  আদালতের  পর্যবেক্ষণ ও  নিয়ন্ত্রণে  হয়।  মহামান্য আদালতের ওপরে আমাদের  ভরসা রাখা উচিৎ।
828848072763303_1037997650695465,Sajal Kumar Biswas May be Lifetime hoteo pare ... Abr Nao pare
828848072763303_480177278198994,Great job by great person
828848072763303_1527883917818414,Great job officer wbp
828848072763303_8353850234671706,"Good job,sir🙏🙏🙏"
828848072763303_1038547367716145,Great news
828848072763303_2165315290492033,Good news
828848072763303_1239435607255924,"Sir প্রণাম নিবেন,
আপনার মতো অফিসার এর সান্নিধ্যে আসতে পেরে নিজেকে ধন্য মনে করি। আপনি শিখিয়েছেন কি ভাবে মানুষের পাশে, সমাজের পাশে দাঁড়াতে হয় , কিভাবে মানুষ কে আপন করতে হয়। আপনাকে দেখছি কিভাবে কর্ত্তব্য পালন করতে হয়। আপনার মত নির্ভিক , সৎ এবং দক্ষ অফিসার আজকের সমাজে খুব খুব প্রয়োজন । আপনার কাজের দক্ষতায় একজন নির্যাতিতা তার বিচার পেলেন। অবসর জীবন ভালো কাটুক ঈশ্বরের কাছে এটাই প্রার্থনা।"
828848072763303_820399010164305,"আমার প্রিয় দাদু Subrata Samanta জন্য আমি গর্বিত, একটি নয় প্রায় এমন একাধিক কাজ করেছেন বা করে চলেছেন যা পুলিশ ডিপার্টমেন্টের জন্য গর্বের বিষয়।আমার দেখা একজন সৎ পুলিশ অফিসার(সাব-ইন্সপেক্টর) যার নামে নয় কাজেই পরিচয়। ঠিক এমন কিছু পুলিশ আছে যারা সত্যতার সঙ্গে, সত্যের জন্য লড়াই করতে জানেন, এবং লড়াইটা নিয়মিত করে যাচ্ছেন। সেই সমস্ত পুলিশদের আমি সম্মান ও প্রনাম জানাই। 🙏🙏 আমি স্যালুট জানাই ওনাদেরকে যারা ওই খাঁকী পোশাকটির সম্মান করতে জানেন, পোশাকটি এখনও বিক্রি করেননি ওনাদেরকে আমি আবার স্যালুট জানাই।🫡
                                           🙏ভারত মাতা কি জয় 🙏
                                                  💪জয় হিন্দ 💪
                                               🇮🇳 বন্দেমাতরম 🇮🇳"
828848072763303_403759269015733,Arnab Samanta 🙏🙏
828848072763303_420564664371122,"We are proud for you ,Samanta babu. 
🙏🙏🙏🙏🙏"
828848072763303_1054825872186420,খুব ভালো।  কিন্তু পুলিশের ইমেজ শুধু চুনোপুঁটিনির্ভর। রাঘব বোয়ালদের প্রতি আপনাদের আনুগত্য জনমানসে পুলিশের প্রতি যে ইমেজ তৈরি করেছে তা দূর করতে হলে সবক্ষেত্রেই পুলিশকে নিরপেক্ষ ভূমিকা দেখাতে হবে। আশা করি ধীরে ধীরে পুলিশের প্রতি মানুষের আস্থা ফেরাতে সক্ষম হবেন আপনারা।
828848072763303_1067300844738778,Good but 3 lakh ta kom.. Cheler ja kichu ache sobb pabe.. Great work demands good price bro.
828848072763303_394687103648473,We are proud for our west bengal police
828848072763303_396564090120489,Great Job Salute you
828848072763303_515485314415525,God job sir  salute you
828848072763303_522921193472098,Love you sir🙏🙏🙏🙏
828848072763303_1519039105387541,Great achievement
828848072763303_788829676527436,"খুব ভালো কথা, কিন্তু এসবের জন্যই না আপনি পুলিশের চাকরিতে ঢুকেছিলেন? সাধারণ নাগরিকের সুরক্ষার জন্যই তো আপনারা পুলিশে ভর্তি হয়েছিলেন, তাই না? তাই এটা নিয়ে এই করুন সময়ে ক্রেডিট নেওয়ার কিছু আছে বলে অন্তত আমার মনে হয়না। আমি যদি কাল বলি, ৫টা ডেঙ্গু রোগীকে সুস্থ করে বাড়ি পাঠালাম, একটা ট্রমা রোগীকে ম্যানেজ করলাম, ৩টে সাপে কামরের রোগীকে ঠিক করলাম,তাহলে কি ব্যাপারটা খুব ভালো হবে? হবেনা, তার কারণ, রোগীদের সুস্থ করা এটাই আমার কাজ, এটাই আমি পারি, এরজন্য আমাকে আলাদা ভাবে পোস্ট করতে হয়না, বিশেষত এইরকম একটা সময় দাঁড়িয়ে। এইরকম সময়ে এসে কি কাজ করলে ভালো হয়, সেটা নিয়ে আপনাদের ভাবার সময় এসেছে, শুধুমাত্র সিনিয়র দের কথা শুনে কাজ না করে, নিজের বিবেক এবং ওথপাঠ কে কাজে লাগিয়ে সমাজের কাজ করুন। ধন্যবাদ। 🙏🏽👏🏽"
828848072763303_1260993308246936,Great job sir 🙏🙏🙏
828848072763303_1255713732521164,Good job sir
828848072763303_541158718332690,Congratulations sir
828848072763303_1954262578423625,Great job
828848072763303_896111112363689,Good  job
828848072763303_1035276298391881,Good job 👍
828848072763303_521118996984466,Good 👍😊
828848072763303_1196961181546710,Very very thank you sir
828848072763303_526219216740347,Salute to you
828848072763303_1942162742873948,Very good 👍 job sir
828848072763303_825470729765684,Salute to you sir 🙏
828848072763303_815435864074444,Good job
828848072763303_1896980147474267,Salute WB police commissioner
828848072763303_380327905106923,Welldone WP.. what a Great Job.. salute..
828848072763303_870651087822086,Good.
828848072763303_474553312063148,Good job sir
828848072763303_491184087215187,SALUTE WEST BENGAL P0LICE
828848072763303_1231258948316842,Good job sir
828848072763303_564981295854004,Proud of you
828848072763303_2455247414807120,"ata faltu case, meyeta mittha protishuti case korece taka khaouyar jonno, r  I.O to boro dan Merecen."
828848072763303_1202646121053088,Mr. Subrata sir salute to you.. what a tremendous job sir.. big fan..
828848072763303_1239287607081118,But Judgment ta aro quick hoa darkar chilo
828848072763303_1135437017553071,লালগড় থানার গর্ব স্যালুট স্যার
828848072763303_1270676504366073,Non political case gulow to vloi solve koren apnara kin2 political case gulow to dhamachapa die den evidence nosto kre criminal der bachanor rasta kore den ata keno koren puro desh chi chi diche apnader k ektu to lojja shorom rakhen r koto pa chatben apnader cm er
828848072763303_1438271016791922,"কিশোরীর বাবার থেকে আন্ডার টেবিল না হয়ে থাকলে।
ইন্সপেক্টর কে সাধুবাদ জানাই"
828848072763303_1691417051715254,4 bochor lege gelo 1ta meye ke bicar pete. Eta obak korar bisoy
828848072763303_491898550499930,Sagnik Srimani Under 18(nabalika) ki abostha desher 😔
828848072763303_1856828154742528,"Biplob Dey ami keno?
Dip Das  vai 🙂"
828848072763303_1230745281399212,Sagnik Srimani pocso act
828848072763303_8402372163148452,ন্যায় নয়
828848072763303_1863000510889272,"কাজে নেই, অকাজে আছে পুলিশ গুলো।"
828848072763303_1260020321823604,𝕃𝕠𝕧𝕖 𝕪𝕠𝕦  𝕤𝕚𝕣
828848072763303_8014253741986303,প্রতিটা থানা থেকে একটা করে ফেসবুক পেজ খোলার দাবি জানাই।
828848072763303_1564819340836666,"Police amon hoya uchit ja dekhe amader sroddha hoy...
RGKR er moto hole sobai ghrina korbe"
828848072763303_440304599032287,আইন কি সবার জন্য আলাদা হয় ?
828848072763303_425369067220586,Good job
828848072763303_1340762620661937,prothom e bhablam je duto 6obi roe6e tara eksathe sohobas kore6e🤣🤣🤣🤣
828848072763303_848144934078242,"Good job ❗
Tobe ekta meye jodi ekta cheler sange same kore tobe punishment hobe to?"
828848072763303_1225091681854728,Shankhadip Maity hobe hobe Khali meyer name ta bolun
828848072763303_499918342642585,"Das Rajib vai ami kauke target niye bolini ,,, ajkal kar trending cholche esob bepar,to je keu jodi victim hoy tahole as per our constitution,tar janneo same applicable hobe to?
I'm asking that question exactly"
828848072763303_427263346568409,Well done sir .
828848072763303_8465125450212311,প্রতিশ্রুতি সত্য হোক আর মিথ্যা সহবাস দুজনের সম্মতিতে হয় দুজনেই সমান দায়ী
828848072763303_535518985575738,নিশ্চয় ছেলে টি গরিব ঘড়ের ছেলে।
828848072763303_1241421880187989,চার বছর সময় লাগে কেন?  এটা পুলিশের গাফিলতি
828848072763303_506518998692140,2020 সালে হয়েছিল এখন বিচার পেলো ।
828848072763303_1630735470993069,চুনো পুটি দের বেলায় টাইগার।
828848072763303_877707534281787,Sushanta Debnath gorib nischoi
828848072763303_1255153758821081,"এই রাজু যদি রাজনৈতিক করো ছেলে ভাইপো হতো এই পুলিশ কিছু করত না । লজ্জা, জয় হোক যে পুলিশ করে থাকুন তাকে অনেক শ্রদ্ধা"
828848072763303_1522652155037498,Amader desher justice system khub slow
828848072763303_1308436647197497,Bah
828848072763303_867917411913759,এসব 3rd class আইন  এর জন্যে ভারত দেশ টা রসাতলে মায়ের ভোগে গেছে মেয়ের সম্মান এর সাথে খেলার একটাই শাস্তি সেটা হলো মুন্ডুচ্ছেদ
828848072763303_515883501389118,ছেলেটা নিশ্চই গরীব তাই।।
828848072763303_1762419401228993,"নিশ্চয়ই কোন নেতার হাত নেই মাথায়,নাহলে RGKAR হয়ে যেত।"
828848072763303_1031402615447059,"Ki holo ey kaj kore 
Biye kora uchit chilo 

Thanks for  subrata babu"
828848072763303_802613958429879,Proud of You Baba
828848072763303_1072993331192007,"Samanno ei case er sasti pete naki 4 bochor, tahole amader tilottomar obhijukto der sasti pete minimum 40 bochor to dhorai jay.. Ki bolis?? Ra Ju"
828848072763303_524992963232232,"Biswas Pratim Nimda dozras tell me, hartabushkrakoi inumbumbla moinozukoluaka orukastha ninuohopizza shukua"
828848072763303_1216870516295648,Ra Ju ninuoho pizza ta tahole khawas ekdin.
828848072763303_1053886736235535,"পুলিশ যে ভালো কাজ করে তার ভিডিও তুলে সোশাল মিডিয়াতে দিতে বলেন নিজ নিজ আইডিতে ,,সব পুলিশ জেলা এবং থানাগুলিতে এতে মানুষ পুলিশের সাথে বেশি যুক্ত হবে ,,অপরাধ কি মানুষ বুঝতে পারবে ,,অন্যায় কমবে ,,পুলিশ সম্পর্কে মানুষের ধারনা আরও ভালো হবে।।বিষয়টি বিবেচনা করবেন দয়া করে,,ভালো থাকুন ও সুস্থ থাকুন সবাই।।
                        জয় হিন্দ ।।"
828848072763303_878149333716649,Biswajit Saha akdom thik kotha
828848072763303_1244411539914533,Karnab Biswas purota por court er verdict 3 lakh compensation pabe eta meyer life er dam na
828848072763303_395501566586427,এসব 3rd class আইন  এর জন্যে ভারত দেশ টা রসাতলে মায়ের ভোগে গেছে মেয়ের সম্মান এর সাথে খেলার একটাই শাস্তি সেটা হলো মুন্ডুচ্ছেদ
828848072763303_882017933860646,Mrinal Paloi 22 years baba re bhaloi hoyeche ekdm
828848072763303_1892533274559930,১০০ বছর শাস্তি দেয়া উচিৎ ছিলো
828848072763303_1148097199624327,এইটা কি কোনো সমাধান হলো ? দুই ব্যাক্তি ও দুই পরিবার ধ্বংস হলো । এখন মেয়েটার কি হবে ? মেয়েটা কি স্বাভাবিক জীবনে ফিরে যেতে পারবে ?
828848072763303_1558622931431306,এখন যদি ওই ছেলেটা মেয়েটিকে বিয়ে করতে চায় সেক্ষেত্রে ছেলেটার কি সাজা মাফ হয়ে যাবে?
828848072763303_545215231396525,গরিব বলে এদের শাস্তি হয়ে গেলো আর rg kar এর দোষী রা প্রভাবশালী বলে ওদের কে শাস্তি দেওয়ার মুরোদ হচ্ছে না তোমাদের 🤭
828848072763303_1695250431297209,ছেলেদের পক্ষেও আইন দরকার
828848072763303_484665037801282,Salute to you Subrata Samanta  sir
828848072763303_408352798527582,"এক বছর নয় দু'বছর নয় প্রায় পাঁচ বছর সময় লেগে গেল বিচারপেতে।
এইসব বিচার ফাস্ট ট্রাক কোর্টে করা উচিত না হলে মেয়েটার ভবিষ্যৎ নষ্ট হয়ে যাবে।"
828848072763303_1050365713165499,আচ্ছা ওই ছেলেটা যদি ওই মেয়েটাকে বিয়ে করে তাহলে তার শাস্তি কম হবে ?
828848072763303_480801401443629,"Môñjûr Ãlãm না,"
828848072763303_483567001167651,"জাতি জানতে চায়, কেনো ভারতীয় বিচার ব্যবস্থা এতটা সময়সাপেক্ষ ? সেটি যেন কোনো ঘটনা কেন্দ্রীক হোক না কেনো । অনেক ক্ষেত্রে দেখা যায়/গেছে, নির্যাতিত/নির্যাতিতা মারা গেছে, তারপর পর বিচার পায় । কেনো ?"
828848072763303_1737028240458120,খুব সুন্দর
828848072763303_1028499725390440,7003475638 naam dipak mishra ei lokta বিভিন্ন জায়গায় ফোন করে এবং টাকা নেয় আমার থেকে ২০০০ টাকা নিয়েছে। একটু help করলে ভালো হতো 🙏
828848072763303_435648036167841,"Rg কর এ কেনো পারলনা?
নাকি করার ইচ্ছাই ছিলনা"
828848072763303_1657720948382184,"আর মেয়েরা যদি সহবাস কইরা চইলা যায়, তাহলে তার স্বাধীনতা আছে, সে যেতেই পারে, আমরা আটকাবার কেও নই??🌚
By the way স্যালুট এই পদক্ষেপের জন্যে"
828848072763303_1211301759917539,Sir আমার গার্লফ্রেন্ড আমাকে মিথ্যা প্রতিশ্রুতি দিয়ে দিনের পর দিন ধর্ষণ করেছে এখন উপয় কি?
828848072763303_2226021621090637,ছো ট ন bhabi jane ata?
828848072763303_1554148915136749,Asik Tohidul Laskar Swèet Bøy Hásî Înnøcént Sànám  sir eder dike o ektu lokkho rakhben
828848072763303_1890751044671304,Sirot 🙄😳😳😳
828848072763303_859152629520087,"Sirot তুই যেটা করিস সেটা কি আর সবাই করে বল ,সব মানুষ এক হয় না তোর মত 🥲"
828848072763303_1214094613261900,"GG 🔥

Prosenjit Roy savdhaan."
828848072763303_1707604766731424,"Why ? 
Mithya Sahobas bole ki kichu Hoi ? Prem korbe, Relation Korbe, pore kichu change hole e Punishment? Ar adike rapist Murderer der kichu hoi na."
828848072763303_1228636198577337,"১৭ বছরের নাবালিকা হলে এটা রেপ কেস হবে।।।।  যদি ছেলেটা বিয়ে করতে তাহলেও এটা রেপ কেস হতো, নাবালিকার অনুমতি গ্রহনযোগ্য না।।"
828848072763303_1709308993228631,
828848072763303_1045254250559932,Great job b
