COMMENT_ID,COMMENT
836463578668419_1252842646162392,Very good job
836463578668419_523085757082867,Ami gorbiti ami ekjon paschim bongo police er mohila police kormi....WBP amader gorbo..amader sompod..
836463578668419_515198201157755,Great job
836463578668419_1044820827353159,Great job sir
836463578668419_1037119977644896,"অভিভূত স্যার, পশ্চিমবঙ্গ পুলিশের কর্মী হিসাবে।"
836463578668419_1208840933658122,Very good
836463578668419_1032411788359982,"Sir, good performance"
836463578668419_2050491198741367,"Very good work,  Salut you"
836463578668419_1070034508178819,Excellent sir
836463578668419_1400535638016335,Great initiative 💐
836463578668419_528128899901064,Excellent job
836463578668419_872503761084647,Very excellent work.
836463578668419_2933852770087072,Excellent
836463578668419_403729212754382,Good job sir
836463578668419_1269209091100848,Very good work
836463578668419_877144354316098,"A very effective and enthusiastic attempt, Salute to those brave and intelligent Police persons.. 👍"
836463578668419_524319363584919,Well done
836463578668419_1451074682221426,Good work
836463578668419_535217978983420,Excellent achievement
836463578668419_3150146328468281,Good job done
836463578668419_1882322898921061,Good job 👏👏
836463578668419_881972563902060,থ্যাঙ্ক ইউ স্যার
836463578668419_1050448733462753,Good Work Sir🙏🙏
836463578668419_547935447772260,Very good job
836463578668419_1168078124493361,Good job
836463578668419_1331963351111918,Good job 👏👏👍👍
836463578668419_1265832931083245,Good job
836463578668419_1513671252565194,Very good job 👏👏
836463578668419_1904262006726671,Good job
836463578668419_355514170861769,Well Done!
836463578668419_505433095766820,SALUTE SIR♥️♥️♥️
836463578668419_503365078994369,Salute to police.
836463578668419_1171777743911373,স্যালুট w b police
836463578668419_1073997654262658,Cyber crime sob details send korachi gd kora hoeachea taa ho kon solve hoi ni
836463578668419_875988547433866,❤️❤️❤️
836463578668419_471354939229583,"Good achievement through this recovery,"
836463578668419_1686731602075824,🙏🙏🙏
836463578668419_541241788563360,🙏🙏🙏
836463578668419_847172607174865,Apnara amader gorbo
836463578668419_938881188070522,অনেক অনেক শুভেচ্ছা জানাই
836463578668419_1715166149309113,Complaint ki kora korbo kindly janala valo hoto....🙏🙏
836463578668419_408102165723395,Amar 9940/-fraud hoeachea 2 month hoea gachea kono information nei
836463578668419_2759088700928758,"Salute 🫡 
West bengal police"
836463578668419_1724650811633561,Welldon ❤️❤️❤️❤️
836463578668419_1342137446763108,"Vry nice work by the police for the people..
            Jai Hind.."
836463578668419_544951927875826,"West Bengal Police  সাইবার সচেতনতার জন্য, ভিডিও পোস্ট করলে পশ্চিম বাংলার মানুষ আরো সচেতন হতে পারে,"
836463578668419_547490527941259,"পশ্চিমবঙ্গ পুলিশ আমাদের গর্ব আমাদের সম্পদ 

আপনাদের এই মানবিক কাজগুলোর জন্য as a aspirant of wbp exam i got lot's of motivation ❤️"
836463578668419_525056173504699,"Excellent 👍, আমার fraud amount টা পাওয়ার অপেক্ষায় আছি,গত ২৯/০৪/২০২৪ এ আমি GD করেছিলাম।"
836463578668419_1591707901381140,Well done ✅👍
836463578668419_510824918345963,"7477850946
ei number theke gas er taka return korbe bole phone asche. SABDHAN.. keu kono information ph e deben na. Police ra jodi ektu dheken khub bhalo hoy.."
836463578668419_8872331146114890,
836463578668419_558060666648192,
836463578668419_1161752448219257,💚💚💚
836463578668419_9573416796008162,
836463578668419_1033906811480050,👍👍💚💚
836463578668419_826337532912238,🙏🙏
836463578668419_1013831833856998,🙏🙏
836463578668419_547660511051242,Realy good job
836463578668419_1069558521482080,Praiseworthy
836463578668419_3971619983074133,Welcome
836463578668419_492083356958934,Good job
836463578668419_1532676814041192,Excellent 👍
836463578668419_946642937488290,Very good
836463578668419_7495218213913082,Excellent
836463578668419_1241457700358821,Good job
836463578668419_543507578349108,Very good
836463578668419_1850935305397428,Excellent
836463578668419_1286557939465625,Excellent
836463578668419_479014311781294,Good job
836463578668419_8153813424684823,
836463578668419_382793404871907,https://www.facebook.com/share/r/QAnPxbnYZehgKvvY/?mibextid=oFDknk
836463578668419_396890866776131,"এইসব কাজের জন্যে সরকার থেকে আপনাদেরকে মাইনে দেওয়া হয়, এসব ফ্রিতে করেন নাকি? যেভাবে পোষ্ট করছেন .. এটাতে গর্বিত হওয়ার কিচ্ছু নেই, কাজ করবেন, মাইনে নেবেন, ব্যাস ... 

মাইনের জন্যেই, চাকরির জন্যেই তো এতকিছু ..."
836463578668419_1063098448686786,"দেখুন আপনাদের ই চ্যানেল কিভাবে সাম্প্রদিক ডাঙা লাগাতে চাচ্ছে। যদি আপনাদের কাছেও খারাপ মনে হয় তাহলে ব্যবস্থা নিবেন। 
https://www.facebook.com/share/v/m3gL8nYMMqMHfQke/?mibextid=WC7FNe"
836463578668419_766728532161661,Titagarh Barrackpore khardah sodepur scam call center must v caught...✍️👍
836463578668419_1214340953180512,"Diamond harbour 1,mohonpur -chand nogor r cheley Rohidulla mollik (chottu),e chitting korey onek loker thekey relation korey taka tuleychey,amar o onek taka froud hoyechey,er namey 2/3 ta police station e complain achey,onek lok k rastay namiyechey,er puro family involved,ami diamond harbour 2-parulia coastal e er namey complain korey o kono luv hoyni.thanatey bosey likhito holo,but kono help paini parulia coastal thanay thekey,(ei cheler namey kidnapping case achey,e onek Meyer songey mittha relation korey),emon kono honest police officer achen-jini amakey help korben please 🙏-er kachey ami thanar kothmoto taka chaitey jetey-amakey o amar bacchakey e o er family ra murdered korar humki diyechey, police k janiye o kono luv hoyni, please help me 🙏"
836463578668419_1497482460882902,চমৎকার কাজ।
836463578668419_1178458246718369,সারদা নারদার টাকাগুলোও যদি ফেরত পাওয়া যেত!
836463578668419_2000837310367677,নেকু পুসু
836463578668419_568660682423861,"আমার এলাকায় , কয়েক জন বাংলাদেশী এসেছে ,,,
সেটা আমি আমার লোকাল থানা তে complain করি,, pundibari police station....

Sa** গুলো , কোনো action e নিলো না ।।।

মুখে টাকা গুঁজে রেখেছে ।"
836463578668419_548411314279244,"আপনাদের  ভিডিওর মাধ্যমে উপযুক্ত প্রমাণ দিচ্ছি আপনারা দেখে নিন ভালো করে যে একটা সিভিল পুলিশ কি কি করতে পারে...
সাধারণ মানুষের ট্যাক্সের টাকায় চাকরির বেতন পাবে এবং সাধারণ মানুষকে এই আঙ্গুল দেখাবে গালিগালাজ করবে...
এইসব সিভিল পুলিশদের জন্য আপনারা কি উপযুক্ত প্রস্তুতি নেন একটু জানাবেন ভিডিওর মাধ্যমে..
Video link- https://www.facebook.com/share/v/fyUp5S4hy9WUK3Lx/?mibextid=Le6z7H"
836463578668419_1071170657776257,"আপনাদের কাছে অনুরোধ আপনার এই ভিডিওটা দয়া করে দেখুন
পুলিশের পাওয়ার আছে পুলিশের গায়ে হাত দেওয়া যায় না উল্টোপাল্টা কথা বলা যায় না
এবং পুলিশ যদি আইনের বিরুদ্ধে যদি কোন কাজ করে
 কোন ভুল করে সেখানেও 
কোন কিছু অভিযোগ করাও যায় না।
কারণ নিয়মটা শুধু সাধারণ মানুষের জন্য বানানো হয়েছে আপনাদের জন্য নয় ,যেটা আপনারা মনে করেন.
সাধারণ মানুষ বড় কিছু আশা করেনা আপনাদের কাছ থেকে এই ছোটখাটো যদি অসুবিধা গুলো ঠিক হয়ে যায়
তাহলে আপনাদেরকে সম্মান করে রাখবে আপনাদেরকে মাথায় করে রাখবে
সোশ্যাল মিডিয়া এইসব ভিডিও ছেড়ে সাধারণ মানুষকে জাগ্রত করার কোন প্রয়োজন হবে না আপনাদের.

Video link- https://www.facebook.com/share/v/iGyuNcM6xFzsHDgT/?mibextid=D5vuiz"
836463578668419_389220874023347,Purba Medinipur District Police Bal chirche
836463578668419_848046537452588,Justice for RG kar
836463578668419_549543144079161,Ki kore udhar kora jabe 1 year hoye gelo
836463578668419_518932090623041,Hello sir amar 45000 taka fraude chole gechhe
836463578668419_3852860301651882,Aima aima saharaw 🌹❤️♥️
836463578668419_1967242807057054,"শুধু কি social media র জন্য এই পোস্ট? সত্যি কারের recovery কি আদেও হয়? Fraud টাকা পুলিশ পাইয়ে দেয়??? আমার এক পরিচিতোর ৩০ হাজার টাকা fraud হয়েছে, যা Barrackpore cyber crime department-এর under-এ, ২০২১ এ, সে সব প্রমাণ ৬ ঘন্টার মধ্যে cyber crime department-এর হাতে তুলে দেওয়া সত্বেও আজও বিষয়টি hanging on the stairs!! উল্টে পুলিশ ১ বছর ধরে চাপ দিচ্ছে file close করা জন্য!!!"
836463578668419_501846395801040,পশ্চিমবঙ্গ পুলিশের এত লোক দেখানো দেখে আমি সত্যিই একটাই কথা বলতে চাই হাজার হাজার লোক রাস্তায় নামছে
836463578668419_1023637509404131,স্যার আমাকে ফোন করুন আপনারা বিশেষ দরকার একটা খবর দিতে চাই। 9433086606
