,Unnamed: 0,POST_ID,CAPTION,REACTION_COUNT,COMMENT_COUNT
0,0,692583847600758_804510901863687,"ছাত্রীকে যৌন নির্যাতন, অধ্যাপকের কারাবাস কুড়ি বছর

শ্রীরামপুর কলেজের অধ্যাপক আবাসন ম্যাক হাউজে দুঃস্থ মেয়েদের পড়ানোর ব্যবস্থা। প্রযত্নে কলেজেরই ধর্মতত্ত্ব বিভাগের উচ্চপদস্থ অধ্যাপক প্রতাপ দিগল। আর্থিক অনটনের কারণে মেয়ের লেখাপড়া যথাযথ হচ্ছে না, এই ভেবে ২০২২ সালের মার্চ মাসে নিজেদের ১৬ বছরের মেয়েকে দিগলের কাছে পড়তে পাঠান হুগলির এক দম্পতি। গুরুর কাছে পড়বে, তাঁর কাছেই থাকবে, এর চেয়ে নিরাপদ আশ্রয় আর কোথায়? 

দুঃসহ যন্ত্রণার সেই শুরু। চার-পাঁচ দিনের মধ্যেই চালু হয়ে যায় ছাত্রীর উপর নিয়মিত যৌন নির্যাতন, আবারও প্রযত্নে সেই 'সহৃদয়' অধ্যাপক। সপ্তাহ দুয়েক এভাবে চলার পর কোনভাবে শিক্ষকের নজর এড়িয়ে নিজের দিদিকে ফোন করে ওই ছাত্রী। দিদির মারফত খবর পৌঁছয় এক স্বেচ্ছাসেবী সংস্থার কাছে, সেখান থেকে শ্রীরামপুর মহিলা থানায়। 

থানার সাহায্যে উদ্ধার হয় ছাত্রী, এবং ২০২২ সালের ২৪ মার্চ গ্রেফতার হয় দিগল। পকসো আইনে শুরু হয় মামলা। মামলা চলাকালীন আগাগোড়া বন্দি ছিল অভিযুক্ত, বেরোতে পারেনি তদন্তকারী অফিসার সাব-ইন্সপেক্টর নিবেদিতা কোলের নিশ্ছিদ্র চার্জশিটের জাল কেটে। নিবেদিতা ছাড়াও মামলায় সাক্ষ্য দেন নির্যাতিতা, তাঁর দিদি, চিকিৎসক, এবং দিগলের স্ত্রী-পুত্র।

শুক্রবার, ১৯ জুলাই, দিগলকে দোষী সাব্যস্ত করেন শ্রীরামপুর আদালতের প্রথম অ্যাডিশনাল ডিস্ট্রিক্ট পকসো কোর্ট। শনিবার চূড়ান্ত রায়দান পর্বে ২০ বছরের সশ্রম কারাবাসের সাজা শুনিয়েছেন আদালত, সঙ্গে মোট ৬০ হাজার টাকা জরিমানা। পাশাপাশি জেলার লিগাল সার্ভিস অথরিটিকে নির্দেশ দেওয়া হয়েছে, নির্যাতিতাকে সাড়ে তিন লক্ষ টাকা ক্ষতিপূরণ দেওয়ার।

সেই ছাত্রীর বয়স এখন ১৮, আড়াই বছর ধরে এই দিনের অপেক্ষায় ছিলেন তিনি। স্বস্তি একটাই, আর কোনও নাবালিকার অসহায়তার সুযোগ নিতে পারবে না তাঁর নির্যাতনকারী।

তদন্তকারী অফিসার নিবেদিতাকে অভিনন্দন!

Chandannagar Police Commissionerate",670,43
