,Unnamed: 0,POST_ID,CAPTION,REACTION_COUNT,COMMENT_COUNT
0,0,692583847600758_813129497668494,"শান্ত থাকুন, গুজবে কান দেবেন না 

প্রতিবেশী রাষ্ট্র বাংলাদেশের বর্তমান পরিস্থিতির প্রেক্ষিতে সোশ্যাল মিডিয়ায় কিছু পোস্ট এবং ভিডিও আমাদের নজরে এসেছে যা বিভেদ এবং অশান্তি তৈরি করতে পারে। অনুরোধ, কোনওরকম গুজবে কান দেবেন না, উত্তেজক ভিডিও শেয়ার করবেন না। রাজ্য প্রশাসন সতর্ক এবং সজাগ রয়েছে। কোনও প্ররোচনায় পা দেবেন না। শান্ত থাকুন, শান্তি বজায় রাখুন।",10819,109
1,1,692583847600758_812848411029936,"গণপিটুনি রুখুন 

গণপিটুনির কিছু ঘটনা সাম্প্রতিক অতীতে ঘটেছে রাজ্যের বিভিন্ন প্রান্তে। গণপিটুনির মতো সামাজিক ব্যাধি রুখতে আমজনতার কী করণীয়? কীভাবে কখন কতটা সতর্ক থাকবেন এই অপরাধ প্রতিহত করতে? কীভাবে সাহায্য নেবেন পুলিশের? আজকের সংক্ষিপ্ত ভিডিওয় এ বিষয়ে বলেছেন বারাসাত পুলিশ জেলার এস পি প্রতীক্ষা ঝারকারিয়া, আইপিএস।

#FightMobLynching #WBP",1615,115
