,Unnamed: 0,POST_ID,CAPTION,REACTION_COUNT,COMMENT_COUNT
0,0,692583847600758_817151050599672,"সাবাশ বিশ্বজিৎ, সাবাশ মনোরঞ্জন! 

আলিপুরদুয়ারের হাসিমারার ঘটনা। মাসখানেক আগের। টোটোয় করে স্কুল থেকে বাড়ি ফিরছিল বাচ্চা মেয়েটি, রোজকার মতোই। হঠাৎই বাইক নিয়ে টোটোর পথ আটকে দাঁড়ায় দুই সশস্ত্র দুষ্কৃতী। টোটোচালককে আগ্নেয়াস্ত্র দেখিয়ে বাচ্চাটিকে তুলে নেয় নিজেদের বাইকে, এবং দ্রুত বেরিয়ে যায়। আতঙ্কিত টোটোচালক ফোন করেন বাচ্চাটির মাকে, যিনি সঙ্গে সঙ্গে ফোনে জানান হাসিমারা আউটপোস্টে। হাসিমারা আউটপোস্টের ওসি বিশ্বজিৎ দে এবং হোমগার্ড মনোরঞ্জন বর্মন কীভাবে জীবনের ঝুঁকি নিয়ে বাচ্চাটিকে উদ্ধার করেছিলেন, তারই বিবরণী থাকল আজকের ভিডিওয়। 

Alipurduar District  Police",2405,107
