COMMENT_ID,COMMENT
837166868598090_1234914881037050,Keep it up 👍
837166868598090_3918742961703503,Great job.
837166868598090_1746022519473266,পুলিশ ও ডাক্তার দুইজন কে অসংখ ধন্যবাদ 👍
837166868598090_1069944844801465,"আচ্ছা।মানে বিবেক দংশনটা কাটিয়ে দিলেন পরেরটুকু দিয়ে। যাতে পরদিন চটিদির আজ্ঞায় লাঠিপেটা করলেও সংশয় না থাকে?না হলে বাসযাত্রীদের  কেউ উকিল কেউ ব‍্যবসায়ী কেউ গৃহ সহায়িকা বা কেউ গৃহবধূ কেউ বা অবসরপ্রাপ্ত থাকতেই পারেন। উল্লেখ করলেন শুধু একটি। উফফফফ,ধীরে ধীরে আপনারাও রাজনীতিবিদ হয়ে উঠেছেন। অবসর নিলেই তৃণ পদালঙ্কার করবেন। শুধু আম পাবলিকই অবুঝ রয়ে গেল।🙏"
837166868598090_858239239350825,"""সকলের তরে সকলে আমরা, প্রত্যেকে আমরা পরের তরে""
ঘটনা চক্রে স্বাস্থ্য ভবনের সামনের ঘটনাটি আমারই সামনে হয়। আন্দোলনরত জুনিয়র ডাক্তাররা নিজেরাই উদ্যোগী হয়ে এগিয়ে এসে আমার মহিলা সহকর্মীর প্রান বাঁচান। 
আবার আন্তরিক ধন্যবাদ এবং অকুণ্ঠ কৃতজ্ঞতা জানাই চিকিৎসকদের 🙏🙏"
837166868598090_825152802778237,Mrityunjay Banerjee আমরা প্রত্যেকেই একে অপরের পরিপুরক 🙏
837166868598090_1861046834417072,"Mrityunjay Banerjee বেশিরভাগ ডাক্তারই ভালো আর মানবিক, আমার আপনার ডিএর টাকা তো মারছেই, ডাক্তারদেরও ন্যুনতম পরিকাঠামো দিচ্ছে না। কে সেটা বলতে হবে নাকি?"
837166868598090_3819030831745584,Mrityunjay Banerjee ভারতের যাতের পিতৃ পরি**চয় নেই তারা আমাকে বাবা ডাকতে পারেন
837166868598090_1031810898441985,কি অবস্থা দেখুন! আমরা সকলেই জানি সকলের তরে সকলে আমরা! কিন্তু এই আমরাই কোথায় যেন একটা বাঁধা পড়ে আছি। সকলেই হয়তো বুঝছি ঠিক কোথায় সমস্যা। কিন্তু আসল সমস্যা উপড়ে ফেলতে পারছিনা।
837166868598090_991354409411559,Amrita Panda Ek Dom thik bolechen
837166868598090_406865538745400,"পুলিশ ও ডাক্তার, এঁনারা তো একে অন্যের পরিপূরক, এমনটাই তো হওয়া বাঞ্ছনীয়। খুব ভালো কাজ হয়েছে 🙏"
837166868598090_1063935145736282,এই রকম পুলিশ পশ্চিমবঙ্গবাসী চায় যারা সমাজের জন্যে কাজ করবেন ।
837166868598090_1913682769137332,"মানুষ মানুষের জন্য, জীবন জীবনের জন্য। পুলিশ ও ডাক্তার দুজনেই বিপদের বন্ধু 🙏🙏🙏"
837166868598090_1728943854544278,Saju Talukdar ভারতের যাতের পিতৃ পরি**চয় নেই তারা আমাকে বাবা ডাকতে পারেন
837166868598090_497124543166138,সকলের তরে সকলে আমরা ….
837166868598090_762830575911600,"Great job by Junior Doctors & Police. ❤️
আপনারা আমাদের সমাজের ভীষণ গুরুত্ত্বপূর্ণ দুটি অংশ, আপনাদের মধ্যে কখনই যেনো দ্বন্দ্ব না বাঁধে এমন কামনাই করি।"
837166868598090_312117768627322,"সব পেশাতেই ভালো খারাপ থাকে - পুলিশ ও ডাক্তার উভয়েই সমাজ বন্ধু, সব ঠিক হয়ে যাক এটাই কাম্য"
837166868598090_425001566770401,"এক অপরের পরিপূরক..
শ্রদ্ধা ও নমস্কার জানাই..🙏🙏"
837166868598090_869278761804513,এই রকমই কাজ করবেন আশা করি। পথে ঘাটে আপনাদের দেখলে মানুষ যেন নিরাপদ বোধ করে। আপনাদের দেখলেই মানুষ যেন ভয়ে অন্য পথ না খোঁজে।
837166868598090_1172742867325477,ডাক্তার এবং পুলিশ এর প্রথম এবং প্রধান কাজ হচ্ছে মানুষের সেবা করা ।
837166868598090_1966935593747506,Ajoy Mukharjee ভারতের যাতের পিতৃ পরি**চয় নেই তারা আমাকে বাবা ডাকতে পারেন
837166868598090_1110259187099216,"""সবার উপরে মানুষ সত্য, তাহার উপরে নাই"" ✊✊"
837166868598090_841306661314533,"Great humanitarian efforts by Junior Doctors and Team Jhargram Police . 
 Salute to all members for their sincere efforts. 🙏🤝💐🙏"
837166868598090_506321982126349,"Doctor এবং পুলিশ দুটো profession এর কাজ হচ্ছে মানুষের সেবা করা 
আপনাদের সবাই কে ধন্যবাদ"
837166868598090_1622645384960304,"খুবই সুন্দর লাগল, রাজ্যের প্রশাসন এর মানুষ ই যদি খারাপ হয়ে বসে থাকে তাহলে আমাদের মত সাধারণ মানুষ যাব কোথায় 😔😔 অচল অবস্থা কেটে উঠুক, পুলিশ ও dr সাথে প্রশাসন এবং মানুষ সকলেই মানবিক হোক 🙏🙏 এর গায়ে ওর গায়ে থুতু ছুঁড়া ছুঁড়ি বন্ধ করে মানুষ হয়ে বাঁচুক সবাই । 🙏🙏  ।।

সত্যিই খুব ভালো খবর এত কষ্টের মাঝেও"
837166868598090_528120586352728,Salute to all Sir..
837166868598090_1023445875942584,খুবই সত্যি কথা। সবাই সবার পরিপূরক আমরা। সেইজন্যই আমরা সমাজবদ্ধ জীব।
837166868598090_2523065021415374,Great job sir 🙏
837166868598090_537839578807218,দ্বিতীয় অংশ টা কেউ দিচ্ছে না
837166868598090_1631627010741710,"মানুষ মানুষের জন্যে , প্রত্যেকে প্রত্যেকের পাশে দাঁড়ালে সমাজটা ভীষণ সুন্দর হয়ে উঠবে"
837166868598090_2017988328599300,এই অটুট বাংলাই তো আমরা চাই।।।।❤️☺️☺️
837166868598090_3971234919830459,Great job sir
837166868598090_831184805796199,Great job sir ❤️❤️❤️❤️🫡🫡🫡
837166868598090_1734642514010320,Etai toh chai. Thank you Doctors and Thank you West Bengal Police.
837166868598090_1216799732796795,এটাই তো হওয়া উচিত একে অপরের।
837166868598090_1124828605659541,সকল ওয়েস্ট বেঙ্গল পুলিশকে স্যালুট জানাই।
837166868598090_1265555697695422,এক দপ্তর জীবন রক্ষা করেন আর এক দপ্তর জীবন ফিরিয়ে নিয়ে আসেন  রাত দিন ডিউটি করে । পুলিশ এবং ডাক্তার এদের কাজের কোনো নির্দিষ্ট সময় না থাকার জন্য কত কিছুই কম্পমাইজ করতে হয় অথচ এমন কিছু মানুষের পৈশাচিক কর্মের জন্য আজ এক দপ্তর সুরক্ষিত থাকার জন্য অনুরোধ করেছেন আর এক দপ্তর তাদের দাবি মধ্যে কোনো প্ররোচনায় পা না দেন তার পাহাড়া দিচ্ছেন। আশাকরি এই এই মেলবন্ধন এ অভয়া বিচার পাক আর বেঙ্গল পুলিশ মাথা উঁচু করে প্রতিবারের মতো বলুক আমরা বিচার দিতে পেরেছি।
837166868598090_939343278000087,"West Bengal police..very nice job Sir,,,"
837166868598090_1587372732191005,"""সকলের তরে সকলে আমরা প্রত্যেকে আমরা পরের তরে""এটা মনে রেখে আপনারা সব সময় কাজ করুন।"
837166868598090_555062076949467,Manush hote vule gele cholbe na ...bachuk protita prani
837166868598090_860746942443275,"সমাজে সকলেই একে অন্যের পরিপূরক হয়েই বেঁচে আছি আমরা।
সমস্যা অন্য জায়গায়, আমাদের থেকেও ভালো আপনারাই জানেন।"
837166868598090_418776621320641,সবাই আমরা মানবিক। খুব ভালো লাগলো।
837166868598090_1538732823674246,Salute Sir All Police & Doctor.
837166868598090_372858432540793,Good Job Sir
837166868598090_1748908125643106,Great job sir 👏👏
837166868598090_1544706873084992,❤
837166868598090_482888638055207,🫡❤️
837166868598090_530620592776909,সম্পূর্ণ সহমত।।
837166868598090_856718489859438,Congratulations.
837166868598090_463268926172075,সত‍্যকে তুলে ধরার জন‍্য ধন্যবাদ।
837166868598090_1527242097876243,"Proud to be a part of rescue operation ( Jhargram) 😇

We are always with  nation  

JAI HIND 🇮🇳"
837166868598090_838381655068458,💞🙏💞
837166868598090_1040083064281273,Ei songbedanshilota ar sohomormita e amra sobai chai sob somoy 🙏
837166868598090_825457763073954,মানুষ মানুষের জন্য🙏🙏
837166868598090_1301010767940980,"Selute. Sir All Police,and.Doctor"
837166868598090_920591646772544,"খুব ভালো লাগলো পোস্ট টা দেখে। এভাবেই ঠিক টা ঠিক , ভুল টা ভুল বলা চলুক।"
837166868598090_1082564636784613,Congralution
837166868598090_1070506461352949,আন্তরিক ধন্যবাদ জানাই স্যার।।🙏
837166868598090_1000744798399152,স্যালুট ওয়েস্টবেঙ্গল পুলিশ 🙏
837166868598090_8191335817647827,"এই সময়, এই রকম একটা পোস্ট দেখে ভালো লাগলো।"
837166868598090_1043147314284543,মানুষ মানুষের জন্য
837166868598090_442776352138167,পোষ্টটির জন্য ধন্যবাদ।
837166868598090_1066498445093460,উভয় কে ধন্যবাদ
837166868598090_1704225413661186,Saluted  sir
837166868598090_7830917690346149,Manus manuser jonyo
837166868598090_1175685040177092,"মানুষ মানুষের জন্য, জীবন জীবনের জন্য। একটু সহানুভূতি কি মানুষ দিতে পারে না ! ও বন্ধু,, মানুষ মানুষের জন্য।"
837166868598090_1040814597752950,সকলকে অনেক শুভেচ্ছা ও শুভকামনা জানাই 💐
837166868598090_8127804167303303,oder k bojhabe ...
837166868598090_1046000786860169,Salute janai Police & Doctor ke.
837166868598090_827789829339615,Khub khusi holam
837166868598090_443299892192635,EAKDOM SATHIK KOTHA SABAR SABAI KA DORKAR
837166868598090_402216326238259,Police always beside the people who have been facing problems . Police have saved them.Thanks.
837166868598090_1562454527705134,"Setai to amra bolchi Sir, choti chata chere manobik hon, amra apnader songei ahchi"
837166868598090_490715203770706,"আমরা চাই বন্ধুত্ব পূর্ণ প্রশাসন,
যুক্তিপূর্ণ সমাধান।🫡"
837166868598090_1904334380086429,Onek din por ekta mon valo kora post
837166868598090_506935645376717,আমাদের জীবনের পূর্ণতা অন্যদের নিয়েই।
837166868598090_518180860813171,"খুব ভালো❤️
এমনটাই তো হওয়া উচিৎ।
খারাপ লাগে এই ভেবে যে,
এই সাধারণ মানবিক দায়িত্বপূর্ণ কাজলোকে বিরল বা নজিরবিহীন কেনো মনে হবে?"
837166868598090_981491747110918,Salute 🙏🙏
837166868598090_1105983034266411,"Sustho somaj eivabei gore othe 
Eke onner bipode pase thakatai sobar duty"
837166868598090_529994822851988,Waiting for your status✊
837166868598090_398153106376540,"দুই পেশার মানুষজন, যারা এই তৎপরতা দেখিয়েছেন, তারা অবশ্যই মানবিক মুখ।"
837166868598090_1615039162395540,সত্যি খুব ভালো খবর।।এই ভাবেই তো আমরা সবাই বেঁচে আছি
837166868598090_414183475020514,খুব সুন্দর কাজ
837166868598090_545707318147717,❤️🙏🏼
837166868598090_1446031159444221,"Salute to West Bengal Police ❤️🙏❤️
Salute to Kolkata Police ❤️🙏❤️"
837166868598090_1216644926321702,Khub valo laglo
837166868598090_4019280548393802,"যেমন সব মানুষ খারাপ হতে পারে না ঠিক তেমনি প্রত্যেকটি বিভাগের কর্মরত মানুষ‌ও খারাপ হতে পারে না। যার জন্য আজ‌ও মানব সভ্যতা টিকে আছে।
ধন্যবাদ সবাইকে"
837166868598090_1043104967053806,
837166868598090_1056946332518902,
837166868598090_2313898532322614,💗💗💗💗
837166868598090_1075250434304038,🙏
837166868598090_1479449262753405,❤️❤️
837166868598090_1578964439643062,♥️💚♥️
837166868598090_1079920220330220,❤️❤️❤️
837166868598090_1689425805181447,💚💚💚
837166868598090_399717689532630,🙏🙏🙏🙏
837166868598090_530110846181621,🙏🙏🙏🙏
837166868598090_1061521302352560,🙏
837166868598090_2066340557097056,❤️❤️❤️❤️❤️
837166868598090_535353548959945,👏👏👏
837166868598090_1036876784749998,🙏🙏
837166868598090_1031166878551565,🙏🙏🙏🙏🙏🙏🙏
837166868598090_8073393202777403,🙏🙏🙏
837166868598090_397224159810713,🙏🙏🙏
837166868598090_995610319029621,🙏🙏🙏🙏🙏🙏
837166868598090_26583524921261912,❤️❤️
837166868598090_533885655959376,❤️💯🙏
837166868598090_1674403213408845,🌹❤️
837166868598090_875490134108761,🙏🙏
837166868598090_3478378772470467,❤️
837166868598090_1051143386744551,🙏🙏
837166868598090_1474046046599928,❤️❤️❤️❤️
837166868598090_1166022427789242,👏👌
837166868598090_1202930297625551,❤️❤️💞💞
837166868598090_831862469134820,🙏🙏🙏
837166868598090_27147199924871094,❤️❤️❤️
837166868598090_1701921200605282,💚🙏💚
837166868598090_868243615260744,🙏🏼🙏🏼
837166868598090_400985029398686,♥️♥️
837166868598090_999662325176156,🫡
837166868598090_825005983166306,জুনিয়ার ডাক্তারদের কুর্ণিশ।এই রকম পুলিশ ও ভাক্তার পশ্চিমবঙ্গবাসী চায় যারা সমাজের জন্যে কাজ করবেন ।
837166868598090_1232599317752354,এই মানবিকতার জন্য  তাদের কুর্নিশ জানাই 🙏
837166868598090_797278892484382,"মানুষ মানুষের জন্য, জীবন জীবনের জন্য। পুলিশ ও ডাক্তার দুজনেই বিপদের বন্ধু 🙏🙏🙏"
837166868598090_397590973101655,"Doctors & police both of them r the most Vital pillars of our society, Only Doctors & police Serving their Level Best @365 days × 24 hrs without availing Saturday Sunday & Holiday 🫡 🫡"
837166868598090_3214923015310357,Sáßîŕ Řąmīm Ãßßäs Right 🙏🙏🙏
837166868598090_2030948560710144,"মানুষ মানুষের জন্য
 জীবন জীবনের জন্য
পুলিশ ও ডাক্তার দুজনেই বিপদের বন্ধু আপনাদের প্রতি ভালোবাসা রইলো 🙏🙏🙏"
837166868598090_1288529795916577,মানুষ মানুষের জন্য। পুলিশ ও ডাক্তার দুজনেই বিপদের বন্ধু 🙏🙏🙏
837166868598090_490080820652410,"মানুষ মানুষের জন্য। ""সবার উপরে মানুষ সত্য তাহার উপরে আর নাই "" 🙏"
837166868598090_1996738397432405,"""সবার উপরে মানুষ সত্য, তাহার উপরে নাই"""
837166868598090_1078625696956600,"মানুষ মানুষের জন্য, জীবন জীবনের জন্য। পুলিশ ও ডাক্তার দুজনেই বিপদের বন্ধু salute 🙏🙏🙏"
837166868598090_864386205824952,সবার উপর মানুষ সত্য তাহার উপর কেউ নাই
837166868598090_442012828231612,right
837166868598090_507896798770740,Thank you 🙏🏻
837166868598090_538219508605635,I love WBP
837166868598090_2391958237812946,Well done
837166868598090_390147280795322,Excellent
837166868598090_1541026410154618,I ❤️ WBP
837166868598090_436168999475095,Good jop
837166868598090_8198743260162259,"আমার এলাকায় , কয়েক জন বাংলাদেশী এসেছে ,,,
সেটা আমি আমার লোকাল থানা তে complain করি,, pundibari police station....

Sa** গুলো , কোনো action e নিলো না ।।।

মুখে টাকা গুঁজে রেখেছে ।"
837166868598090_356662484080968,https://www.facebook.com/share/r/QAnPxbnYZehgKvvY/?mibextid=oFDknk
837166868598090_2243844049327448,"যেখানে যা দুর্ঘটনা বা শারীরিকভাবে অসুস্থতার সম্মুখীন হন না কেন সবটাই দুর্ভাগ্য জনক। কিন্তু সাময়িকভাবে সেই স্থান ক্ষেতে যাহারা উপস্থিত থাকে তাহাদের মধ্যে অনেকেই সহযোগিতা কড়ে থাকেন, আর ডাক্তার তো আমাদের শারীরিক সুস্থতাকে সারীয়ে তোলার জন্যই সেই কর্মে পারদর্শী। কিন্তু সমস্ত তরে মানবিকতার বিচারে প্রত্যেকের জন্য প্রত্যেকে আমরা সহযোগিতা বিনিময় করাটাই সেহ। কিন্তু এখনকার সমাজ ব্যবস্থাই অনেকেই নিজের স্বাধীনতা বিনিময় করতে পারেন না। কিন্তু এটা কেন স্বাধীন ভারতবর্ষে তো আমরা অনেক কিছুতেই নিজেদের স্বাধীনতা পেয়েছি । always god bless you🙏Jay Hind🇮🇳"
837166868598090_1046511823536228,"Ekdom !! Setai to ei samaj chai!! Bortoman e samajer proti apnader bhumika dekhe amra sabai lojjito!! Apnader image Bishon bhabe khotigrosto,  pls ebar ektu sahos korun!! Urdi pore tolabaji o nirlojjo dalodastto bondho korun!!"
837166868598090_479440448258291,"ওনারা যেটা করছে সেটাতো মানবিকতা, আপনাদের পরোক্ষ মদতে তাঁদের সহপাঠীর খুন ও ধর্ষনের বিচারের দাবিতে আন্দোলনরত অবস্থায় চিকিৎসা করেছেন, কিন্তু আপনারা যেটা করেছেন সেটা ডিউটি যার জন্যে আপনারা salary ও পান, তবে ঐ উক্তির কী মানে এখানে"
837166868598090_3896011070718446,"আমরা সবাই এক, খালি রাজনীতির নোংরা খেলায় আমরা ও আপনারা শত্রু হয়ে উঠছি আশা করি অভয়া বিচার পাবেই এবং দোষী দের শাস্তি পেতেই হবে নাহলে যে সাধারণ মানুষের আর আস্থা থাকবেনা বিচার এ 🙃"
837166868598090_1081182890094560,ভারতের যাতের পিতৃ পরি**চয় নেই তারা আমাকে বাবা ডাকতে পারেন
837166868598090_1079204826957630,"অসুস্থ পুলিশ কর্মী কে প্রাণে বাঁচালেন jr doctor রা ,, 🫵🏼 আন্দোলন ভুলে , এটা প্রকাশ করুন দেখি জন সমক্ষে ,,,,,  ,,, বুজবো দম আছে"
837166868598090_418282784606697,"পুলিশ আর ডাক্তার একে অপরকে সাপোর্ট করলে, কোন অশুভ শক্তি ওপর থেকে কলকাঠি নাড়াতে পারবে না।"
837166868598090_506487112009760,ডাক্তার দের মেরুদণ্ড প্রতিস্থাপন সফল হয়েছে তাহলে কৃতজ্ঞতা স্বীকার করতে ভুল করেন নি।
837166868598090_943195011185527,Valo kaj ka sob somoi 🫡. But kharap ka kharap bolla setao mana uchit.
837166868598090_433674289763809,https://www.facebook.com/surojitar.prayanka/videos/1009921797285207/?mibextid=rS40aB7S9Ucbxw6v
837166868598090_1010253504188462,Apnara na chete thik vabe kaj korle sob problem solutions emni hoye jai deshe.
837166868598090_1054540476300935,এইটারেই কি ড্যামেজ কন্ট্রোল কয়
837166868598090_793545942720209,Chandana Dutta Biswas শুনলাম এরাও এবার মিছিল করার কথা ভাবছে।
837166868598090_1334692764165589,Ďệḅäṗriyä ŚenḠuptä হাসালে
837166868598090_896198072403607,"West Bengal Police এটাই চাই আমরা আমাদের প্রত্যেকের নিজেদের পেশার প্রতি আবেগ, ভালোবাসা এবং দায়িত্বশীল হাওয়া উচিত।
আমরা সন্দীপ ঘোষের মত ডাক্তার চাইনা তেমনি আমরা রাজীব কুমার ও বিনীত গোয়েলের মত পুলিশ অফিসারও চাইনা।
#justiceforRGKar #wewantjusticeforrgkar 
#WeDemandJustice"
837166868598090_890109496339635,ডাক্তারবাবুর নামটা দয়া করে লিখুন। SSKM এর DR. BIPRESH CHAKRABORTY.
837166868598090_449779654783233,Nijera nijeder moddhe jhamela ragaragi na kore ak a oporer sathe milemishe thaka tai valo lage ❤️❤️
837166868598090_907454524609164,Pase ese daran junior doctor der .. apnader ke keu sotru vabe na !! We Want Justice ✊
837166868598090_2315246018824930,"https://www.facebook.com/share/v/VxhBtoobEYwzxt6a/?mibextid=oFDknk

এই ঘটনার জবাবটাও দিন। এটা কি পুলিশ?
এ তো পোশাকের আড়ালে দলদাস!! এর ব্যাবস্থা নিন।"
837166868598090_1561341748117482,"দুটো কাজই ভালো এটাই তো দরকার,
কিন্তু Dr অভয়ার সঙ্গে এবং তার বাবা মায়ের সঙ্গে খুবই অমানবিক কাজ হয়েছে যেটা পুলিশকে দিয়ে করানো হয়েছে বলে মনে করি।
পুলিশ তো Dr অভয়াকে খুন করে নি তাহলে কেন আপনারা এই অমানবিক কাজে যুক্ত হয়ে পড়লেন?আমরা ব্যথিত আপনারা আমাদের বিশ্বাসে আঘাত করেছেন।আমরা ব্যথিত আপনারা
Dr অভয়ার সঙ্গে এবং তার বাবা মায়ের সঙ্গে অন্যায় করেছেন।একবার বুকে হাত দিয়ে ভাবুন নিজেদের মেয়ে হলে আজ আপনাদের পরিবার শোকে ভেঙ্গে পড়তেন।এরকম জানো কারোর না হয় এটাই প্রার্থনা করি।"
837166868598090_852381096868250,"আপনাদের অনুরোধ করে বলছি, আপনারাও এই প্রতিবাদে সামিল হন। কিছু অসাধু মানুষের জন্য সব পুলিশ খারাপ সেটা বলতে চাইনা ।"
837166868598090_3104009253069299,"আমরা যারা মানুষের জন্য কাজ করার প্রতিশ্রুতি নিয়ে কাজ করি তারা আসলে এক জাত, এক মন। কিন্তু আমাদের ওপরে চেয়ারে যারা বসে তারা নিঃস্বার্থ বা ভালো পথে চেয়ার পাকা করার বদলে নিজেদের হীন স্বার্থে আমাদের মধ্যে লড়াই লাগায়, আমরা নেচে নিজেদের মধ্যেই শত্রু খুঁজে ফেলি। পিছনে সুতো নিয়ে আরো কয়েকজন মুচকি হাসি হাসে।"
837166868598090_822917816708909,"একদম , এবার barricade এর ওপার থেকে এপারে এসে আন্দোলনে যোগ দিন ; সবাই মিলে betterment এর জন্যে লড়াই করি"
837166868598090_1520117225561421,"West Bengal Police  আপনারা কোনো উর্ধ্বতন কর্তৃপক্ষের ভয় না পেয়ে, ডাক্তারদের পাশে দাঁড়িয়ে পশ্চিমবঙ্গের সংস্কৃতিকে ফিরিয়ে আনুন 🙏
হারিয়ে যাচ্ছে সংস্কৃতি, শিক্ষা, স্বাস্থ্য, সমাজ।
আপনারাই পারেন অন্যায়ের বিরুদ্ধে রুখে দাঁড়িয়ে নোংরা রাজনীতি ধ্বংস করতে। কোনো কিছুর আপোষ করবেন না 👏। আমি এক হতভাগ্য নাগরিক এই রাজ্যের। একবার মাথা তুলে দাঁড়ান।"
837166868598090_1267096614461890,West Bengal police er upor dine dine manuser vorsa uthe jachche
837166868598090_8177778378964977,আসলে এটাই স্বাভাবিক। কিন্তু কিছু ক্ষমতালোভী অপাঙক্তেয় মানুষ এই সম্পর্ক টা বিষিয়ে দিচ্ছে । সারা পৃথিবী এমনকি ভারতবর্ষের প্রায় সব জায়গা থেকে ধুয়ে যেতে বসেছে এমন একটি সম্প্রদায় এই অস্থির সময়ে নিজেদের প্রাসঙ্গিক করে তুলতে নোংরা খেলায় মেতেছে ।
837166868598090_404499502665777,এবার আপনারাও রাস্তায় নামুন।
837166868598090_495940203298485,ডাক্তার এবং পুলিশ উভয়েই আমাদের সাহায্যকারী বন্ধু । কিন্তু তাদের মধ্যে যারা দুর্নীতিপরায়ণ তাদের জন্য বাকিদের বদনাম হয়
837166868598090_3452609918375422,"সম্মানীয়,  পশ্চিমবঙ্গ পুলিশ।
আপনাদের জ্ঞাতার্থে লিখতে বাধ্য হচ্ছি, দীর্ঘদিন ধরে দেখে আসছি জলপাইগুড়ি শহরে ট্রাফিক সিস্টেম বিধ্বস্ত। শুধু নাকা পয়েন্ট গুলো খুব সচেতন প্রয়োজনে একটা বাইক কে তিনবার চেক করবে কিন্তু রাস্তাঘাট জ্যমে পরিপুণ্য়। রাস্তার ডান দিক বাম দিক যে দিকে খুশি সিটি রিক্সা কিংবা বাইক ঢুকিয়ে দিচ্ছে। বিশেষ করে ট্রেন ক্রসিং গুলোতে ট্রেন যাওয়ার সময় রাস্তার বাইক আরোহী আর সিটি রিক্সা দুই দিক ব্লক করে দেয়। একদিনও একটা পুলিশ অফিসার কে দেখিনি গাড়িগুলোকে এক দিকে লাগাতে বাধ্য করতে।। কিংবা সিটি রিক্সা গুলোকে এক সাইড করে চালাতে বাধ্য করতে। শহরের ভিতর অনেক ছোট রাস্তা রয়েছে যেগুল রুট ভাগ করে দিতে পারবে। কিন্ত সে বিষয়ে সবাই উদাসীন। 
          কাজেই, জলপাইগুড়ি পুলিশ কি আমাকে আশ্বস্ত করবে সমস্যা সমাধানে ??
অপেক্ষায় রইলাম।"
837166868598090_894145985969796,"আমরা আমাদের দুর্নীতিগ্রস্ত, ভন্ড মাথাগুলোকে উপড়ে ফেলার ব্রত নিয়েছি, আপনারাও এই পথে হাঁটুন, আমার একান্ত অনুরোধ। সকলে শিরদাঁড়া সোজা করে মাথা তুলে দাঁড়ালে ওরা পিছু হঠতে বাধ্য হবে। চলুন আমরা বাংলার হৃতগৌরব ফেরাতে কাঁধে কাঁধ মিলিয়ে এগিয়ে যাই। আসুন। আর দেরি নয়।"
837166868598090_875945574469905,"নেতা গুলোর জন্য রাস্তা পরিস্কার না করে,সাধারন মানুষের জন্য রাস্তা পরিস্কার করুণ,আপনাদে সাধারন মানুষ প্রনাম করবে"
837166868598090_535862282273865,ভালো কাজ করুন ভালো সঙ্গ বাছাই করুন। আজকে আপনারা যেভাবে অসৎ সঙ্গে পা দিয়ে চলছেন তাতেই রাজ্যের এই হাল। আপনি আমি সরকারি হাসপাতালে যাব আবার বিপদে থানার দারস্থও হব। তাই ভালো সঙ্গ আর সততা ছাড়া ওই জালি ঔষধ ই পাব আর থানায় মীমাংসাই হবে অন্যায়ের বিচার পাওয়া যাবে না।
837166868598090_462695670080606,ওরা তো আর ইস্ট জর্জিয়া ইউনিভার্সিটি থেকে ডাক্তারি পড়ছে না.... তাই ওরা মানবিক।
837166868598090_1052458169691928,https://www.facebook.com/profile.php?id=100015296286189&mibextid=ZbWKwL
837166868598090_1028444805260338,এই ছেলে বাংলাদেশে হত্যা করে ইন্ডিয়াতে থাকেন ও এখন অবস্থান করছে মুম্বাই ওকে শীঘ্রই গ্রেফতার করেন তা না হলে যে কোন অকারণ ঘটাতে পারে
837166868598090_846954544084312,💚💚এটাই আমাদের বাংলা কে যে বিষ মেশাছে 😔😔
837166868598090_1054282582818653,ভালো কাজে একে অপরের পাশে থাকুন এটাই তো আমরা সবাই চাই। কিন্তু মাঝে মধ্যে ডাক্তার ও পুলিশ খারাপ কাজ এমন ভাবে হাতে হাত লাগিয়ে করেন দেখে সাধারণ মানুষের মাথা গরম হয়ে যায়।
837166868598090_898629795463418,Tahole doctor mara jay tar kono bichar hoy na keno e kemon police apnara
837166868598090_1570419497246269,"তাহলে হাসপাতালে পরিষেবা দিচ্ছেন ডাক্তাররা, সেটাই স্বীকার করলেন আপনারা"
837166868598090_873685010962446,Dutoi dujoner duty. Etai eder kaj. Etake celebrate korar kichu nei. Dujonei dujoner kaj korechen.
837166868598090_1668840030624887,দ্বিতীয় ঘটনাটা কি বলা হলো return gift দিয়েছেন বোঝাতে?
837166868598090_535987692258951,সেদিন এই অবিকৃত তথ্য প্রকাশের উদ্যোগ তাহলে দেখা যায়নি কেন? নাকি জুনিয়র ডাক্তাররা শিরদাঁড়া পৌঁছে দেওয়ার পর সব ঠিকঠাক হচ্ছে?
837166868598090_455927317424664,ডাক্তার যেমন তার নিজের কর্ম করছে তেমন পুলিশের উচিত নিজের রাজধর্ম পালন করা।। 🙏🏻
837166868598090_1035487794729380,রাজ্য সরকারের নোংরা রাজনীতির জন্য আজ পুলিশ ও চিকিৎসক এই অবস্থায়।
837166868598090_1556642648606570,এটা স্বৈরাচারী সরকার কে বোঝাতে হবে।
837166868598090_1725165761647242,"ডাক্তার রা স্বাস্থ্য দপ্তরের দুর্নীতির বিরুদ্ধে সরব হয়ে রাস্তায় নেমেছে, কিন্তু পুলিশ পুলিশের দুর্নীতির বিরুদ্ধে মুখ খোলে না।"
837166868598090_495608769992326,শাসক কে বাদ দিলে আমরা সবাই ভালো
837166868598090_1210545416884808,স্যালুট আপনাদের ও ডাক্তারদের ও কিন্তু স্যার উনাদের যোগ্য দাবি পাইয়ে দিতে উনাদের সাহায্য আপনারাই করতে পারেন আপনারা একটু বিষয়টা দেখুন রাজ্যের প্রশাসনিক প্রধান চোখ থেকেও অন্ধ ব্যাপার টা মাননীয়া এর কানে পৌঁছে দিন ওদের হোক ওদের দাবি মানা হোক আপনারাও একটু আধ টুকু আন্দোলন করুন তাহলে ব্যাপার টা মাননীয়া ভাববে ।🤝
837166868598090_876479804406906,Apnara jai bolun tai bolun apnara kintu khub gool maren.
837166868598090_1776266889845947,"Andolon roto doctor, manus gulo r pashe daran. 
Jani kokhno kokhno uniform er kache manush bound
Chailei sob kichu korte parena"
837166868598090_778738880949771,"এই চৈতন্য অনেক, অনেক আগেই আমাদের ফেরা উচিত ছিলো। ঠাকুর রামকৃষ্ণ তো কবেই বলেছিলেন তোমাদের চৈতন্য হউক!"
837166868598090_540518875208631,কিন্তু আপনারা রাজনীতির কাছে হেরে যাচ্ছেন।
837166868598090_1515405505747979,একদমই মানুষের জন্য পুলিশ প্রশাসন। শাসকের জন্য না।
837166868598090_1934578697025799,এইটাই তো সত্য। এইটাই তো হওয়া উচিত ছিলো। তাহলে 9th August কি হলো। তারপরে এখনো পর্যন্ত আপনাদের ভুমিকা টা কি?????
837166868598090_1089473932609025,Apnara dujonaee somajer Hero...amra chaina kono hero k kau control 🛂 koruk...plz sir apnara amader hoye kaj korun...apnara public servent kono specific person er na...🙏🫡
837166868598090_1092925288919885,"Amra sobai ekhon Abhayar justice chaibo eksathe, karon Abhayar justice pawa Mane future generation er chokhe nijeder ke ekta example hisab e tule dhorte parbo sobai  . Prithibi te amra khub olpo somay er jonno ashi. Sobai amra amader valo kaj korbo....
Karur khoti kora thek na....khomotar bebohar valo kaj e kora uchit. 
Justice na pele hoyto amra sobai herey jabo....ebong jara doshi tarao sasthi pabe ekdin theki, sei doshira konodin valo kore kheteo parbe na ..ghumateo parbe na. 
Karur chokher jol er prochur daam thake.."
837166868598090_26529293596719066,"শুধু পুলিশ যেন মাথায় রাখে, তাঁরা পাবলিক এর জন্য না কী কোন দল বা সরকারের !"
837166868598090_1669406613792559,"ডাক্তার বাবু রা তাঁদের কাজ করেছেন।
পুলিশ নিজেদের দায়িত্ব পালন করছেন।
এটাই ত অত্যন্ত স্বাভাবিক ঘটনা।
বাহবা নেবার বা দেবার মতো বিশেষ কিছু কি?????
ডাক্তার বাবু রা যোদি চিকিৎসা না করতেন বা পুলিশ যদি উদ্ধার না করতেন সেটা খবর হতো।"
837166868598090_824247109907120,Abhijit Mondal এতদিন পরে উনাদের বোধোদয় হয়েছে।
837166868598090_313007715204959,"এটাই কাম্য।।।
ডাক্তার ও পুলিশ উভয়কেই ধন্যবাদ জানাই ।।।
রাজ্যের সাধারণ মানুষ ডাক্তারদের আন্দোলনের সাথে আছে ।।।
#justiceforRGKar"
837166868598090_1468840670489584,এটাই তো হওয়ার কথা... নাগরিক আর পুলিশ প্রতিপক্ষ হওয়ার কথা তো ছিল না।
837166868598090_506919931964271,আপনারাও এবার ওদের পাশে গিয়ে দাঁড়ান একটু দাঁড়ান এতে ভালো হবে।
837166868598090_1203529424225787,আমার কর্তব্যপরায়ণ পুলিশ আর ডাক্তার সবাইকেই দরকার। আপনারা একসাথে হলে তবেই এই দুর্নীতিগ্রস্ত সরকার নিয়ন্ত্রণে আসবে। দয়া করে সিংঘম এর মতো কিছু করুন। আর কবে?
837166868598090_1021193396156101,এর বদলে আপনারা ওনাদের জন্য কি করছেন  ?
837166868598090_1053396990122494,"Samajer duti mukhyo stombher modhye konodin bibhajon, merukoron chhilo na.. bhobishyot eo jeno na hoy ei kamona kori.."
837166868598090_1558391825080607,কিন্ত পুলিশ যেমন স্বচ্ছতার সঙ্গে কাজ করেই যাচ্ছে ডক্টর কিন্ত করছে না এটাই পার্থক্য
837166868598090_1038374287457960,দুই পেশাতেই কিছু ধূর্ত দলদাস আছে। পুলিশে বেশি আছে।
837166868598090_867553674989720,এইরকম সঠিক তথ্য পরিবেশনের মতোই সেদিনও যদি সমস্ত সঠিক এবং অবিকৃত তথ্য পরিবেশিত হত!😢
837166868598090_1225584695287047,"পুলিশ ও ডাক্তার দুজনকেই ধন্যবাদ, প্রতিবাদের সাথে আছি ও থাকবো। #wewantjustice #justiceforRGKar"
837166868598090_544811961321822,পুলিশ তুমি জনগণের । আগে রাস্তায় বেড়ালে সাহস পেতাম আমার বা আমার মা বোন নিরাপদ কেনো জানেন ?? আমরা জানতাম রাস্তায় পুলিশ আছে। যে পুলিশ  আমাদের (পশ্চিম বঙ্গ)পরিবাড়ের সদস্য । কিন্তু বিগত দিনে পুলিশ কে দেখলে ভয় আর ঘৃনা হয় এরা কি সেই পুলিশ যারা দিন রাত অক্লান্ত পরিশ্রম করে আমাদের নিরপত্তা দিত? এরা কি সেই পুলিশ যারা ভুল কে ঠিক বললে সাধারন মানুষ কে মারধর করছে?? এরা কি সেই পুলিশ প্রতিবাদ করলেই সাধারন মানুষ কে মিথ্যা মামলায় গ্রেপ্তার করছে?? জানতে বড় ইচ্ছা করে পুলিশ তুমি যখন পোশাক টা পড়েছিলে তখন যেই শপথ টা করলে সেগুলো কি ভুলে গেলে?? আমার আমাদের পরিবারের(পশ্চিম বঙ্গের)সদস্য সেই পুলিশ কে চাই যারা মানুষের জন্য ভাবে!!  চাইনা সেই পুলিশ কে যারা মিথ্যার উপর ভরসা করে সাধারণ মানুষ দের বিরূদ্ধে দাঁড়িয়ে আছে।
837166868598090_460510296990924,এটা আপনাদের কাজ কর্তব্য।। মহান হওয়ার কিছুই নেই এখানে
837166868598090_506656252106480,আপনাদের অনুরোধ করে বলছি শিক্ষক ও চিকিৎসক এদের উপর লাঠি চালাবেন না। কারন আমরা অন্যায় দাবি করি না। আমরা দেশ ও সমাজ সংস্কারক এই টুকু সন্মান আপনাদের কাছে আমরা পেতে পারি।
837166868598090_823339699854384,পুলিশ 👮। ইংরেজ পিরিয়ডের পুলিশ ও গণতান্ত্রিক দেশের পুলিশের চরিত্র কিন্তু এক। মৃত ডাঃ দেবনাথের যে ঘটনাগুলো টিভিতে দেখাচ্ছে তাতে মনে হয় পুলিশ ধোওয়া তুলসী পাতা নয়।
837166868598090_887207576638902,আশাকরি এরপর আপনাদের শিরদাঁড়া সোজা হবে। আপনারাও প্রতিবাদে সামিল হবেন।।
837166868598090_1032241138380178,আপনাদেরও উচিত এই আন্দোলনে সামিল হওয়া 👍
837166868598090_819847833681511,আর বাকিরা মানুষ না !!!!!????
837166868598090_1236565494437917,"কিন্তু পাটুলি থানার ও সি র পোস্ট টাও দেখুন। 
উনি কি আপনাদের বাইরে?"
837166868598090_1060234585758085,"ডাক্তারদের মিছিল এবার থেকে রক্ষা করবেন। অন্তত আপনারা এই কথা গুলো অবশ্যই মনে রাখবেন আশা করছি।
তারা যে অমানবিক কর্ম বিরতি করছেন না। শাসকদের বোঝান।"
837166868598090_879418056972757,এটাই তো ভুলে যান আপনারা মাঝে মাঝে!!
837166868598090_839276681313955,এতদিনে টনক নড়লো আপনাদের?
837166868598090_404526909332611,এরকম করলে তো ভালো কিন্তু তার 4সব ভুলে যাবেন।
837166868598090_3818447528434510,Ekdom thik bolechhen sir. Jai Hind.. Kintu apnader kichhu officer seta bhule jaay.
837166868598090_490095200491403,"~ তাহলে এখন থেকে ঘুষ খাওয়া, হাত বাড়িয়ে টাকা নেওয়া বন্ধ করুন। আমরাও আপনাদের সম্মান করব।"
837166868598090_536628752157049,"Amit Chakraborty আমরা না দিলে, ওরাও নেবে না..."
