COMMENT_ID,COMMENT
821026343545476_992496879224799,👍💐Congratulations West Bengal Police👮
821026343545476_1045180420565168,7 months hoye gelo amar phone ta akno palam na kabe dichen tha hole phone ta amake?
821026343545476_3436515366647262,"পুলিশ মানুষ কে সাহায্য করে সুন্দর ভাবে বেঁচে থাকার জন্য,,পুলিশে কর্মরত সবার কথা ভেবে এবং তাদের পরিবারের কথা ভেবে জনগনের উচিত তাদের কে সাহায্য করা।।তাদের সাথে খারাপ আচরণ নয়,,।।
                  জয় হিন্দ ।।"
821026343545476_1635888750309029,Very good
821026343545476_1012714386989635,"1year hoe galo amar ta akhn o pelm na .
Amar phone ta bari theke churi hoechilo ,
Phone ta 2din hoechilo kena ,
Local thanai gd korechilm but akhn o paini...🙂"
821026343545476_500383232726630,Good job❤️❤️
821026343545476_3607981962795610,ভালো কাজ
821026343545476_478420648151223,Find now who needs to be found
821026343545476_1030043938475517,আমাদের থানায় আমি কমপ্লেন করেছি প্রায় চার বছর হয়ে গেছে। এখনো কোনো ফিডব্যাক পাইনি। আবার ইদানিং গড়িয়া থেকে একটি মোবাইল হারিয়ে যায় সেটারও কোন সূরা এখনো পায়নি। তো যাই হোক আপনাদেরকে অনেক শুভেচ্ছা আন্তরিক ভালোবাসা।
821026343545476_813649197629713,"আমার একটা ফোন হারিয়ে গিয়েছে ৮ মাস হয়ে গেল
থানাতে গিয়ে সঙ্গে সঙ্গে ডায়রি করেছি,কিন্তু এখন ও পর্যন্ত কোনো ইনফরমেশন পায়নি"
821026343545476_390717197464036,1 year er besi holo gd korechilam kono khoj pelam na
821026343545476_1352574339037977,"পুলিশ যে ভালো কাজ করে তার ভিডিও তুলে সোশাল মিডিয়া দিতে বলেন নিজ নিজ আইডিতে ,,সব পুলিশ জেলা এবং থানাগুলিতে এতে মানুষ পুলিশের সাথে বেশি যুক্ত হবে ,,অপরাধ কি মানুষ বুঝতে পারবে ,,অন্যায় কমবে ,,পুলিশ সম্পর্কে মানুষের ধারনা আরও ভালো হবে।।বিষয়টি বিবেচনা করবেন দয়া করে,,ভালো থাকুন ও সুস্থ থাকুন সবাই।।
                        ❤️❤️❤️"
821026343545476_1191944578599348,Very good
821026343545476_1676041423174368,Amar Ta pelam na 1year Hoya ga6e
821026343545476_968507531714114,ইস আমার ছেলেরটা যদি পেতাম । পুলিশ কিছুই করলো না । যাক তবু কিছু মানুষ তো ফিরে পেলেন ।
821026343545476_488782177349177,আমি আজ পর্যন্ত কোনো ফোন উদ্ধার হয়ে পাইনি। পকেটমার এর ঘটনাও পুলিশ হারিয়ে গেছে বলে লিখতে বলেছে । বলে কত ঘটনা ঘটছে আপনার ফোন এর পেছনে দৌড়ালে হবে!!! ফোন গেলে আর ফিরে পাবার আশা করাই উচিত নয়।
821026343545476_521173830446928,জয় গুরু।
821026343545476_1215033079529324,"2years theke contact korchi
 by mail  lalbazar r kolkata police 2jaygay mail drop korechilam kono kichui holo na"
821026343545476_482146314793086,2018 e churi hoyechilo...aj o pai ni...😞😞
821026343545476_519916087231443,Egiye Bangla
821026343545476_1058119402500795,খুব সুন্দর কাজ
821026343545476_1440098254048944,"Apnader jaigai Amader moto kichu chele k 7din er jonno police er boro post den. 
Emn dushkriti rapist ra desh chere palabe"
821026343545476_543345368201853,"Amr duto phone gelo,,,ektau pelm na,,,ar pabo na jantam"
821026343545476_475322084865029,Ei gulu valo pre😑🤡
821026343545476_1533845090549370,"আমি ২০২২ সেপ্টেম্বর এ মানিকতলা থানা তে GD করি, আজ অব্দি ফেরত পেলাম না । লোকের মুখে শুনি তারা নাকি ফেরত পেয়েছে । আসলে, আমার মনে হয় ফোন দেখে ফেরত দেওয়া হয় । ভালো ফোন দেখলে আর ফেরত দেওয়া হয় না, বাজে/কম দাম, পুরোনো ফোন গুলোই শুধু ফেরত দেওয়া হয়"
821026343545476_850220277062466,Debarun Chakraborty tab peli ?
821026343545476_465532309812667,"Rita Roy No, sad reacts only."
821026343545476_2763852377118911,এত ফোন চুরি কেনো হয়েছিলো????
821026343545476_353481517702047,ফোন চুরির অভিযোগ জানাতে গেলে তো বলে লিখুন হারিয়ে গেছে।
821026343545476_1068002084989564,🙏👌🙏
821026343545476_486796947549273,😂😂😂😂
821026343545476_514794254432213,Malay Seth
821026343545476_1896057794194281,Soumen Sarkar vai only amr tai pawa galo na 🥲🥲
821026343545476_7944436918943697,"Salute 🫡 
West bengal Police"
821026343545476_1034672544970509,"2023সালে 27শে জানুয়ারি আমার ফোনটা চুরি হয়েছিল জিডি করেছিলাম,একবছর সাতমাস হয়ে গেলো আমার চুরি যাওয়া ফোনটা আর ফিরে পেলাম না।"
821026343545476_1239591430814540,"আমি যতজনের ফোন হারাতে দেখেছি, পুলিশের মাধ্যমে কেউ ফেরত পায়নি তাদের ফোন।
   তাহলে কোন ফোনগুলো হারালে কিভাবে খুঁজে পাওয়া যায়! 🤔"
821026343545476_845886900585218,Rubel ঠিক কথা। আমি আসে পাশেও কখনও শুনিনি পেয়েছে। এগুলো কোন ফোন ??!! করা পায় !!!
821026343545476_885700813410726,Rubel chok ache dekhe jan
821026343545476_1727319431138969,"Amr bondhur ph hariye gechhilo....
Police khuje diyechhe.... Thank you 😊 🙏🏾 

Kintu 2000 keno nilen?"
821026343545476_1685093872304695,Police kaku amader phone ta churi holo ta report kore 2-3 year hoye galo akhono palam na 🙂
821026343545476_1535870573682128,"এটা তো পুলিশের কাজ, এই জন্য আর অনেক কিছুর জন্য বেতন পায়। সেটা আবার ছবি তুলে দেখানোর কি হয়েছে! আমরা তো ইঞ্জেকশন দেওয়ার সময় ছবি তুলে দেখাই না, যে দেখো ভাই কাজ করছি! 😒"
821026343545476_3792872024294612,"হয়তো, সেই হারিয়ে যাওয়া মানুষ টাও ফিরে আসতো আপনাদের হাত ধরে।"
821026343545476_1282785839798928,"মেয়ের বিয়ের জন্য লোন নেবো ভেবেছিলাম সেই লোনের চক্ররে আমার 40 হাজার টাকা মেরে দিলো কাটোয়া থানায় কেশ করলাম,,  দ্বিতীয় বার থানায় খোঁজ নিতে গেছি বলে পুলিশ বললো এটা কি মুদিখানা দোকান নাকি ,, যে আবার এসেছো ,, ঠিক ফোন করে ডাকা হবে তখন আসবে ,, আজ ও ফোন করছে"
821026343545476_1494224521453590,"https://www.facebook.com/share/2eijaBq32UK6Rda7/?mibextid=oFDknk
এভাবে পুলিশ আইন ভাঙলে ছাড় কেন?  আমাদের ক্ষেত্রে হলে ফাইন হয়।"
821026343545476_502235749172693,"ওয়েস্টবেঙ্গল পুলিশ কে আমার অনুরোধ আপনারা কি সত্যি পুলিশ না, অন্য কিছু আপনারা তো সব আগে থেকে জানতে পারেন তো চার মাস পেরিয়ে গেলো আমার একটা বাইক চুরি হচ্ছে পশ্চিম মেদিনীপুর এর শালবনি থেকে কোই সেটা তো আজও শালবনি থানার পুলিশ বের করতে পারলো না সব থেকে হাস্যকর বেপার হলো যে বাইক টা চুরি করে নিয়ে গেছে সেটা পুলিশ জানে তাও বের করতে পারছে না কেন। সব জানার পরেও পুলিশ হাতে চুরি পরে আছে নাকি। পারলে কমেন্ট এর রিপ্লাই দিবেন না হলে পুলিশ পরিচয় টা দিবেন না"
821026343545476_862841442577408,কিন্তু চুরি যাওয়া ফোনের ডাইরি নেওয়া সংবিধান বিরোধী কেন? ঢ্যামনামু।
821026343545476_430708675991145,https://www.facebook.com/share/r/VBLsMjdVTomFLEMJ/?mibextid=oFDknk রাস্তার ফুটফাতে মলম বিক্রির জন্য আমার এসিস্টেন্ট হিসাবে এই মাল টাকে দরকার।
821026343545476_1051004876605379,"মোবাইল নই, দোষী দের ধরুন, সেটার তো ওকাত নেই, নিকর্মা West Bengal Police 🥱"
821026343545476_492335033591950,"মোবাইল চুরি হলে আপনারা has been stolen কে has lost লিখতে বলেন কেন?এটা কি ব্যারাকপুর ট্রেনিং অ্যাকাডেমিতে আপনাদের শেখানো হয়?

ও ভালো কথা সুপ্রিম কোর্টের কোনোও ইনস্ট্রাকশন আছে FIR নেওয়ার বিষয়ে? জানিওতো।"
821026343545476_402082132488793,Churi poren apnara
821026343545476_856382596405795,পশ্চিমবঙ্গ পুলিশ মোবাইল চুরি ধরা টা দেখি ভালো করে ধরে।। বাকি সব চুরির কেস সিবিআই ইডি ধরে।।।
821026343545476_320312471111680,"আপনাদের হারানো সম্মান ফেরানোর ব্যবস্থাটা করুন , কাজে দেবে"
821026343545476_463708409970001,আগে আপনাদের হারানো সম্মান টা পুনরুদ্ধার করুন
821026343545476_1918788031928460,আবার কমেন্ট ডিলিট করে কুচুপুচু একটা😆
821026343545476_1680656986031558,মৌমতি তার হত্যার বিচার চাই। আপনার কী করছেন😡😡
821026343545476_7631501970288476,egulo facebook e post e manai bastobe na
821026343545476_898554165632051,"https://www.facebook.com/share/v/KWMNaCXhKynmXDmy/?mibextid=D5vuiz

@highlight West Bengal Police"
821026343545476_1204778953901606,Rastai dariye bina karone fine korche..aar rough drive korche jara tader kono fine hoi nah..
