,Unnamed: 0,POST_ID,CAPTION,REACTION_COUNT,COMMENT_COUNT
0,0,692583847600758_821389876842456,"দুই প্রধানের শান্তিপূর্ণ জমায়েতে আজ যারা অস্ত্র-বোমা নিয়ে অশান্তির ছক কষেছিল 

আজ যুবভারতী ক্রীড়াঙ্গনে ইস্টবেঙ্গল-মোহনবাগানের সমর্থকদের শান্তিপূর্ণ প্রতিবাদ-জমায়েতে অস্ত্র-বোমা নিয়ে অশান্তির ছক কষেছিল কিছু দুষ্কৃতি। উদ্দেশ্য, সমর্থকদের বদনাম করা। গোপন সূত্রে এ বিষয়ে কিছু অডিও-রেকর্ডিং আমাদের হাতে আসে। যার ভিত্তিতে আমরা দু'জনকে গ্রেফতার করেছি। মানিকতলার বাগমারির রাকেশ পাল এবং ব্যারাকপুরের শেখ সলমন। শান্তিপূর্ণ আন্দোলনকে অশান্ত করার এই হীন প্রয়াসের বিরুদ্ধে আমরা প্রয়োজনীয় আইনি ব্যবস্থা নিচ্ছি।",3569,735
1,1,692583847600758_821206216860822,"যুবভারতীর শান্তিপূর্ণ জমায়েতে দুষ্কৃতিদের অস্ত্র-বোমা নিয়ে তাণ্ডবের ছক, ধৃত ২ 

যুবভারতী ক্রীড়াঙ্গনে দুই প্রধানের সমর্থকদের শান্তিপূর্ণ প্রতিবাদ-জমায়েতে অস্ত্র এবং বোমা নিয়ে একদল দুষ্কৃতির অশান্তি এবং বিশৃঙ্খলার ছক! শুনুন বিধাননগর পুলিশের প্রেস বিবৃতি এবং দুষ্কৃতিদের অশান্তির ছকের অডিও রেকর্ডিং। সমর্থকদের এবং সাধারণ মানুষের নিরাপত্তার কথা মাথায় রেখেই স্টেডিয়াম চত্বরে জারি করা হয়েছে ভারতীয় নাগরিক সুরক্ষা সংহিতার ১৬৩ ধারা। শান্তিপূর্ণ প্রতিবাদে হস্তক্ষেপের কোনও প্রশ্ন নেই। কিন্তু দুই প্রধানের সমর্থকদের সবিনয় অনুরোধ, সতর্ক থাকুন, পরিস্থিতির সুযোগ নিয়ে দুষ্কৃতিরা যেন অশান্তি না করতে পারে। লাল হলুদ এবং সবুজ মেরুন আমাদের সবার আবেগ, দুই প্রধানের সমর্থকরা আমাদের গর্ব। সেই আবেগকে ব্যবহার করে যাতে কিছু দুষ্কৃতি অশান্তি না বাধাতে পারে,সতর্ক থাকুন। আমরাও সতর্ক আছি। অডিওতে যাদের কথা শোনা যাচ্ছে, তাদের আমরা গ্রেফতার করেছি।",2017,332
2,2,692583847600758_821026343545476,"হারানো ফোন ফিরে পাওয়া 

চুরি যাওয়া বা হারিয়ে ফেলা মোবাইল ফোন উদ্ধারের বিষয়ে রাজ্যের বিভিন্ন জেলার থানার পুলিশ কর্মীরা ,গোয়েন্দা দফতর এবং সাইবার থানাগুলি সক্রিয় থাকে বছরভর। সব ফোন যে উদ্ধার করে ফিরিয়ে দিতে পারি, এমন নয়। কিন্তু চেষ্টা থাকে আন্তরিক। ফলও মেলে পরিশ্রমের। উদ্ধার করতে পারলে ফোনের মালিককে ফোন ফিরিয়ে দিই আমরা যত দ্রুত সম্ভব। গত কয়েক দিনে উদ্ধার হয়েছে ২০৭৫টি খোওয়া যাওয়া ফোন। যা তুলে দেওয়া হয়েছে ফোনের মালিকের হাতে। রইল তার কিছু মূহুর্তের ছবি।",763,58
