COMMENT_ID,COMMENT
816510033997107_1033762064349193,"We are available on YouTube too. Please visit-
www.youtube.com/@westbengalpoliceofficial"
816510033997107_1019296353325430,West Bengal Police আগে এডমিন কে দেখান তাহলে ভিজিট করবো।😴
816510033997107_467329266132625,West Bengal Police cyber hacking এর ফলে যে টাকা গুলো চুরি হয় টা পাওয়া যায় আদৌ ?????
816510033997107_1213273709700097,আমার খুব জানতে ইচ্ছা করে যে ওয়েস্ট বেঙ্গল পুলিশের এই পেজটা কি কোন কমেডিয়ান চালায় আর না হলে কে এইরকম ভাবে প্রচার করে। মানে মাঝে মাঝে তো হাসতে হাসতে পাগল হয়ে যেতে হয়।
816510033997107_1233218981185253,Indrajit Basak dada apnar ki mone hochha ata fake side? Jodi mone hoi tahole report korun.admin er sathe dekha kore admin ki apna k award debe? Respect alwys admin and department like a good citizen of our state.say WBP hats off 🙏❤️🇮🇳
816510033997107_1043856870669093,"West Bengal Police পাসওয়ার্ড তো অনেক কিছুরই হয়। কিসের পাসওয়ার্ড এর কথা বলতে চাইছেন আপনারা ?? সেটা বলবেন তো, ফেসবুকের নাকি ফ্রি ফায়ার গেম এর, নাকি জিমেইলের কোনটা ???"
816510033997107_1042296910590988,"West Bengal Police Check Rajasthan Govt mail access Screenshot proof

https://www.facebook.com/100085366321301/posts/468474969341377/?mibextid=rS40aB7S9Ucbxw6v"
816510033997107_26602623086051127,"West Bengal Police For more

https://t.me/systemadminbd"
816510033997107_8251566228198900,West Bengal Police ki hobe ei sob post kore jekhane ekta meye ei state e safe noi sekhane strong password বিলাসিতা matro
816510033997107_448371807662992,"West Bengal Police lojja koro admin! Ekta meye k erom bhbe murder kora holo, seta niye kono bichar nei, state er head manush er jibon er daam lagacche, criminal abar chakri pacche Shastho Bhaban a sekhane abar cyber security r post korchen! Dhikkar apnader moton organization k! Sudhu paa r pod e chete gelen!"
816510033997107_1165268658038930,"West Bengal Police Full Movie
 https://bit.ly/4e31yCZ"
816510033997107_1078242150580531,West Bengal Police https://sites.google.com/view/full-movie-link5/home
816510033997107_1219892069327216,"যাই বলে না তাই বলেন ওয়েস্ট বেঙ্গল পুলিশ কিন্তু মাঝে মাঝে রসিকতার ভিডিও পোস্ট করে খুব ভালো লাগে দেখতে😊😊
তবে এর মধ্যে কিছু শিক্ষনীয় ব্যাপারগুলো থাকে 😊😊 West Bengal Police  welcome"
816510033997107_352920484562262,"Tahir Jaman dada police k onekei vul val bole but police o to manus.bari ghor bou bachha baba ma family sobai k dure rekhe,festival bole kono jinis nei police er life a.public k valobasa(honest ,good public),safety deoa primary duty..sotti khube proud feel kori ei service tar akta part hoar jonno.10 years completed amar already.
I am proud for our West Bengal Police department,Hats off all SENIOUR officers ,all forces.❤️u a lot WBP."
816510033997107_866123078769018,Arindam Ghosh ❤️❤️❤️❤️❤️❤️❤️
816510033997107_1630355717815940,Amazing scenes of humar who is hadaling this page. Keep up the amazing work ❤️ best wishes for your future.
816510033997107_517637627300383,I want to meet the content creator.... Salute 🙏❤️
816510033997107_441848072161524,It's one of my favourite movies...
816510033997107_388150117268292,Mayuri Ghosh name please
816510033997107_1254648129230764,Shahzad Ahmad dhamaal
816510033997107_1062554118626406,হাসির খোরাক হলেও জ্ঞানার্জনের বিষয় বিদ্যমান
816510033997107_1075851454260923,ওয়েস্ট বেঙ্গল পুলিশের জয় হোক 😁😂
816510033997107_1031876395316871,Do some work.
816510033997107_1153097132428800,West Bengal police সেরা😁
816510033997107_987787639754922,What a example
816510033997107_865123291803342,Wow what a beautiful example! Mind blowing
816510033997107_1166149231269062,West Bengal police 🚨🚓🙂
816510033997107_369807262823099,WB police rock hacker's are shocked
816510033997107_997626045425176,Innovative concept all times 👍
816510033997107_945137930749606,Good concept ...
816510033997107_872980058050361,"Yes , very much useful...entertaining and educational..both"
816510033997107_357303234087584,No way officers there is hydra brute force
816510033997107_507244615216293,Very good
816510033997107_1021283339672728,That's great example 🤣🤣🤣
816510033997107_380839358390017,"Lovely Queen Full Movie Watch & Download Link
https://rb.gy/qjqy1b?3003"
816510033997107_849120810531121,aa security gate to amr create kora🤟
816510033997107_967487241845734,MD Biddut Sarkar https://communicatedsuitcompartment.com/avyk53itk?key=8080b5c518a63f9910fd5df1a735c84009z
816510033997107_3747379408818577,"Password change every two weeks 😜,
next level example 👍"
816510033997107_1285901155708688,Khairul Sk KhanKhairul Sk Khan what if which password you set is the password the hacker gonna input next...🙂
816510033997107_516757314221770,Example গুলো অসাধারণ হয় সবসময় 👍🤣🤣🙏🙏
816510033997107_1592870108299881,best example 👍🏻👍🏻
816510033997107_1259310171718918,What a thought 🤔🤔🤔
816510033997107_1022737879015755,Excellent example
816510033997107_388538837228673,now this is next level! 🤣🤣🤣
816510033997107_2326582257703940,This is just next level
816510033997107_383440291162373,Is there any application form.. for Meme creation..
816510033997107_2596170637258048,Without otp also hackers hacking now a days 😭
816510033997107_1017356513193455,"হাসতে হাসতে পেটে খিল ধরে গেল। 
দয়া করে আর হাসাবেন না পুলিশ বাবু 🤣🥲😊🇮🇳"
816510033997107_2199902513713522,Great job 👍
816510033997107_1055892359447349,movie name
816510033997107_1162326051658875,Sa Di A dhamaal
816510033997107_800185568673917,"স্যার আপনাদের পায়ের ধুলো পাওয়া যাবে একটু 
 আমাদের পশ্চিমবঙ্গের এই অবস্থার জন্য আপনারা ও কম দায়ী নয়"
816510033997107_810793131219848,What a example🫡
816510033997107_800086932328339,Thanku so much sir
816510033997107_1018318639842925,Use strong passwords
816510033997107_323699637400245,মাঝে মাঝে সাইবার হ্যাকের থেকে সাবধান করার জন্যে কিছু সতর্ক বার্তা ভিডিও ছাড়া উচিত। কারণ যে হারে আজকাল সোস্যাল মিডিয়া ব্যবহার করে মানুষ যে তার কিছু ক্ষ্যাল থাকেনা জয় হিন্দ
816510033997107_474954221995578,This page literally rocks in every content 🚩🚩🚩
816510033997107_1170517210734350,Level 😂
816510033997107_1540863630119736,I want to see the admin😆
816510033997107_27001128112834529,Vivek S me too 😂😂
816510033997107_725657229676673,Movie name: Dhamaal(2007)
816510033997107_532297233077815,🤣🤣🤣😂😂 favourite movies
816510033997107_1027389845272402,very nice video
816510033997107_493800670206156,Sooo funny
816510033997107_477708425219987,I am watching this movie🤣🤣🤣
816510033997107_1749583682242178,Movie name?
816510033997107_476949291640638,Jaber H. Simanto dhamaal
816510033997107_3819938328251307,অ্যাডমিনকে স্যালুট!
816510033997107_1246981040056237,"Partha Protim Sarkerদা
মনে আছে ২০১৭ সালে, তুমার ল্যাপটপ এ দেখাইছিলা, আমি হিন্দি বুঝতাম না,, তুমি মুভি থামাইয়া বাংলা বলেদিতা 😆😆"
816510033997107_2897271707078308,Sera video 🤣🤣🤣🤣🤣
816510033997107_3510050579140649,Hackers পাসওয়ার্ড ট্রাই করে।
816510033997107_1553075962256668,"Darun diyechen😂😂
The best teaching method Edutainment (Education+ Entertainment)"
816510033997107_1035100748109687,funny but knowledgeable 👍🏻
816510033997107_3514295132194004,"Thanks sir 😂
 nice concept"
816510033997107_477018058631732,Pro try again by a strong password
816510033997107_1413527619283325,আতংক ক্যা দুছরা নাম বাবু ভাই😁
816510033997107_1262651198072087,West Bengal Police never disappoint us in term of awareness ads 😁✌️😍
816510033997107_1063396612067945,Md Siam use strong
816510033997107_1054602689713349,বিশ্বাস নেই
816510033997107_438101202563107,West Bengal Police  are super creative
816510033997107_481874958113382,Very nice post..
816510033997107_1670810217074116,ভীষণ সুন্দর মতামত ।।
816510033997107_742463391296975,"একটা সময় সিলো বান্ধবীদের সাথে ছবিটা দেখসিলাম,, হাসতে হাসতে কোইডাই গড়াগড়ি খেয়েছি,,"
816510033997107_419392264478473,দারুন স্যার।😂
816510033997107_1156570418976320,"https://www.instagram.com/reel/C_D2B1fy8MZ/?igsh=d2U0Y3ViamJpcTlw
এটার meme post koren sir"
816510033997107_514784544427054,ধা  মা  ল 🤣
816510033997107_1576114650004240,হা
816510033997107_471053782432415,স্যার এইসব না করে আসল ধর্ষককে ধরে বিচার টা তো করতেই পারেন 😥🥹
816510033997107_810270064625006,W..🥰.movie... GREAT movies 🥰
816510033997107_892881809524332,West Bengal Police you guys are too much creative 🤣 hats off to you 🤣
816510033997107_1000823791528556,Wb police er admin ke achen plz ekbar dekhte chai apnar mukh ta
816510033997107_1164008188160691,পশ্চিম বাংলার পুলিশের  এই অনলাইন টিম সেরা🫰
816510033997107_1911401699326870,MD Rasel Rana  he o olan hacker
816510033997107_1152633232633268,Raju Rahman ow dk he kita koy
816510033997107_812573397751767,MD Rasel Rana bondure ikano dakos kene
816510033997107_8134911926622401,Admin 👍😂
816510033997107_831333425795451,"Repiest dhorbo ❌
থানায় বসে মিম বানাবো ✅"
816510033997107_903988641567314,দারুন উদাহরণ
816510033997107_1034444754800381,ক্রিয়েটারের এক বস্তা পায়ের ধুলো পাওয়া যাবে?
816510033997107_795241659484688,Editor ke respect++
816510033997107_1015061686945313,রোস্টার যখন পরিবারের চাপে পুলিশ যোগদান করে 🫤
816510033997107_1079136867553712,Amar Learners test DAOAR AGAY face  kno hochha na W.B.P 💐 SOKAL HOITA 28 BAR TRY KORLAN
816510033997107_1071069407995133,Sangatik mem ar madhome sangatik barta WB police salute 🫡😀
816510033997107_2934861626652681,My favorite movie 😍
816510033997107_489639797109591,পুলিশ যদি এরকম হয় তাহলে আর কি লাগে! বিনোদনে ভরপুর 😃
816510033997107_389497313842200,West Bengal police er editor mone hoi age meme lover chilo 😁😁😅😅
816510033997107_3680589708874250,Mere bhaiya ko bolo mujhe unse Milana hai ram ko ghar per rok kar rakhe Ho
816510033997107_1063753355461936,Admin 🫡
816510033997107_26327921333518594,Admit ko 21 topu ki salami😂 kiya memes bana ta bhai😹👌🏻
816510033997107_1027839292460878,আমাদের দূর্ভাগ্য যে আমাদের দেশে একটাই রামমোহন একটাই বিদ্যাসাগর   তাদের সংখ্যা যদি বেশি থাকতো তাহলে আমাদের দেশের এই অবস্থা হতো না
816510033997107_1017095543534831,"MD Naimul Islam
She made you caught  like that😅"
816510033997107_2636186779920232,Shakil Chowdhury My HSC exam🤣
816510033997107_1154758775589423,"Police o bondhutto r thatta koren?

Ami toh police k hoi rude dekhechi r nahole tension a dekhechi 😔

Manusher pashe bondhur moto thakle rude behaviour na kore maximum problems solve hoa jay"
816510033997107_26310800841868179,দারুণ হয়েছে তো
816510033997107_463390546518378,Hehehehhe 😂😂
816510033997107_871559401489605,Darun
816510033997107_521087093772693,Darun ata. 😀😀😀
816510033997107_1593437011213088,my life ⛈️
816510033997107_816932426947069,সেরা🔥😂
816510033997107_516755404364785,"সত্যি কথা বলতে কী
একবার দুইবার ঠিক আছে
কিন্তু আপনারা যদি এমন ভাবেই মানুষ কে বোঝাতে থাকেন তাহলে আর পরের জেনারেশন ভয় বা আপনাদের Value টা কি সেটা বুঝতে পারবে না।
কিছু ভুল বলে থাকলে ক্ষমা করবেন 🙏"
816510033997107_2442933992582692,Wah wah
816510033997107_473904655408198,Darun
816510033997107_1879912835848164,সব AI 🙁
816510033997107_1139511353806028,সালমান আর আনিসুল
816510033997107_1581208599419691,Darun 😃😃
816510033997107_479457091505050,Hahaha 😅! Atank ka dusra naam babu bhai 🤣
816510033997107_480536748024412,Admin 🤸🏾‍♂️
816510033997107_1211092760082590,"আরে এটা তো আমার পাসওয়ার্ড 123456s 
হালার আমার পাসওয়ার্ড যে ভাইরাল হয়ে গেল!🥹🥹"
816510033997107_485291357471737,Vaire vai movie ta dekhle hashte hashte moiraw jaite paren🤣
816510033997107_1511607209475137,"Age WB police er chap chilo ,r ekhon Kolkata police er,le halua"
816510033997107_482422104421533,Alert karne ka tarika thoda casual hai. Using meme 🙂
816510033997107_467304829399319,🫡🫡🫡Admin
816510033997107_846086060979156,Valo valo apnara bes advertisements gulo den 😀
816510033997107_825079463060089,Je jemon tar chinta vabna temon
816510033997107_1417945862158972,Admin sir ❤️❤️
816510033997107_1033671641697489,Lagta hai follow karna padega🤣
816510033997107_893996245907882,Password k v Zim m vejna hoga😁nice Idea
816510033997107_902918988402834,Vah bhai kya seen hai
816510033997107_1628872781014631,মুভিটা ধারুন ছিলো
816510033997107_382975067923073,Ashob ki
816510033997107_26636083929368806,Kiya scene hai 🥴
816510033997107_480811521367203,Ksm se bohot bahtreen banda operate kr rha hai 😂
816510033997107_923822766247323,Every Saturday Sunday....woh bhi kya din thhey
816510033997107_1541140336814731,MD Rishab mama.😄
816510033997107_505224975479632,Ki bujailo😆
816510033997107_525329483272257,Meme tai valo banate paro 🙂
816510033997107_804360078574154,"Hmm hacker to bechara hack korbei 
Apni sabdhane thakben....."
816510033997107_372696042537630,hmmm
816510033997107_1037715794653185,মজার ছিলো!
816510033997107_1082944613167450,My most watches movie
816510033997107_3748957911986109,"Cyber Crime এর জন্য Information Technology act 2000 এ FIR করা হয়েছে, 26.06.24. under Uttarpara PS, Hooghly. কিন্তু কোন update নেই।"
816510033997107_2846974698794281,Satabdi Dakua Bristi Biswas amr password jano to tomra😂
816510033997107_471507069040147,শর্মিষ্ঠা শর্মি আপাতত মোরটাও তুই জানো।🙂
816510033997107_2403400189859362,I would like to meet the admin personally.
816510033997107_488036907358701,ঠিক West Bengal Police এর মত
816510033997107_848144837417008,ফলো দিলে ইনশাআল্লাহ্ সবাইকে ফলো ব্যাক করবো Johura's recipe & vlogz
816510033997107_1189507265709494,ও ভাই
816510033997107_1547241919477161,"Nijera jokhon meme banao, tokhon onne der o meme bananor sadhinota dao"
816510033997107_428951766242048,সাদিকা সুলতানা বলে দেই?
816510033997107_1233602734440214,Jahan Bithi নাআআআআআ
816510033997107_501103812499608,খুব ভালো লাগলো ধন্যবাদ।
816510033997107_485925150810953,Pronab Choudhury 🙂🙂🙂
816510033997107_516249934151588,Wasim Akram bai🫠
816510033997107_908855734412767,Redwan Rahman Fahim amrar password 😆😆😆
816510033997107_846167607139448,No password No Tension...
816510033997107_475137825428255,অ্যাডমিন কে দেখতে চাই 😂😂😂
816510033997107_1327970288607890,Oh lovely ❤️
816510033997107_1233318601133747,Movie next part ta dilo naa j....... Hacker der murgi baniye ritesh palabe
816510033997107_1212084766780394,ইন্টেলিজেন্ট পুলিশ
816510033997107_862952905745986,wah keya seen hai😅
816510033997107_527756063001195,Valoi milce🤣🤣
816510033997107_1403162723684926,#jueticeformoumitha
816510033997107_1150635406235696,Somnath Dasmandal
816510033997107_517559147504808,"#perfection
🤣🤣🙏"
816510033997107_832062265368795,Tufeyal Ahmed Emon
816510033997107_347773671736350,Ma Hi R
816510033997107_7904280856360122,@highlight
816510033997107_1043555597774505,Md: Forhad
816510033997107_2302079980131169,Irfan Malik
816510033997107_702803265344329,Sujon Debnath
816510033997107_2177779549252321,MH Mahim
816510033997107_1656477921871763,Al Mamun
816510033997107_1142785243682078,এম. এস. মুনতাসির best😍
816510033997107_1172919553927082,Bivas Mondal
816510033997107_1282321643110373,Maliha Anjum
816510033997107_1050670906696762,Pritam Sengupta
816510033997107_468423712781067,Subhra Biswas
816510033997107_372442825898342,Akash Modak Jeet Saha
816510033997107_388289420641536,🤣🤣🤣🤣
816510033997107_487696480687780,Xihad Imran
816510033997107_1072656104194780,Md Mostafa Kamal
816510033997107_520642270530134,Iśhâň C
816510033997107_1027875205561481,
816510033997107_481648411490638,Mđ Îbŕăhìm Ķhãľįł
816510033997107_1046724359633395,Lokman Hossain 😂😆
816510033997107_1029796128540693,Marufa Akter
816510033997107_983219076937786,Mehe Raj
816510033997107_1429294724448547,Nighat Jannat
816510033997107_3832264223725456,
816510033997107_411759768118430,Ha Sib Hasan Ahmed Siyam
816510033997107_868629048649215,
816510033997107_384624731326160,Gopal Gain
816510033997107_2747894645387927,Akash Ahommed
816510033997107_404171946032546,Md Roky v
816510033997107_911254004160362,Md Zahidul Islam 😂
816510033997107_2833899296748191,Afroza Afrin
816510033997107_8739551556073902,Snehomoy Mondal
816510033997107_520197757172502,Subham Das
816510033997107_3278388465789225,Merazul Islam Toha
816510033997107_808491168097312,Banibrata Mandal
816510033997107_366776956471711,Soubhik
816510033997107_1480959792538090,AB Hussain 😃
816510033997107_2526593390862850,Mahadi Hasan
816510033997107_1021765806278339,Tarik Azad
816510033997107_2580736705431265,Kazi Tamim Islam strong pass 🤣
816510033997107_1874371689739666,Utpal Mondal
816510033997107_516561044090853,Zawad Shahriar
816510033997107_3787664451482431,Al Shahriar Hasan
816510033997107_484842267686615,MD Sawon
816510033997107_422073884174514,Maruf Ahmed 😁😁😁
816510033997107_1026726665498390,Shimanto Biswas
816510033997107_2060573514338718,Sumonto Biswas Joy lagta hai chala Gaya 🤷
816510033997107_426222776441396,শুভ জয় Debiprosad Ghosh 🤣
816510033997107_1017494952951446,Abdul Hannan
816510033997107_447993911592861,
816510033997107_1500621070817184,Bakhtiar Mahmud Shuvo
816510033997107_8216647655048098,Asraful Sheikh
816510033997107_324233960679458,Faizan Ahmed
816510033997107_470461872530980,RZ Rifat
816510033997107_1735259737279204,
816510033997107_1025932502875012,Rayham Parvez
816510033997107_830306085747675,Mampi Mishra 😬
816510033997107_468648456080728,Gourab Ghatak
816510033997107_519285027311976,Tanjin Labonno 🤣🤣
816510033997107_2615626821943770,Sayeem Ahmad Siam Foysol Ahmed Ariful Haque Jalalabadi
816510033997107_516056910829005,Maksud Haque I’m tho obak 😇
816510033997107_1021225749793317,Aditi Halder 🥴
816510033997107_492068470091668,100%🤭😁
816510033997107_1014729366875571,Tasin Mahmud Jehad 🤣
816510033997107_1003241117933613,Sabari Patra Zenyah La Divina 😂
816510033997107_1033080761562677,
816510033997107_837156258482920,Angel Eva
816510033997107_798835069085088,Tanisha M.
816510033997107_1431674981555109,Li Zâ 🥲
816510033997107_1978331905940214,Soham Chakraborty অ ত নু 🙂
816510033997107_486472887508796,Mamun Rana 😂
816510033997107_1724852021386364,@highlight
816510033997107_438893322470299,Samyajit Sengupta 🤣🤣🤣🤣🤣
816510033997107_1051496226501897,Mellisa Kartowikromo 🥲
816510033997107_1071653394508034,Rajiv Ramsing https://communicatedsuitcompartment.com/avyk53itk?key=8080b5c518a63f9910fd5df1a735c84009z
816510033997107_916058523887722,Samira Tasnim Trina 🤣
816510033997107_1961179664351562,Tauhida Islam https://communicatedsuitcompartment.com/avyk53itk?key=8080b5c518a63f9910fd5df1a735c84009z
816510033997107_2146644929055762,MD RA FI 😁😁😁
816510033997107_1553805945533875,MD Shefat https://communicatedsuitcompartment.com/avyk53itk?key=8080b5c518a63f9910fd5df1a735c84009z
816510033997107_512900131132288,West Bengal Police 🤘🤘🤘
816510033997107_395572160305120,🫡
816510033997107_754622286690643,😀
816510033997107_1036531691807090,😂🤭
816510033997107_1067523905031746,🤣🤣🤣🤣🤣
816510033997107_908821214387544,😂
816510033997107_513171367758665,🇳🇪🙏
816510033997107_351110778052313,😂😂
816510033997107_1146810729732885,😂😂😂
816510033997107_8385041301541040,🤭🤭👌🏻👌🏻
816510033997107_524176710061573,🤣
816510033997107_1184638252658015,👌👌👌❤
816510033997107_1509939233216760,🙂🙂
816510033997107_1658057985037622,😂😂😂😂
816510033997107_479395061726480,🤣🤣🤣
816510033997107_2285171675170937,🤣🤣🤣🤣
816510033997107_2215134395533983,🤣😂
816510033997107_1490105029048546,🤣🤣🤣
816510033997107_1036393524861701,😁😂👌🏾👌🏾
816510033997107_515432824264495,🤣
816510033997107_1018735629747381,😆😆😆🤣🤣
816510033997107_1538365320392153,😂
816510033997107_838378981599602,🤣🤣
816510033997107_550651260671028,🥲🥲
816510033997107_305607655975033,🤣🤣🤣
816510033997107_1243728663320558,💀
816510033997107_8179607065410712,😂😂😂😂
816510033997107_860681829456166,😂😂😂😂
816510033997107_503137435410297,🤣🤣🤣
816510033997107_1497462401132351,🤣🤣
816510033997107_515653457661438,🤣🤣
816510033997107_549104614125014,😂😂
816510033997107_845709287493060,😂😂
816510033997107_3042003182606206,🤣🤣🤣
816510033997107_501698459475064,😂
816510033997107_874310091276731,🤣🤣
816510033997107_515006661214578,😁😁😁
816510033997107_378856064972839,🤣🤣🤣🤣
816510033997107_1139067433829527,😁😁😁
816510033997107_8220246724702963,😆😆
816510033997107_2005534053224319,🤣🤣🤣
816510033997107_847432577343370,🥴
816510033997107_377943738526543,🤣😂
816510033997107_1186523502631342,😅😅😅😅
816510033997107_1907890063050486,😂😂😂😂
816510033997107_410110221570010,😂👌👍
816510033997107_447925048245700,🤣
816510033997107_523809836655470,😂
816510033997107_861547178726851,🤣🤣🤣
816510033997107_479113501715958,😂😂😂
816510033997107_1063926741834030,🤣🤣🤣
816510033997107_960571149172282,🤣
816510033997107_1402860110396554,
816510033997107_1542228756397475,🤣
816510033997107_471287279109269,😂
816510033997107_1021096199163886,Bunty Hazari
816510033997107_2122846288112081,@highlight
816510033997107_1462894511026153,Pushan Palit Surajit Bose 🥴
816510033997107_506211811808194,👏🏻👏🏻👏🏻
816510033997107_295071300331441,😂😂😘
816510033997107_868843275345849,🤣🤣🤣
816510033997107_384276458032574,😆😆
816510033997107_849349980594131,"It's 2024, no one use this type of password."
816510033997107_834728038792559,I want to see the admin of the police.🤣😁
816510033997107_1175478820332924,ওয়েস্ট বেঙ্গল পুলিশের জয় হোক 😁😂🤣
816510033997107_2096369627401676,ওয়েস্ট বেঙ্গল পুলিশের জয় হোক 😁😂
816510033997107_1918796571962906,west bengal police day by day 💀
816510033997107_528003562887882,ইতনা আচ্ছা চেতাবনি 🙃
816510033997107_1935994843508477,"West Bengal police content creator hire krche!!! 
Just tell me where to send cv💁‍♀️"
816510033997107_1452296052830917,Nice
816510033997107_3828616824130909,"Niloy Khan Arfat
Abdul Al Mamun
Sazzad Hosen
Mohammad Saifuddin
Sukail Mahmud AL Zidan
Kaimur Rahman Kaspy
Smart police🙄"
816510033997107_26680992211492104,Rakayat Hasan Rakib Fahmid Hasan Muhammad Kaif passward??
816510033997107_414233148332243,How can you guys reveal my password like this 😑12345678
816510033997107_1022128119199091,This seen 🤣🤣🤣
816510033997107_1173412020380648,This is.power of cyber community
816510033997107_1313244606751309,Creativity level 💯
816510033997107_3866052410337296,Admin sir😂
816510033997107_1998983180560976,Real smart campaigns
816510033997107_1456323888363348,Admin is a legend
816510033997107_2189303264804382,Ei content creator k salute.
816510033997107_1055614482598418,Super
816510033997107_904768681476450,Admin is a Genius 😆
816510033997107_1505701783639997,Exactly Right 👍👍👍👍
816510033997107_7972068756219319,Yes
816510033997107_3249011685235765,Super 😊
816510033997107_1029206105455988,Keya example 🙂
816510033997107_518736960518914,Dhamal
816510033997107_1051735496470111,Dhamal movesd
816510033997107_1465606384147309,Very meaningfull post
816510033997107_474364935526521,Super
816510033997107_3711956645695866,Right Right 😂
816510033997107_479507068218290,Best intern 🤣🤣
816510033997107_1230310208144880,"creator need ""Bharti"" Award 😆😆"
816510033997107_1477873792839779,Many Many thanks
816510033997107_3875116279376602,"Respect Admin🫡
WBP always op, 🤫✅"
816510033997107_861329425505601,Epic
816510033997107_1479937622890049,Ahmed Monirul H. Ruhani you
816510033997107_348046951693646,Epic!
816510033997107_8307855579270868,Okay 😊
816510033997107_8280489598640284,http://dwightcontributor.clicksocialimg.top/myoah9x
816510033997107_1659087011535596,😹😹
816510033997107_3752157514999112,কেমন দিচ্ছে বাঙ্গালি হ্যাকাররা🥱 দাদারা আর লাগতে এসো না @highlight
816510033997107_1280210546691692,ইন্ডিয়ার মাকে চু 🖕
816510033997107_1506063360116530,"এই সব না নাটক করে ,,,, যেটা করার সেটা করুন ।"
816510033997107_807614074866747,Page thekeo vloi income hocche 🐸
816510033997107_1312663153452440,"Logic:
হ্যাকার তো হ্যাক করবেই
তুমি পাসওয়ার্ড শক্ত করো
ওটা তো ওর কাজ🙂
আরে তাহলে আপনারা হ্যাকিং আটকাচ্ছেন না কেনো?😑😑"
816510033997107_2196461500721663,Please follow me please support me 🙏🙏🙏
816510033997107_3230270640437533,Desh jachhe roshatole but oh yea sure you all are paid actors anyways .... You have to take an oath to protect the citizens no ? I hope you still remember the oath when you side with unjust activities
816510033997107_842851464489252,West Bengal Police Always 🔥🔥 🤣
816510033997107_1313749692763106,যেখানে পশ্চিমবঙ্গে west bengal police মানুষের জীবনের নিরাপত্তা নেই সেখানে cyber security বিলাসিতা মাত্র
816510033997107_1635907010297033,ডার্ক থিমটপিক ঘোরাতে হবে না?
816510033997107_1518220932417099,"Half Moon সেটা পশ্চিমবঙ্গ পুলিশকে বলুন, আমাকে mention করছেন"
816510033997107_1064843028316528,"ডার্ক থিম আসলে আপনি বললেন বলে আমি বললাম।
কলকাতা পুলিশ কে বলেও কাজ নেই। কারণ পুলিশ কে তো অর্ডার পালন করতে হবে না হলে পুলিশ মন্ত্রী রাগ করবেন।"
816510033997107_546491947809613,ডার্ক থিম সহমত
816510033997107_547850637569987,"lol Wb police, hide your ass first.

Rajasthan's Police acp Mail Access Screenshot here 👇

https://www.facebook.com/100085366321301/posts/468474969341377/?mibextid=rS40aB7S9Ucbxw6v"
816510033997107_379635335165362,When Police Officer become content Creator 😂
816510033997107_1163652941568793,Huuhh 😂😂😂
816510033997107_1864701710704349,"I am an engineer. I cannot become a police constable, if I want to become an IPS officer. 
I will help all the policemen. 
Tell my brother that I need a bike."
816510033997107_8208371695888101,"I am an engineer. I cannot become a police constable, if I want to become an IPS officer. 
I will help all the policemen. 
Tell my brother that I need a bike."
816510033997107_1218219596191241,"I am an engineer. I cannot become a police constable, if I want to become an IPS officer. 
I will help all the policemen. 
Tell my brother that I need a bike."
816510033997107_1923582601437728,"I am an engineer. I cannot become a police constable, if I want to become an IPS officer. 
I will help all the policemen. 
Tell my brother that I need a bike."
816510033997107_1008989164003159,EdKKs98@gg6$
816510033997107_1515921269318073,Amr pass:  athkqe12@#12
816510033997107_1270581427444581,"username : admin
password  : admin"
816510033997107_1463849047595621,Wah kya soch h re Teri 😀😀😀
816510033997107_464350466407355,Page Hack হয়ছে হয়ত😂
816510033997107_364059489920752,Nice🤭🔥🤣
816510033997107_846299190465327,Nice 😅
816510033997107_504854445289218,Excellent Example 👏
816510033997107_1475926003121601,মিমার যখন বাড়ির চাপে পুলিশ হয়ে যায় 😀✌️ nice wb police 💗
816510033997107_1020223452811629,I have lost my mobile phone on 2nd August. I have made diary in Naihati GRP. Kindly help me recover my phone. The IMEI number of my phone is 867949046930897. Thanks in advance.
816510033997107_512042264537474,Mohammad Kaysar Miton
816510033997107_527109276550995,"Shuvo DN সেন্স নাই ৷
কাইল উঠমু ৷"
816510033997107_1543351503259660,কিতা কররে
816510033997107_484363530981669,আমার মেসেজ ব্লক
816510033997107_529664629722879,
816510033997107_888785519936219,Chin tapak dam dam 👻
816510033997107_3937501276526661,Full movie watch & download link http://rb.gy/7ltpuo?7636
816510033997107_332479736523729,"See, how to make a strong password easily

https://youtu.be/SuUbFFhd-9A?si=wszPc1URhwHYD-Hj"
816510033997107_1232693041244163,https://faucetearner.org/?r=545750532463
816510033997107_1217674639551897,"Rg kar, rg kar 🙂"
816510033997107_882085000456261,Abu Hayat Hacker leura 👀
816510033997107_1016151843330565,এসব বন্ধ করে ধর্ষক গুলোকে ধরুন ... সম্মান পাবেন 🙏
816510033997107_814246727423829,"Lol! Jei state a manush er jibon er daam lagiye dicche, sei state a abar cyber security! Aage normal physical security thikthak dite sekhan nijeder employee Der West Bengal Police"
816510033997107_492078243536464,Sirji kavhi repist ko pakad vi liya karo 🙏🏻
816510033997107_2414478268944466,First protect the girls
816510033997107_1719739868799424,Use strong passwords like TMC sarkar😂😂
816510033997107_7928438697211302,https://rossts.weebly.com
816510033997107_2273805316293119,Joljento criminals ke dhorte pare na abar jara cyber crime kore tader dhorbe 😆😆😆👍👍👍
816510033997107_853839890176176,"West Bengal police-❌
Bengali memer - ✅

Knowledge with fun 💥"
816510033997107_484421040898474,In instead of bringing justice ⚖️ they are making memes nice job good luck 👏
816510033997107_685666950446992,"Kajer kaj ki kichu hbe ? 
#justiceforRGKar"
816510033997107_372223302433777,Oy She
816510033997107_3421773198122968,KM Yousuf Hasan Badhon 🤣
816510033997107_863261335301905,The THRILLER that's got everyone TALKING! Download/ Watch now and find out why! https://www.dlfilmhub.com/
816510033997107_3195245583945755,আগে তোরা তোদের ক্যারেক্টারের পাসওয়ার্ড স্ট্রোং কর সালা মমতার বেগমের পা চাটা পুলিশ রা
816510033997107_890771522950868,Joke na mere apnara ektu kaje mon din!! Ja obostha 😒#WBP
816510033997107_1022969155810941,"R*pst ko padko ×
Memes banao √"
816510033997107_1818345311991676,WB Police 🗿
816510033997107_8364404940334772,Wb police Mane hasyakar
816510033997107_1188341432491770,"Meme share korar dik diye tho number 1 abr crimer justice diye o kichu share kore dekhau..🙂
@highlight"
816510033997107_1042015977627847,দেখলেই জুতো মারুন
816510033997107_828643962728371,Evidence gulou ki hackers ra niye paliyeche?
816510033997107_1640000566840395,Shame on u WB police
816510033997107_819305510332650,"আগে বেসিক নিরাপত্তা ও বিচার  দেন,,,পরে এই সাইবার নিরাপত্তা দেবেন। নইলে এগুলো বিলাসিতা মাত্র।"
816510033997107_796288939326855,Apnara ki korte achen
816510033997107_453854927644801,Achha to bangladeshio kese aake wahna reh rahe hne unko v dhundo nehni dhund shakte didi unko lake rakh Raha hai na vote ke liye 😂
816510033997107_1053458699683053,"West Bengal police kuch krte ny hai,, par reels achhhe banate hai"
816510033997107_785798536798704,"নিজেদের কাজ গুলো ঠিকভাবে করুন আর কলকাতা পুলিশ কে করতে বলুন 
এসব মিম-টিম পরে বানানো যাবে ।
POV - RG KAR INCIDENT"
816510033997107_1028749148858498,It's a meme page or really a police branch of WB 😂 lol
816510033997107_2065244620656722,"Haan bhai, yeh meme bhi RG Kar ke bathroom mai chupp ke banaaya?"
816510033997107_1040008741080073,#justiceformoumita
816510033997107_849458793794016,মিমার যখন ওয়েস্ট বেঙ্গল পুলিশে চান্স পেয়ে যায় 😂
816510033997107_806476864844459,West Bengal police ❌ mems creator ✅😅
816510033997107_2063329957483471,West Bengal Police ❌ West Bengal Memer ✅
816510033997107_2443700902687646,"Yeh sab Karo, Janta ko seva to tum logo ki kaam nahi hai 😂🤡"
816510033997107_1705512003319659,"West Bengal Police এটা পশ্চিম বঙ্গের পুলিশের বিজ্ঞাপন,  না বিহারের? এখানকার পুলিশের বিজ্ঞাপন বাংলায় হয় না কেন?"
816510033997107_8206566659380052,"I am an engineer. I cannot become a police constable, if I want to become an IPS officer. 
I will help all the policemen. 
Tell my brother that I need a bike."
816510033997107_1047612506212605,"I am an engineer. I cannot become a police constable, if I want to become an IPS officer. 
I will help all the policemen. 
Tell my brother that I need a bike."
816510033997107_1049250173216423,"I am an engineer. I cannot become a police constable, if I want to become an IPS officer. 
I will help all the policemen. 
Tell my brother that I need a bike."
816510033997107_1239967950700689,"I am an engineer. I cannot become a police constable, if I want to become an IPS officer. 
I will help all the policemen. 
Tell my brother that I need a bike."
816510033997107_2654261168087369,"I am an engineer. I cannot become a police constable, if I want to become an IPS officer. 
I will help all the policemen. 
Tell my brother that I need a bike."
816510033997107_1042524257230359,"I am an engineer. I cannot become a police constable, if I want to become an IPS officer. 
I will help all the policemen. 
Tell my brother that I need a bike."
816510033997107_874255417921826,"I am an engineer. I cannot become a police constable, if I want to become an IPS officer. 
I will help all the policemen. 
Tell my brother that I need a bike."
816510033997107_470200509156199,"I am an engineer. I cannot become a police constable, if I want to become an IPS officer. 
I will help all the policemen. 
Tell my brother that I need a bike."
816510033997107_1033207621690263,Bolchi ki sir arm meme bananor jonno ki alada post thake WBP te..?
816510033997107_1408027223206598,Aree Bhai Admin kaun hai..?😹
816510033997107_513948071017253,এডমিন মেবি মিমার ছিল আগে😂
816510033997107_437791265886186,মিমার-কে দেখতে চাই 😐
816510033997107_1647033732741842,Le hacker: Chin tapak dam dam 😂
816510033997107_3282002945277371,Sir please admin thobra ta akkkkkk na mane face ta dakhan.
816510033997107_408024891799802,Jai Siya Ram 🚩🚩🚩🚩🇮🇳🇮🇳🇮🇳🇮🇳🇮🇳
816510033997107_470893975752982,Jaishreeram 🇮🇳🇮🇳🇮🇳🇮🇳
816510033997107_1086552219559124,পানিয়ারা SP অফিসে কোনো অফিসার মানতেই চায়না যে হ্যাকারদের কার্যক্ষমতা অনেক বেশি। তারা মনে করে সাধারণ মানুষদের যেকোনো ID & Password হ্যাকাররা চাইলেই পেয়ে যায়। আদৌ প্রতারিতরা ওই অফিসে গিয়ে সমাধান পান কি সন্দেহ আছে। #HowrahNews #WBPolice #KolkataPolice
816510033997107_1721064708661585,Nobel prize dewa hok admin ke
816510033997107_2196720677374255,"Where to complain in case of a cyber fraud?
Use the forum to aware people"
816510033997107_1193731161824182,Shibsankar Pramanik ভাই তোদের WBP page টার admin কে??😃😃
816510033997107_3893722790857475,আমার জানতে খুব ইচ্ছে করে ওয়েস্ট বেঙ্গল পুলিশের এই পেজটি কি কোন কমেডিয়ান চালায়?
816510033997107_509861488217885,এইটা কি কোনো কমেডি পেজ ? 😬
816510033997107_1016164829715383,Âvrodip Ñandi west bengal meme station
