,POST_ID,CAPTION,REACTION_COUNT,COMMENT_COUNT
0,692583847600758_835790465402397,"শিশুকে যৌন নির্যাতন, ২০ বছরের কারাবাস

সকাল সাড়ে আটটা নাগাদ বাড়ির বাইরে খেলতে গিয়েছিল তিন বছরের মেয়ে। ঘন্টাখানেক পরেই যন্ত্রণায় কাঁদতে কাঁদতে বাড়ি ফিরে এসে মাকে জানায়, তার গোপনাঙ্গে ব্যথা। আতঙ্কিত মা দেখেন, রক্ত পড়ছে ওইটুকু শিশুর গোপনাঙ্গ থেকে। নানাবিধ জিজ্ঞাসাবাদের পর প্রকাশ পায়, শিশুটির উপর যৌন নির্যাতন করেছে তার মায়েরই ঘনিষ্ঠ আত্মীয় অমিত পাহান। নির্যাতনের বিশদ বিবরণ নিষ্প্রয়োজন।

ঘটনা ২০২০ সালের ১৮ জানুয়ারির। সেদিনই দক্ষিণ দিনাজপুরের বালুরঘাট থানায় অভিযোগ দায়ের করেন মা, পকসো আইনের অধীনে রুজু হয় মামলা। মামলার দায়িত্ব নেন সাব-ইন্সপেক্টর সমর রায়, মাত্র ২৪ দিনের মধ্যে তদন্তপ্রক্রিয়া সমাপ্ত করে, অভিযুক্তকে গ্রেফতার করে দাখিল করেন চার্জশিট। 

বিচার চলাকালীন আগাগোড়া হেফাজতে থাকে অমিত পাহান। সম্প্রতি প্রকাশিত মামলার রায়ে যার ২০ বছরের কারাদণ্ডাদেশ দিয়েছেন আদালত, সঙ্গে আর্থিক জরিমানা। 

শিশুটির ভবিষ্যৎ শুভ হোক, শুভেচ্ছা রইল।",686,50
