COMMENT_ID,COMMENT
797007579280686_1330178581271992,"We are available on YouTube too. Please visit-
www.youtube.com/@westbengalpoliceofficial"
797007579280686_3676101522704314,"Very good and careful information,thank you 🙏"
797007579280686_938473911659855,Very good job West Bengal police team
797007579280686_399284199245088,কার্যকারি টিপস
797007579280686_7746710722045263,Excellent video. Thank you WBP
797007579280686_1179767723070504,অনেক ধন্যবাদ।। এই শিক্ষা প্রচারিত হোক।
797007579280686_409843548734707,ধন্যবাদ কলকাতা পুলিশ
797007579280686_476335088460197,Good advice 👍
797007579280686_857106856313180,Important video
797007579280686_2237285419950776,ধন্যবাদ জানাই। 🙏🏻
797007579280686_1521597132119704,"ভালো ইনফরমেশন দিয়েছেন।
ধন্যবাদ।"
797007579280686_1938356506622643,দারুণ
797007579280686_959037475993892,Khub bhalo initiative.... Age thaktei ei precaution onek kaaj-e lagbe..
797007579280686_1869265723555784,Very good post
797007579280686_790525393064956,পশ্চিমবঙ্গ পুলিশ অনেক ধন্যবাদ আপনাদেরকে
797007579280686_464140036362374,আমাদের মেইন প্যারেড গ্রাউন্ডে ভিডিওটি সুট করেছে
797007579280686_2200570713646007,ধন্যবাদ
797007579280686_1217517306071185,Valo post 👍👍
797007579280686_904117841513808,আয়োজকদের সতর্কতা অব্যশই নেওয়া উচিত
797007579280686_724713173056657,ভালো একটা পরামর্শ পেলাম।।
797007579280686_441767078771249,West Bengal Police is best police
797007579280686_407014322373113,জয় হিন্দ
797007579280686_1201318881008172,Very good news wbp ke dhonnobad
797007579280686_1578446402701802,Fb
797007579280686_431706473190200,Good Tips
797007579280686_2640784646123881,Take care
797007579280686_502317862230981,Right
797007579280686_823843716372991,Thanks 👍
797007579280686_442906248572777,Thanks
797007579280686_1153199755734532,Carry on 👍
797007579280686_1572030870408144,"I urgently seek your assistance regarding continuous disturbances and threats from local goons led by Ganesh Ray, residing in Subashnagar Purba Para, Nadia. Despite lodging formal complaints and filing FIRs (06/2022, 704/2024) at Kotwali Police Station, Nadia , the situation persists. They have encroached on my property, built a hut, and engage in illicit activities, including consuming alcohol and drugs, using loudspeakers, and illegal electrical hooking. They claim control over law enforcement, threaten serious harm, and have assaulted us. Their actions violate a court injunction . I request immediate action to ensure our safety and uphold justice."
797007579280686_486336500652316,"এগুলো বলা সহজ, কিন্তু ঐভাবে পড়ে গেলে পাশ ফেরার আগেই গায়ের উপর ১০-১২ জন খুবই দ্রুত উঠে পড়বে।।।। অর্থাৎ শরীরের উপর কমপক্ষে ৫০০ কেজি ওজন পড়বে।।। তখন পাশ ফেরা তো দুরের কথা,,,  সাথে সাথেই জ্ঞান হারাবে।।।। 

আপনারা সারা দেশ থেকে ১০ লাখ পুলিশ কলকাতায় জড়ো করুন,,,  তারপর ঐ রকম হুড়োহুড়ি করুন।।। তারপর দেখবেন, এতো ট্রেনিং নেওয়ার পরও কয়েকজন মরেছে।।।"
