,Unnamed: 0,POST_ID,CAPTION,REACTION_COUNT,COMMENT_COUNT
0,0,692583847600758_797007579280686,"Stampede থেকে বাঁচতে হলে

সম্প্রতি উত্তরপ্রদেশের হাথরসে একটি ধর্মীয় অনুষ্ঠানে ভিড়ের চাপে শতাধিক মানুষের মর্মান্তিক মৃত্যুর কথা আপনারা সকলেই জানেন। আজকের ভিডিওয় আমরা আলোচনা করব কয়েকটি খুব সাধারণ 'টিপস' নিয়ে, যা মাথায় রাখলে প্রচণ্ড ভিড়ে স্ট্যামপিডের মতো পরিস্থিতি তৈরি হলেও আপনি গুরুতর আঘাত থেকে বেঁচে যাবেন। 

'টিপস'গুলো কী? আসুন দেখে নিই..",1135,32
