COMMENT_ID,COMMENT
808357044812406_1198219364651274,Kichu instagram o telegram group bgmi apps er account er kotha bole koti koti taka durniti korche .. sobar kache 5k 10k 20k porjanto niye tader k group theke kick korche ..
808357044812406_1038020434993405,🙏🌟🌟🇮🇳🇮🇳RESPECTED SIR🇮🇳🇮🇳🌟🌟 SPECIAL SIR FULL TEAM WEST BENGAL POLICE EXCELLENT WORK SIR 🇮🇳🇮🇳🌟🌟28 JUL JAI HIND BEST WISHES GURU JI GOD BLESS SIR 🇮🇳🇮🇳🌟🌟🙏
808357044812406_1683222195770235,Amr babar account theke 64 thousand Transfer kore nilo scammer ra complaint korar pore o kono solution pai ni
808357044812406_1954367881654028,"Two laptops were stolen from my residence. When the first was stolen and we reported it to the police at Narendrapur the police said they would visit our residence. They did not. Thereafter a few days later we provided the police with a CCTV CAPTURE of the thieves. They registered the case but still did not visit us at home. A few months later another Laptop was stolen. I called the police at Narendrapur PS. They wanted me to come again, stand in the Q and report. I am 72 years old and anyway I thought - ""what is the use"". The PS at Narendrapur is under staffed. Ours is a poor state. It cannot afford to have police staff, its thanas. Even so you have done a brilliant job. Congratulations. God Bless You."
808357044812406_1207921106892699,How to i compailn cyber crime west bengal police
808357044812406_1024666069043293,Point Break call 1930
808357044812406_938309388005707,Congratulations.
808357044812406_1019959646308647,মুখটা ঢাকা দেওয়ার মানে?
808357044812406_1562511151315423,Adwip Rana Chakraborty
808357044812406_839033111494971,
808357044812406_1765643640919811,"Thank you so much sir congratulations 🎊 👏 

Sir west bengal police constable and Kolkata police constable exam er question bikrir dalal chakrer kichu korun plz .. nahole amra moddhobitto ghorer chelera more jabo 🙏 🙏"
