COMMENT_ID,COMMENT
808041114843999_1982392235553940,"We are available on YouTube too. Please visit-
www.youtube.com/@westbengalpoliceofficial"
808041114843999_463850133082437,"West Bengal Police Sir , Thank you so much to share this vedio .. It means a lot to me and my family .. শিবায়ন , আমাদের কাছে বিশাল বড়ো একটা inspiration .. 
একটা অনুরোধ করতে চায় sir , আপনারা উনার জন্যে একটু ভালো কিছু ভাবুন , যাতে উনি আগামী দিনে আর ও অনেক মানুষের পাশে দাঁড়াতে পারেন .. আমি আমার ব্যক্তিগত দিকথেকে উনাকে চিনি , উনার পারবারিক অবস্থা খুব একটা ভালো নয় .. তবুও উনি যে এইভাবে মানুষের সাহায্য করেন এত অল্প রোজগারে এটা সবাই করতে পারেনা .. আপনাদের কাছে আমার ব্যক্তিগত ভাবে অনুরোধ , আপনারা উনার জন্যে একটু ভালো কিছু ভাবুন , যাতে উনি আর ও মানুষের পাশে দাঁড়াতে পারেন .. 
ভুল কিছু বলে থাকলে ক্ষমা করবেন 🙏"
808041114843999_1037985521030473,"West Bengal Police great job 👍 ...
parle apnader torof theke ou unar jonyo sahajjo hat bariye din"
808041114843999_300146966459871,"Promotion korano uchit , ai sob manush somajer jonno onek upokari"
808041114843999_1022303906052666,Right 👍
808041114843999_852697689830581,Rabiul Sk প্রমোশন করা অবশ্যই উচিত। যাতে আরো বেশি করে মানুষের সাহায্যে করতে পারে
808041114843999_1746166589504082,আমার ছোটবেলাকার বন্ধু এবং বেস্ট ফ্রেন্ড তোর এই কাজ দেখে আমি খুব খুশি বন্ধু।
808041114843999_895126532642858,"সত্যি ভাই তুমি আমাদের গর্ব, তাই তো কুসুম্বা গেলে তোমার সাক্ষাৎ আমার খুব ভালো লাগে ,ভালো থেকো ভাই।"
808041114843999_505017645247672,সবিত ঠিক আছে। 9000 টাকা মাহিনাতে তুমি ম্যানেজ করো কি করে। কেও কি তোমাকে সাহায্য করে? কাজ করে যাও ফলের আশা করো না।
808041114843999_449941121363179,"Indrajit Das da akhon 10k.
Ei salary thekeo akta gorib family er chele eirokom social work korcha atai proud er bepar.
Shibayan vai tomai celute dilam.❤️🫡
Sathe West Bengal Police department keo hats off 🫡🫡🫡❤️🇮🇳"
808041114843999_1188924252308995,Great job
808041114843999_1654743088639128,Great job
808041114843999_2762775757223148,Shibayan truly deserves such recognition. we are proud of you. Hope this will motivate  all of us...
808041114843999_789117249774137,Good bless you brother 👍👍 good job
808041114843999_1233846864720868,Salute Sir. We respect your sincere hard work and dedication towards our society.🙏
808041114843999_934842858405509,"Great work., keep it up 👏"
808041114843999_1410816059592803,"সত্যি বন্ধু, বড় ভাই তোমাকে তো স্যালুট জানাই জীবনে এগিয়ে যাও সত্যের পথ দেখিয়ে দাও অন্ধের চোখ খুলে দাও ভারত মাতা কি জয়"
808041114843999_805991098308520,"Great work keep it up 💯, salute to you ❤️ ❤️ 💜 💜"
808041114843999_1232166564465636,Good job 🫡
808041114843999_1024717269099252,Very good job bro
808041114843999_829266752518440,"এই টাকাতে আমাদের সংসার চলে না ভাই,,কিছু কিছু না অনেক জায়গায়তেই  ফাঁক থেকে যায় টাকার অভাবে,, যাই হোক ভাই তুমি এতো কিছু মূল্যবান কাজ করছো তাই তোমাকে 🫡🫡🫡"
808041114843999_1032484078291184,Good job ❤👍
808041114843999_465406556320584,🫡 Salute
808041114843999_996521819143238,Salute
808041114843999_787332650280572,Good work keep it up ....Jai Hind
808041114843999_409898135539763,Good job Bondhu 👍
808041114843999_473061715327065,"অসাধারণ স্যার 
শুভকামনা 🌻"
808041114843999_1019403019712590,Great job
808041114843999_3475869426037734,Proud of you mere dost👏👏👏❤️🫂
808041114843999_1557510195198098,"Great work, partner....."
808041114843999_484968500939174,শুভকামনা জানাই বন্ধু 💛💚💖
808041114843999_899519718868698,Good work apna k salute
808041114843999_1273268646974076,Salute 🫡
808041114843999_1103202071304654,Good job
808041114843999_1055403432686328,আপনি ভালো থাকুন আর আরও অর্থ সমৃদ্ধি হোক..... তাহলে আরও আরও কাজ করতে পারবেন ❤️❤️❤️
808041114843999_504296298782962,Good job bhaiiiii
808041114843999_1646370332790282,Great ❤️❤️
808041114843999_823964973183472,খুব ভালো থাকুন শিবায়ন।
808041114843999_2220686638303248,Good job 👏 👍
808041114843999_536823248682512,Khub valo
808041114843999_1045845410276593,Good job
808041114843999_812144590901962,Very good
808041114843999_1042793954230731,Good job sir 👏🏻
808041114843999_979978320544973,অসাধারণ ❤
808041114843999_1569993460269235,Good job
808041114843999_903475844925061,Good job
808041114843999_809025524715565,Sibai da great ❤️❤️❤️
808041114843999_1830271164123619,Good Job
808041114843999_855087633391840,Good job
808041114843999_1532611420799142,You're great
808041114843999_1204233414046692,Good work and keep it up
808041114843999_1206206874020973,"স্যার, শেয়ার করলাম"
808041114843999_512753504802391,Good. Job
808041114843999_1016405783452623,Good work👍
808041114843999_951789253370704,স্যালুট 🙏🙏🙏🙏
808041114843999_473536808623128,Good working brother
808041114843999_1222029319252562,Hat's off dada salute to you and your family ❤️🙏
808041114843999_1022902469212490,Good job
808041114843999_1026134255415413,Good job
808041114843999_1696279244501131,Good work
808041114843999_1526853471597011,Very good
808041114843999_1059560042456566,Good work
808041114843999_3890904651181012,Salute to you sir..❤
808041114843999_1547965439405982,God bless you 🙏 ❤
808041114843999_1892895457790217,অসাধারণ।
808041114843999_478850721780049,Good job
808041114843999_882298807278984,স্যালুট ভাই 💐
808041114843999_1203776947622715,Good jobs 🙏
808041114843999_1661370267997737,Good job
808041114843999_835218721667953,Darun kaj ... Agiye jao . Pase achi always
808041114843999_1937973713297975,"""....Of the people,by the people,for the people"". You proved it. Respect dada 🙏 Shibayan Bhattacharya"
808041114843999_1562196411029286,"স্যালুট বন্ধু, 🙏তুমি আমাদের অনুপ্রেরোনা 👍"
808041114843999_891517536153192,".. তোমার চিন্তা আর কাজ গুলো অনেক বড়ো উদাহরণ আর একটা বড়ো মনের পরিচয় করিয়ে দেয় তোমার সকল কর্মকাণ্ড চালিয়ে যাও এবং মনের থেকে অনেক অনেক শুভেচ্ছা ও ভালোবাসা রইলো সেই আগের মতই খুব খুব খুব ভালো থেকো Shibayan Bhattacharya সেই ছোটো শিবায়ান এর কথা মনে পড়ে গেলো, হাসি টা অবশ্য সেই একই আছে ভাগনা 😊❤️"
808041114843999_455732827267341,Good Job
808041114843999_512430201450454,🙏❤️🙏salut tomaka
808041114843999_410042094825104,অসাধারণ ❤️❤️❤️
808041114843999_7649631418499979,এগিয়ে যাও বন্ধ খুব ভাল কাজ করছ ।
808041114843999_866235028901512,সত্যিই আমরা খুব গর্ব অনুভব করি ❤️❤️
808041114843999_478721948288031,ভাই তোমাকে অসংখ্য অসংক্ষ ধন্যবাদ
808041114843999_1229342118427056,Good job
808041114843999_495412076767803,Good 👍👍
808041114843999_1774232776724824,খুব ভালো লাগলো। আল্লাহ আপনার মঙ্গল করুক।
808041114843999_477741448327082,স্যালুট
808041114843999_2201002083615605,Ba.. Khub valo bondhu
808041114843999_499051415829776,Good job💯👍
808041114843999_474290908912897,Salute to you
808041114843999_380661244837972,স্যালুট
808041114843999_1223889655705166,স্যালুট  বন্ধু
808041114843999_1003270151481862,Good job
808041114843999_293297143871213,Jai Hind 🇮🇳🙏
808041114843999_2218277728532368,Good job
808041114843999_497548179323614,অসাধারণ
808041114843999_797294475850342,অশেষ ধন্যবাদ
808041114843999_511146724700331,আমি সত্যি খুব গর্বিত বোধ করছি
808041114843999_483717067733015,অসাধারণ লাগলো পোষ্টটি।
808041114843999_1010182977437654,স্যালুট দাদা🙏🙏🙏
808041114843999_987334209757329,Civic amadar garbo
808041114843999_847266320453784,"আর জি কর হাসপাতালে নিয়ে সব সেস
ওটাই চোখে বেসি পরছে। এইসব ডাকা পড়ে গেল"
808041114843999_1025577015517136,"কি করে করিস ভাই,আমাদের gurr ফেটে জাচ্ছে এই বেতনে."
808041114843999_712327084371207,"Salute Dada🫡
JAI HIND🇮🇳"
808041114843999_1138220250576771,sir apner number ta pou a jaba
808041114843999_1080433636881061,অনেক ধন্যবাদ ভাই তোমাকে
808041114843999_1245497963463810,Selute bhai
808041114843999_519320480432950,Video Ta Dhaka Khub Valo Laglo
808041114843999_1641931543251457,dada tomake salut
808041114843999_384021571134762,এই পয়সায় হয় না।
808041114843999_1580640965847482,খুব সুন্দর
808041114843999_1011607816820100,স্যালুট দাদা 🙏🙏🙏
808041114843999_2639937906166791,Civic der sobai kharap kaj ta dekhe . Valo kaj keu dekhe na ..
808041114843999_489161887145046,"তোমাকে অনেক অনেক ভালোবাসা ও শ্রদ্ধা জানাই, ভালো থেকো,সুস্থ থেকো"
808041114843999_2832062473615687,এগিয়ে চলো
808041114843999_883371583606274,খুব বড় মনের মানুষ... এগিয়ে যাও
808041114843999_1575654166313997,Salute bondhu keep it up 👏❤️
808041114843999_1032197978465572,Salute dada
808041114843999_409493141679214,Good job বন্ধু
808041114843999_1045994597122715,Kub Sundar ai dada takta onk sadron manusr pasa thaka ai vaba age jao dada
808041114843999_1166334937820751,গুড জব
808041114843999_1068500814859695,weldone
808041114843999_1229968824673067,"আপনার প্রতি 
দোয়া ও ভালোবাসা রইলো"
808041114843999_366118636510947,Hazar Salam bhai
808041114843999_521601966969512,"এই সামান্য বেতন থেকে কাউকে আর্থিক সাহায্য কি করে করা যায়?
খুব ভালো কাজ খুব ভালো উদ্যোগ,,, এগিয়ে যাও বন্ধু"
808041114843999_894852822452425,Shibayan Bhattacharya hats off brother ❤️
808041114843999_2663182803861094,San Joy hats off to you shibayan da
808041114843999_1176752496925666,Nice job
808041114843999_1063497795199817,
808041114843999_853822086629308,
808041114843999_1403209273678079,
808041114843999_866927731998793,
808041114843999_1255151025473442,
808041114843999_332577416592927,
808041114843999_1021387039467289,
808041114843999_8074574829260955,🫡🫡🫡🫡🫡🫡🫡🫡🫡
808041114843999_870639154951802,👍❤️👍❤️👍❤️👍❤️
808041114843999_1948825652207227,
808041114843999_394584299865542,👍👍👍
808041114843999_3641962942787678,❤️❤️❤️
808041114843999_1428018101245042,♥️♥️♥️
808041114843999_2876298919201165,❤️❤️❤️❤️❤️❤️
808041114843999_1542126236515198,🙏❤️
808041114843999_3716935588575083,👍🏻👍🏻👍🏻👍🏻👍🏻👍🏻👍🏻
808041114843999_996865882131709,❤️❤️❤️❤️
808041114843999_1007289974205574,🙏❤️🙏
808041114843999_415619464201317,🙌
808041114843999_1271406797605339,👏👏
808041114843999_359935543814242,❤️
808041114843999_460483663525959,🙏🏻🙏🏻
808041114843999_7976903255719781,👍
808041114843999_3737085386502964,❤️❤️
808041114843999_1018692346456441,♥️♥️♥️♥️♥️♥️
808041114843999_351070738041956,❤️❤️❤️❤️❤️ Shibayan Bhattacharya
808041114843999_3687697848108483,❤️❤️
808041114843999_1011376483949802,Sir.... salute to you and your family ❤️❤️
808041114843999_3764990837063002,Keep it up the good work...👌
808041114843999_1466283147388487,Salute to you and your family.
808041114843999_1188731322273515,Good job
808041114843999_8079349948779529,"সত্যি বন্ধু, বড় ভাই তোমাকে তো স্যালুট জানাই জীবনে এগিয়ে যাও সত্যের পথ দেখিয়ে দাও অন্ধের চোখ খুলে দাও ভারত মাতা কি জয়"
808041114843999_1442240729746488,Nice
808041114843999_890904469625261,Proud of you Brother Shibayan Bhattacharya  ❤️❤️👏👏🙏🙏
808041114843999_527556693139631,Great
808041114843999_859360439510828,Good
808041114843999_469034059439520,Good job
808041114843999_512188701307791,Ok
808041114843999_830083922606038,Good
808041114843999_1172024780756730,Good
808041114843999_843418984433258,Ok
808041114843999_873438817546965,Excellent
808041114843999_979356287209578,Thanks  dada
808041114843999_482108678005369,Gret job
808041114843999_915962183780911,Salute 🫡
808041114843999_838334254940052,Good jod👍
808041114843999_873402847984183,Good
808041114843999_521491646936854,Thank you dada vai
808041114843999_882288597049092,Very good vai
808041114843999_1067019284808423,Thanks
808041114843999_26121438207504101,Salute
808041114843999_884421550185941,Salute
808041114843999_1163270704724953,Great
808041114843999_1858847981556361,🫡 salute 🫡
808041114843999_3667612056825370,Thank. You so much.
808041114843999_1434858150562362,Salute 🫡
808041114843999_492337043378906,Joy hind 🙏
808041114843999_848085486859938,Salute 🫡
808041114843999_878384764314328,Salute
808041114843999_1309221580463255,❤️
808041114843999_1224766548532513,Nice
808041114843999_539223621760977,প্রিয় সহকর্মী বন্ধু তুমি যে সমাজসেবামূলক কাজ করছ তা খুবই প্রশংসনীয় কিন্তু তোমার সিভিক ছাড়া আয়ের উৎস কি? এত অল্প বেতনে কিভাবে  তুমি এইসব কাজকর্ম কর আমাকে জানিও অনুগ্রহ করে।
808041114843999_2145878779132056,এটা সম্ভব কম বেতন পাওয়া একজন সিভিকের দ্বারা কিন্তু বড় অফিসারের দ্বারা সম্ভব নয়।
808041114843999_726756532925047,"এসব কাজ খুবই ভালো, কিন্তু ভাই তুমি কিভাবে সংসার চালাও যদি সবাইকে বলতেন। তোমার বউ বাচ্চা আছে তো।"
808041114843999_505319078634042,"পশ্চিমবঙ্গের অধিকাংশ পুলিশ যারা বেতন বাদ দিয়েও যেটা ...........😊 ইনকাম করে থাকেন সেই টাকা দিয়েও যদি তারা সমাজের সেবা করতেন তাহলে তাদের মন থেকে সমাজের সব স্তরের মানুষ স্যালুট জানাতেন। But তারা...... বলার অপেক্ষা রাখেন না, তবে অনেক পুলিশ অফিসার দের দেখেছি যারা সত্যিকারের মানুষ তাদের স্যালুট 🌹, চেষ্টা করি সকলে সমাজের জন্যে ভালো কিছু করার। ধন্যবাদ ওয়েস্ট বেঙ্গল পুলিশ 💐"
