,Unnamed: 0,POST_ID,CAPTION,REACTION_COUNT,COMMENT_COUNT
0,0,692583847600758_808357044812406,No caption available,387,11
1,1,692583847600758_808265628154881,No caption available,2841,62
2,2,692583847600758_808041114843999,"স্যালুট শিবায়ন! 

রামপুরহাটের সিভিক ভলান্টিয়ার শিবায়ন ভট্টাচার্যের কাহিনি। কাজের পাশাপাশি সমাজসেবায়ও যিনি উজ্জ্বল। অনুরোধ, সম্ভব হলে ভিডিওটি শেয়ার করুন। শিবায়নের মতো পুলিশকর্মীদের কথা প্রচারিত হলে সমাজেরই ভাল।

#CivicVolunteer #BirbhumDistrictPolice",3302,189
