,Unnamed: 0,POST_ID,CAPTION,REACTION_COUNT,COMMENT_COUNT
0,0,692583847600758_798164392498338,"বন্দী জীবনভর

ঘটনা প্রায় তিন বছর আগের। উত্তর ২৪ পরগণার বসিরহাট পুলিশ জেলার ন্যাজাট থানা এলাকার বাসিন্দা এক দম্পতি, কাজ করতেন বারাসাত পুলিশ জেলার অন্তর্ভুক্ত হাবড়া থানা এলাকায় একটি চালের কলে। থাকতেনও চালকল প্রাঙ্গনেই। প্রতিবেশী তথা সহকর্মী ছিল হুগলির তারকেশ্বরের বাসিন্দা সুখলাল টুডু। 

জল আনতে গিয়ে ২০২১ সালের ৯ অগাস্ট এই সুখলালের মুখোমুখি হয়ে যায় ওই দম্পতির ১৩ বছরের মেয়ে। এবং কিশোরীকে একা পেয়ে নিজের ঘরে নিয়ে গিয়ে যৌন নির্যাতন চালায় সুখলাল।

পকসো আইন এবং ভারতীয় দণ্ডবিধির নির্দিষ্ট ধারার আওতায় দায়ের হওয়া মামলায় তদন্তকারী অফিসার সাব-ইন্সপেক্টর চাঁদরতন রায় নিখুঁত তদন্তের শেষে পেশ করেন চার্জশিট, নিশ্চিত করেন যেন বিচার চলাকালীন আগাগোড়া হেফাজতে থাকে সুখলাল। মামলায় রায় বেরিয়েছে সম্প্রতি। সুখলালের যাবজ্জীবন কারাদণ্ড এবং ২০ হাজার টাকা জরিমানার সাজা শুনিয়েছেন আদালত।

বিচার পেয়েছে সেই কিশোরী, তার পরিবার।

#BarasatPoliceDistrict",463,36
