COMMENT_ID,COMMENT
794069196241191_1445887846065444,"We are available on YouTube too. Please visit-
www.youtube.com/@westbengalpoliceofficial"
794069196241191_529415682747244,"শুধুমাত্র দশবছর নিছক ই একটা সংখ্যা, সারাজীবনের সাজায় ভুক্তভুগী হয় সেই মেয়েটি।"
794069196241191_835315275200198,Very good job
794069196241191_448858687999253,মানতে পারলাম না এই বিচার। আজীবন হলে খুশি হতাম। একটা অসহায় মানুষের এত বড় ক্ষতি ভাবা যায় না।
794069196241191_1240774747300873,"এমন শ্রেনীর মানুষ, পাগল, ছাগল, গরু, মুরগী কাউকে রেহাই দেয় না। 10 বছর নয়, ধরা পড়লেই এদের যাবজ্জীবন কারাদণ্ড হওয়া উচিত।"
794069196241191_360801530102070,Great job 👏
794069196241191_1162537314865753,Thanks dewa uchit bouma k .....budhi kore lok jon deke chilen ....na hole keo kichu korte parto na ...
794069196241191_989234506063579,Salute sir👍
794069196241191_1512293353050117,Good work
794069196241191_764906899189725,Congratulations 👏👍
794069196241191_753047163442379,Great Job 👍 👌
794069196241191_420521647648533,"১০ বছরের সাজা অনেক কম হয়ে গেলো...
ওয়েস্ট বেঙ্গল পুলিশ এর এই উদ্যোগ কে ❤️"
794069196241191_1494382521209855,Congratulations
794069196241191_1189870375693400,Congratulations
794069196241191_1005777051080705,Congratulations sir.I am proud of you.
794069196241191_1940902119700319,Salute sir
794069196241191_982643663495899,Baaa darun
794069196241191_1176772893634338,Salute sir 👍👍👍
794069196241191_440318622172860,Good job
794069196241191_1180360253380346,Keep it up 👍
794069196241191_328004840361966,10 years is too much
794069196241191_439409858983375,মাত্র 10 বছর কেনো?    আমৃত্যু কেনো হলোনা??
794069196241191_1023710785827753,"স্যার এগুলি মানসিক চিন্তা ভাবনা উপর ডিফেন্স করে ।‌।। মানসিক চিন্তা ভাবনা তলানিতে ঠেকেছে বলে এই  এই রকম কিছু  যখন কাজ গুলি বেড়ে চলেছে ।। মানুষ এখন দুই টি জিনিস বুঝে এক টাকা ,, টাকার জন্য যেমন সব কিছু করতে পারে ঠিক ।‌। তেমনি ফিজিক্যাল চাহিদা মেটানারো জন্য শিশু কি আর পাগল কি বা দুই ও এক ছেলের মা গুলি পালিয়ে যাচ্ছে ।। যতো দিন মানসিক চিন্তা ভাবনা ঠিক হয় ।‌ এই রকম মানুষের বেশে পশু দেখতে পাবা যাবে।।"
794069196241191_853811503473039,"শাস্তি পেতে ১৫ মাস সময় লাগলো? আর সাজা পেল মাত্র ১০ বছর, সারা জীবন জেলে রাখলে খুশি হতাম।"
794069196241191_784214063870143,
794069196241191_1256795818633543,
794069196241191_8062688690454869,
794069196241191_1019322896450745,
794069196241191_487063903907334,🫡🫡
794069196241191_349417278026067,🙏♥️
794069196241191_2223691681310040,.
794069196241191_8017848061599758,Putrobodhur ke salute 🫡
794069196241191_1953656421741037,Very good job West Bengal Police
794069196241191_1120657649017704,Sir adi adi sarhao
794069196241191_1543078709958819,Shameful
794069196241191_791520896434342,🙏🙏🙏sir
794069196241191_7600573440070205,Salute sir 👍👍👍
794069196241191_1796495047540098,I Love WBP
794069196241191_839559441436525,Sir akhon ki amader moto goribder sahajo kora jabe? Ami amar bea ta onek powerful loker sange hoache. Tai amra kichoi korte parchina
794069196241191_1176095880246595,বুড়োটা কে আরও কেস দিয়ে জেলে আটকে রাখুন
794069196241191_802183052122710,Ar to bichi kate  mere dite hobe
