,Unnamed: 0,POST_ID,CAPTION,REACTION_COUNT,COMMENT_COUNT
0,0,692583847600758_794431516204959,#ChakDeIndia #WorldChampions #Homecoming,4395,30
1,1,692583847600758_794069196241191,"যৌন নির্যাতনের শাস্তি ১০ বছর 

এক বছরের কিছু আগের কথা। ২০২৩ সালের ১৫ এপ্রিলের দুপুর। ঝাড়গ্রাম জেলা পুলিশের বেলপাহাড়ি থানা এলাকার ঘটনা। ছাগল খুঁজতে মাঠে গিয়েছিলেন ২০ বছরের এক মানসিক ভারসাম্যহীন যুবতী। পথে দেখা তাঁদেরই প্রতিবেশী ৬২ বছরের রমেশ সিং-এর সঙ্গে। যুবতীর মানসিক অসুস্থতার সুযোগ নিয়ে তাঁকে নিজের বাড়িতে ফুসলে নিয়ে যান রমেশ এবং যৌন নির্যাতন চালায় যুবতীর উপর।

কিন্তু রমেশ জানতেন না, কুকর্মের উদ্দেশ্যে যুবতীকে বাড়িতে নিয়ে যাওয়ার সময় তাঁকে দেখে ফেলেছিলেন তাঁরই পুত্রবধূ, যিনি ঘটনা আন্দাজ করে ডেকে আনেন পাড়ার মহিলাদের। এবং হাতেনাতে ধরে ফেলেন শ্বশুরকে। 

রুজু হওয়া মামলার দায়িত্ব নেন সাব-ইন্সপেক্টর বিমলকুমার টুডু। তাঁর ও ঝাড়গ্রাম জেলা পুলিশের 'ট্রায়াল মনিটরিং টিম'-এর অক্লান্ত পরিশ্রম ও প্রচেষ্টার ফলে মাত্র ১৫ মাসের মধ্যে নিষ্পত্তি হয়েছে মামলার। অভিযুক্তের ১০ বছরের কারাদণ্ডাদেশ দিয়েছেন আদালত। Jhargram District Police",1118,41
