COMMENT_ID,COMMENT
827570829557694_1656780668227154,"আমার বাড়ি বাঁকুড়া সদর থানার পিছনে (গোপীনাথ পুর) আমার একটি মোবাইল হারিয়ে যায় বিগত 29/07/ 2022 তারিখে আমি পর দিন ""সন্ধানে রিপোর্ট লস মোবাইল""  রিপোর্ট করি, তারপর আমাকে গত 25/ 01/2024 তারিখে ফোন করে ডেকে জানাই যে ফোন টি পাওয়া গেছে , কোনোও এক দিন ফোন টি আপনার হাতে তুলে দেওয়া হবে, কিন্তু আজ পর্যন্ত সেই দিন টা আমার এলো না🙏😭"
827570829557694_1719926005428078,Rakesh Dutta আসবে অপেক্ষা করুন আপনার মরার পর
827570829557694_1009398954263129,"Amr bandhur harano taka r amar dida er phn,,, 7years hye gelo ekhono paini"
827570829557694_1173841844051168,আমাদের ল্যাপটপ চুরি হয়েছিল সেটাও আপনারা ফিরিয়ে দিয়েছেন অজস্র ধন্যবাদ।
827570829557694_416058757669079,Shaona Chakraborty Ghosh আমার গার্ল ফ্রেন্ড হারিয়ে গেছে কি ভাবে পাবো
827570829557694_859571036114323,Shaona Chakraborty Ghosh 𝘼𝙘𝙝𝙖.
827570829557694_1037241401410548,Siddhartha Roy Chowdhury আপনি কোন থানার পুলিশ? শিবপুর?
827570829557694_3330476203914960,আমার ও ফোনটি গত 29/2/2024 হারিয়ে গেছে আমি আশিগর ফারি ও ভক্তিনগর থানায় এই ব্যাপারে ফোনের EMI  number একটি লিখিত FIR জমা দিয়েছি কিন্তু তারা এব্যাপারে কোনো খবর আমাকে এখনো দেননি ।।🙂🙂 তারা এই ব্যাপারটি দেখলে আমি খুব উপকৃত হতাম।
827570829557694_532033905959878,Krìßhñà Pæūl পোষ্ট করছে পাবলিক কে সান্তনা দেওয়ার জন্য এতে সিরিয়াস নেওয়ার কিছু নেই 🥱
827570829557694_846328681020040,Krìßhñà Pæūlআর পাবেন বলে মনে হয়না। ওনারা যেগুলো post korechen those are Rare cases
827570829557694_1738865253517274,"Ankita Ray ফোন পুলিশ খুঁজে পেলে 2000 টাকা পয়সা চাই,, না দিলে দেবে না ফেরৎ আপনাকে ,,, (30000 টাকার ফোন 2000 নিয়েছে তবেই ফেরৎ দিয়েছে) নিজস্ব অভিজ্ঞতা আমার।"
827570829557694_847600764131779,আমার 6 মাস হয়ে গেল এখনো পেলাম না
827570829557694_390689360468566,রবীন দে ora taka diay che ty Tara tari paya gache amr o to pary 8month hote kay kno khoj nay abr gd korte gachi bole akhne kno korcho jekahn diay churi hoay che okhne kro aty to police
827570829557694_888935499954700,"স্যার আমার phone হারিয়ে গেছে 7মাস হলো হাওড়া জেলার রাজাপুর থানায় ডাইরি করেছি ।এখনো কোনো খবর পায়নি,ফোনটি CEIR Portal এ ব্লক ও করেছি,সাথে একটি মেমোরী কার্ড ও‌রয়েছে‌, দয়া করে কোনো ব্যবস্থা করুন।
GDE NO-1344
DATE-30/01/2024"
827570829557694_7865077956951418,Amar 6 years holo.. 😭😭
827570829557694_378672691764414,"স্যার আমার ফোন গত বছর সম্ভবত জুন মাসে চুরি হয়েছিলো, এখনও পায়নি।"
827570829557694_8104894282937875,Pavel Smart Ghosh তিলোতমা কে কারা রেফ করলো তার প্রমান CBI পেলোনা আর আপনি একটা 20 হাজার টাকার মোবাইল এর কথা বলছেন
827570829557694_1006792477812300,আমার ফোন তো এক্ষণ ওহ পেলাম না
827570829557694_525230896698733,Soumyojit Hazra tui borolox arekta ki ne
827570829557694_1000891235053909,Jaydeep Karar তাই তো করলাম
827570829557694_1289784845630679,স্যার আমার ph হারিয়ে গেছে ৬ মাস হলো রবীন্দ্রসরোবর থানায় ডাইরি করেছি এখনো কেও খোঁজ দিলোনা
827570829557694_375026038979921,ওয়েস্ট বেঙ্গল পুলিশ কে স্যালুট  জানাই এই ভাবেই আমাদের পাশে থাকুন 🙏🚩🇮🇳 জয় হিন্দ 🚩🇮🇳
827570829557694_2690294401152320,"Sobsomoy churi hoe jawa phone pawa jai na ....
Jodi kno phone churi hoi r phone ta jodi  international border par  hoe jai tahole kono motei phone pawa jabe na ...
 onk somoy churi hoe jawa  phone firiye dite dekhechi police k .

Aj theke pray 1year age amar o notun phone churi hoechilo , phone ta 2 din use korechilm . Jai hok local thanai gd kora sotteo akhn o paini ....
So jeta bolchilm jader phone churi hoeche dhorjo rakho pawar thakle thik peye jabe akdin....
#KolkataPolice"
827570829557694_1481314152527317,Amar phone ta 2year hoye gelo akhono paini
827570829557694_8120136658075176,2021 er December a harano phone akhono paini
827570829557694_1633676833875475,"আমার গত জুলাইতে ফোন চুরি হয়েছে এখনও পাইনি থানাতে রিপোর্ট করেছি,
স্যার, প্লীজ দেখবেন। 🙏🏻"
827570829557694_1019700436352519,"Sir , amr o report lekhano ache."
827570829557694_1557482741870330,Amar 5  Months holo kono kbr e pelam naa
827570829557694_1055427312836836,It has been passed a long two years but I have not been returned till now.
827570829557694_406853245352412,W B পুলিশ আমাদের ভরসা।
827570829557694_3833934986864667,Amr new phn bag theke churi hlo tai pelam na 5 yr hlo
827570829557694_3869245633397970,আজ 2 বছর হয়ে গেল gd করার এখনো পেলাম না
827570829557694_3759773604305601,Amr ta ekhono pelam na 2 mas hoye gelo
827570829557694_540478591764069,"আমিও একবার আমার হারিয়ে যাওয়া মোবাইল ফোনটা, কলকাতা পুলিশের সহযোগিতায়, গর্ফা থানা থেকে ফিরে পেয়েছিলাম প্রায় ১৬ / ১৮ দিনের মাথায়।
অসংখ্য ধন্যবাদ জানাই কলকাতা পুলিশকে তাঁদের তৎপরতা ও ঐকান্তিক প্রচেষ্টার জন্য।🙏"
827570829557694_1696203257803876,"পুলিশ যে ভালো কাজ করে তার ভিডিও তুলে সোশাল মিডিয়া দিতে বলেন নিজ নিজ আইডিতে ,,সব পুলিশ জেলা এবং থানাগুলিতে এতে মানুষ পুলিশের সাথে বেশি যুক্ত হবে ,,অপরাধ কি মানুষ বুঝতে পারবে ,,অন্যায় কমবে ,,পুলিশ সম্পর্কে মানুষের ধারনা আরও ভালো হবে।।বিষয়টি বিবেচনা করবেন দয়া করে,,ভালো থাকুন ও সুস্থ থাকুন সবাই।।
                       ।।।  ❤️❤️"
827570829557694_529574773067924,গতবছর জানুয়ারিতে আমার মেয়ের ফোন চুরি গেছে পেলাম না।
827570829557694_360104740487995,Amar 1 year hoya galo complaint korechi akhon oo kono update nai
827570829557694_3413855965425913,3 yr hoye gelo GD korar...
827570829557694_1587523865513572,আমার ভাইঝি  ফিরে পেয়েছিল
827570829557694_1617829639074161,Tai jonno haria jawa mobile kono din o pai na…. Report lekha te gala police hi bole dai …. Paben na
827570829557694_1242237950007126,Amar ta 3 years plus holo...kono update nei...
827570829557694_924968349670539,Grr👌
827570829557694_8455944391091652,"Salute 🫡 
West bengal police"
827570829557694_869280561405689,যাক ভাল লাগল এটা দেখে। সবাই  যাতে ফিরে পায় সেই চেষ্টা করলে আরো ভাল হয়।
827570829557694_517753067360358,"এরা কারা যাদের চুরি ফোন খুঁজে দেয় !!!

আমাদের এখানে এমন দায় সারা ভাবে রিপোর্ট নেয় যে imei নাম্বার টাও চায় না....💐"
827570829557694_1288945098753382,"Dear sir, 
I didn't receive my phone till date which was stolen in aug 2020!!
We want justice ⚖️"
827570829557694_419371337827979,Even when i try to be in touch with the officer he always used to ignore me with silly reasons 😭
827570829557694_487350024261351,"আমার টোটাল ৭ টা ফোন হারিয়েছে, একটাও পাইনি।"
827570829557694_862346999329398,পশ্চিমবঙ্গ থেকে কত ফোন চুরি গেছে আর কত ফোন আপনারা উদ্ধার করেছেন সেটা জানালে আপনাদের দক্ষতা প্রকাশ পেত । সাথে এটা জানালে আরো ভালো হয় যাদের ফোন উদ্ধার করে দেন তাদের মাথাপিছু কত টাকা করে তোলা তোলেন ?
827570829557694_825107573090999,"আমার প্রায় 40 হাজার টাকা মেরে দিলো লোন দেওয়ার নাম করে,, কাটোয়া থানায় কেশ করলাম কোনো কিছুই হোলো না,,"
827570829557694_27129438083337026,ℝ𝕖𝕡𝕝𝕪 𝕕𝕚𝕖𝕟 𝕤𝕚𝕣
827570829557694_518473454097998,Amr 3 months holo...still paini.
827570829557694_821262390187843,Argha Dutta pabay o na 😂
827570829557694_839645088276186,1 years hoye gelo pH pelam na 😥
827570829557694_1029697201819877,2014 ki 2015 sale amar phone churir report submit kori 10 years hoye gelo ekhono khoj paini
827570829557694_380560711555848,Amar ta 3 te phone hariye geche .
827570829557694_500007162977743,আমাদের একটা ৬ মাস হয়ে গেলো এখনো পাইনি 🥺
827570829557694_1022220222885030,"আমার ফোন চাকদাহ সিংহের হাটে চুরি যায় সংগে সংগে চাকদাহা থানায় GD করি কিন্তু আজো কোনো ইনফরমেশন পেলাম না, ৯ মাস হয়ে গেলো।"
827570829557694_806826371597979,"আমি সাত মাসের মধ্যে পেয়েছি, হাওড়া জেলার পেড়ো থানা থেকে..."
827570829557694_524446480253032,আমি আমার ফোন এখন পাইনি ।
827570829557694_1968450366939237,Amr ph peay ne akhono 10 mnth hoea gacha
827570829557694_384730597774320,Bah
827570829557694_1869809823514845,5 years hoe gelo
827570829557694_1309027456733413,"আমার 2 টো ফোন চুরি হয়েছে.2 বারেই পুলিশ কমপ্লেন করেছিলাম.কোনোটাই পাইনি.
পুলিশ যেভাবে পোস্ট করে তাতে মনে হয় আমি ছাড়া সবাই হারিয়ে যাওয়া ফোন ফেরত পায়.
এই দুনিয়া কি আমাকে মেনে নেবে?"
827570829557694_1591559398425367,আমার 2 বছর হয়ে গেলো আজও পেলাম না।
827570829557694_908216327812876,Sudhu amar tai pawa gelo na 😅
827570829557694_1208342587052564,CEIR portale dekachhe trace pawa geche local thana te jete kintu local thana bolche amra paini. West Bengal Police
827570829557694_497012106285140,খুব সুন্দর
827570829557694_497789516230114,আমারটা এখনো পাইনি।
827570829557694_3703144246616851,"প্রায় ছয় মাস হয়ে গেলো ফোন পেলামনা স্মার্ট ফোন পয়া যায় না ক্রিপেড ফোন হলে পায়া যেতো ,?"
827570829557694_2166663190387028,Suraj Kumar De toke dakeni ??
827570829557694_1222520935547693,"Tuhin Kundu na 
West Bengal to aktu deri hbe"
827570829557694_26411833045131444,Tuhin Kundu agulo bodhhoi 5/6 bochor ager case
827570829557694_3763535770595962,Suraj Kumar De WB police ee toh dhoreche
827570829557694_1206327073964797,"Suraj Kumar De tui phone kore khabar ne,dekh ki status?"
827570829557694_1019698993186849,আমার প্রায় আড়াই বছর হলো পেলাম না 🙂
827570829557694_1016333333500973,"আমাদের ফোন গুলো কেন ফিরিয়ে পাইনা,,জিডি করা সত্ত্বেও"
827570829557694_1243267923783528,👍💚👌
827570829557694_824507096505659,👍👍👍
827570829557694_492907340115634,@
827570829557694_812103637670298,"এবছর সাতমাস হলো আমার ফোন আমি কেন ফিরে পেলাম না এখনো, কবে ফেরত পাবো ।"
827570829557694_764456312362584,আমার 1 year হয়ে গেল এখনো পেলাম না
827570829557694_915290470436169,আমার পাঁচশো টাকার ফোন হারিয়ে গেছে পাঁচ বছর হয়ে গেল এখনোও পেলাম নাহ।😭
827570829557694_477345745216184,কোনো কাজ হয়নি আমার ফোন পায়নি
827570829557694_483493321237740,𝕀 𝕝𝕠𝕧𝕖  𝕜𝕠𝕝𝕜𝕒𝕥𝕒 𝕡𝕠𝕝𝕚𝕔𝕖 ❤️❤️❤️❤️🌹🌹🌹🌹
827570829557694_1660623508053756,"টিটাগড় থানায় অভিযোগ জানিয়েছি অন্তত ৩মাস আগে, চোর ফোন ব্যবহার করছে, ফেসবুক ইউজ করছে দেখানো সত্ত্বেও ফোনের  সামান্য লোকেশন ট্র্যাক কর্তে পারেনা, এতটাই অপদার্থ অকর্মন্য সাইবার সেল 😏😏"
827570829557694_980426490524080,Jay Hind sir
827570829557694_2250399345322199,"ফোন হারিয়ে তিন বছর এখনো কোন খবর নাই।
পুলিশ 👮 এর থেকে আর ভরসা নেই আমার 🙏"
827570829557694_1574526820086139,"স্যার ডায়মন্ড হারবার মোটর ভিকেলসের রমরমে ঘুষের কারবার এর অভিযোগ করেছে আপনারা এই নিয়ে পদক্ষেপ নিচ্ছেন না কেন এবং এই লিঙ্কটা দিলাম ভিডিওটা দেখে নেবেন https://youtu.be/mwYVOpUYRlk?si=UoM4AnZDhbaQrhum
এবং উপযুক্ত ব্যবস্থা নেবেন আশা করছি ধন্যবাদ ! 
West Bengal Police 
Mamata Banerjee"
827570829557694_1555111368751618,একটা ফোনের যা দাম তার থেকে বেশি ঘুষ দিতে হয় ওই ফোনটা খোঁজার জন্য 👍... এটাই আমাদের রাজ্যের গর্ভ
827570829557694_1014479123803389,বিগত February মাসে বাঁকুড়া জেলার সিমলাপাল থানার অন্তর্গত বিক্রমপুর মোড়ে আমার বাইকের ডিকি থেকে টাকা চুরি হয়ে যায় পুরো ঘটনা CCTV কেমেরায় বন্দী থাকলেও বারবার প্রশাসনের দারস্ত হয়েও কোনো কাজ হয়নি দয়াকরে যদি আমার টাকা টা ফিরিয়ে দেওয়ার বেবস্থা করেন
827570829557694_824082676586423,"২. মোবাইল উদ্ধারের স্ট্যাটাস তো পোস্ট করেন কিন্তু মোবাইল চোরদের কি শাস্তি দিচ্ছেন সেটা তো কখনোই পোস্ট করেন না। আজকাল যে পরিমাণ তথ্য মোবাইলে থাকে তাতে মোবাইল চোরদের কে ফাঁসির শাস্তি দিলেও কম হবে বলে বিশ্বাস করি।

১. পুলিশের কাছে একটা জিজ্ঞাসা - যে সেট টি আমরা ক্রয় করি সেটা Aadhaa Authenticate করে আমাদের IMEI ট্রাক করতে দিলে সমস্যা কোথায় ? আপনাদেরও ঝামেলা কমতো।

# ১৫ই অক্টোবর,2022 তারিখে রতুয়া থানার মহারাজ নগরে খোয়া যায় Redmi 6 Pro সেটটি। 18  তারিখে পুকুরিয়া থানায় GD করি। থানা থেকে একটিও আপডেট পাই নাই।

mi cloud  ট্রেস করে দেখা যায় খোয়া যাওয়ার প্রায় একমাস দশ দিন পর সেটটি কলকাতার সুন্দ্রনাথ কলেজ ও বঙ্গবাসী কলেজে মাঝামাঝি MG ROAD এর ধরে লোকেশন show করে। তারপর থেকে এখন পর্যন্ত আর কোনো আপডেট ক্লাউড ট্রেস করে পাওয়া যায়নি। ওটাই লাস্ট আপডেট ছিলো।"
827570829557694_534008589291603,"জনগণ পুলিশ এর কাছে ভালো ব্যবহার চায়,  আইনের রক্ষা চায়, পুলিশ কে আইন রক্ষায় সাহায্য করতে চায় , অপরাধী দের শাস্তি চায় , জনগণ পুলিশ এর বন্ধু হতে চায়, দলমত নির্বিশেষে পুলিশ প্রশাসন সব অপরাধী কে ধরুক সেটা চায়,কোন নির্দোষ ফেঁসে গেলে পুলিশ তাকে বাঁচাক এটা চায় ,‌ জনগণ- পুলিশ উভয় সুরক্ষিত থাকুক এটা চায়।

জনগণ পুলিশ সিস্টেম এর কাছে রাজনৈতিক দল দাসত্ব চায়না , নির্যাতিতা গোপন করে আত্মহত্যা বলে চালিয়ে প্রমাণ লোপাট করে মাফিয়া বর্বর দের বাঁচিয়ে দেওয়া চায় না,
 প্রতিবাদ করলেই লাঠিপেটা,‌ভুয়ো কেস,‌গাঁজা কেস এসব চায় না , বদমাশ রাজনীতিক দের আর কিছু উঁচু তলার মাফিয়া দোসর অফিসারের অনৈতিক, অসাংবিধানিক,‌আমানবিক নির্দেশ পালন করতে এসে পেটের দায়ে চাকরি করা নীচুতলার নির্দোষ পুলিশের এইরকম পরিনতি জনগণ চায় না।

পচা সিস্টেম এর পরিবর্তন চেয়ে পুলিশ ও জনগণের পাশে থাকুক।তাহলে পরিবর্তন সম্ভব।"
827570829557694_481627658168281,চুঁড়ি পড়ো চুঁড়ি
827570829557694_1295981231777083,#justiceforRGKar
827570829557694_791181953092017,ফোন খুজেঁ দিয়েছে বলে সারা একটা দিন ফটো তোলার উৎসবে মেতে ছিলো বোধহয়।
827570829557694_498654066227671,"Amar 3 ta churi hoyeche 2005 to 2007 , ekta o fire pai ni. Ulte GD korte gele jhamela kore, bole churi lekha jaabe na, lost or missing likhte hobe. Ja te investigation er daay ghre na chaape"
827570829557694_418911187356631,আমার ১৫০০০ টাকার ফোনে খুঁজে দেওয়ার জন্য ৬০০০ দিতে হবে বলেছে😪
827570829557694_435997406138889,"Dekhun   ei chele ta appnader niye ultapal ta video banacche West Bengal Police
https://www.facebook.com/100080806862446/posts/528321863204705/?app=fbl"
827570829557694_1560195368204849,Arey you comedy me
827570829557694_817950670501199,টাকা চাওয়ার অভিযোগ কি মানবেন???
827570829557694_1266357734740887,"Bankura District Police আমার একটা ফোন চুরি হয় 13/7/21 , সোনামুখী থানায় fir করে ছিলাম অনেক বার থানা গেছি এই page a comment করে fir copy দিয়েছি আজ প্রযন্ত পেলাম না ,সেটা তো গেলো পেলাম না কাজ দরকার এ আবার একটা ফোন নিলাম সেটাও চুরি হয়ে গেলো বেলিয়াতোর থানায় fir করি 20/01/23 আজও 3 মাস হতে গেলো এখনো কোনো খোঁজ খবর নেই । সত্যি কি পাওয়া যাই? আমার তো মনে হচ্ছে পাওয়া যায় না বলে মনে হচ্ছে কারণ একটা হয় গেলো ঠিক আছে দু দুটি phone গেলো পেলাম না,
@Bankura district police?"
827570829557694_404700448919479,"হ্যা আপনারা ফোন খুঁজুন ফোন চুরি করেছে এমন চোর খুঁজুন।
এদিকে ধর্ষক রা ঘুরে বেরোচ্ছে"
827570829557694_875081824499062,"SSC হারিয়ে গেছে , খুঁজে দিন না  ।"
827570829557694_468607055996363,বাইক ধরা আর গাড়ি থেকে টাকা নেওয়া এসবই করুন
827570829557694_793526249365954,হারানো লজ্জা যেদিন ফিরে পাবেন সেদিন জানাবেন!!
827570829557694_534438252259013,রাজ্যের পুলিশের মেরুদণ্ড হারিয়ে গেছে 🙂 ওটা একটু খুঁজে বের করুন প্লিজ 🙏
827570829557694_544199371274142,"West Bengal PoliceeKolkata Police রাষ্টই ধর্ষক, আপনারাও রাষ্ট্রর গুরুত্ব পূর্ণ অংশ।
এই ঘটনা তে আপনাদের বেশি ইনভলভ হওয়া দরকার।"
827570829557694_1036816174576325,Apnara ekhon etai korum
827570829557694_1537387373542797,আরজি কর এর ঘটনা ঘোরানোর চেষ্টা উফ্
827570829557694_1082535520117675,তিলোত্তমার বিচার চাই।
827570829557694_375557815596324,Upnara tho pH gulo peye nijeder kachei rekhe den!!!!😡😡😡😡
827570829557694_1705415720190521,পশ্চিম মেদিনীপুর এর বাইক গুলো একটু দেখুন শালবনি থেকে আজ থেকে চার মাস আগে আমার মোটরসাইকেল টি চুরি হয়ে যাই একটি মেলা থেকে শালবনি থানা থেকে যেই খানে মেলা টা হচ্ছিলো তার দুরুত্ব ৪০০ মিটার মাত্র সি সি ক্যামেরা তে চোর কে দেখাও গেছে তাহলে এত দিন হয়ে গেলো আজও কেন ধরা পড়লো না
827570829557694_8347588105299949,হারানো বিশ্বাস ফিরিয়ে দিন please 🙏🏻
827570829557694_1228067891830643,নাক্কাম্বা পুলিশ আমার samsung a21 হারিয়ে গেছে দু বছর হয়ে গেছে পুলিশের কাছে জিডি করেছি পুলিশ এখনো পর্যন্ত আমার ফোনটা খুজে দেয়নি
827570829557694_359876950511098,"মোবাইল খুঁজে দিয়ে,,মোবাইল মালিকের থেকে যে বকশিস নেন,,এব্যাপারে কিছু বলেন....🙂"
827570829557694_1073463997676995,এই সব নিউজ এখন পোস্ট করে RG Kar ঢাকা দেয়া যাবে না
827570829557694_879869254057288,"Plz হেল্প 🙏🙏🙏🙏🙏
🙏আজ ক্যানিং থেকে বারুইপুর অটো করে  যাওয়ার পথে আমার ফোনটা পড়ে যায় , কোনো প্যাসেঞ্জার বা অটো ড্রাইভার দাদা যদি পেয়ে থাকেন তাহলে একটু জানাবেন ।  উপযুক্ত পারিশ্রমিক দেওয়া হবে । 🙏🙏🙏
🙏🙏ইনবক্স me 🙏🙏🙏"
827570829557694_497672599874831,"কত সুন্দর গল্পটা!
মোবাইল চুরি গিয়েছে এটা জানিয়ে ডায়রী করতেই দেই না।
লিখতে বলে সিম হারিয়ে গেছে!
যেমন সরকার তেমন তার পুলিশ !
নাটক"
827570829557694_1889498148220939,"আমার তো দুটো ফোন চুড়ি গেলো একটা 6 বছর আর একটা 7 বছর হয়ে গেলো police এখনও খুঁজছে মনে হয়, police যে কি করতে পারে রাজ্যবাসী জেনে গেছে। আপনাদের আর ফলাও করে বলতে হবে না।"
827570829557694_870473531633299,এর বাইরে তো আর কিছুই করতে পারেন না 😅
827570829557694_1156032685478232,"Faltu kotha joto sob

Ami ph tar GD kore khuj nilm 3months hye gelo tarpor giye khij nilam bole kichui enroll hoyni kichui information nei , ar totokhine bangladesh police amr mobile rescure kore send o kore dilo . Thanks to Chattogram Metropolitan Police & DB Robiul Islam for their countless effort & good will. 
My police didnt do anything to me except bad behaviour(ধমকি)."
827570829557694_521823073653517,It’s part of ur duty. Apnader theke extra ordinary keu expect krchna. But sei basic safety security o provide korte paren na apnara.
827570829557694_1553588808916794,"এখানে লোকের চাকরি চুরি, রেশন চুরি, গরু চুরি, কয়লা চুরি সব হয়ে যাচ্ছে, যা হোক আপনারা ফোন চুরি টা তো আটকাচ্ছেন, এটাই অনেক।"
827570829557694_1041857684112331,হল পুলিশের উদ্ধারের জন্য করা হচ্ছে এগুলো পুলিশ পারেনা এমন তো ছিল না কারন ইমজি নাম্বার দিয়ে একটা ফোন ট্র্যাক করা কোন ব্যাপারই না কিন্তু পুলিশ করত না উল্টে ফোনের এফআইআর করতে গেলে দু ব্যবহারও যুক্ত অনেক থানায়।
827570829557694_1145883699808281,I request to West Bengal police This number *************** every day calling my family too much bad language use I don't know who people please West Bengal police action this number
827570829557694_816772767332957,West Bengal Police Kolkata Police Nijeder dhak petano ta bondho korun.
827570829557694_473308482288660,"নবান্ন অভিযানে লাশ ফেলার খবর পেলেন,,, কিন্তু R G Kar এ ধর্ষণ খুন আর হামলার ঘটনার কোনো খবর পেলেন না !!"
827570829557694_980888537118696,"ঘোড়ার ডিম চেষ্টা থাকে আন্তরিক, ফোন চুরি অভিযোগ দায়ের করতে গেলে বলে লিখুন হারিয়ে গেছে, না হলে অভিযোগ নেবো না"
827570829557694_905347118074053,Comment section stop Rakha hai kano ..সহ্য হয় না তবে।
827570829557694_524403273426122,আমার ফোন শিলিগুড়ির নৌকাঘাট এলাকার এক পেট্রোল পাম্প থেকে (চুরি)হারিয়ে গেলে জলপাইগুড়ি থানায় জিডি করি এখনও পাইনি। ছয় মাস হয়ে গেছে। সিসি টিভি ফুটেজে চোরকে দেখা গেছে তবুও। এখানেই সন্দেহ হয়
827570829557694_8175970939108620,Amar choti ta churi hoyeche ky jy akhono chatchy janina
827570829557694_1257013899050255,"তিনটে ফোন হারিয়েছে একটাও পাইনি, উল্টে পুলিশের যা ভাষা ও ব্যাবহার পেয়েছি উফফ... বাঁধিয়ে রাখা গেলে বাঁধিয়ে রাখতাম৷ কথাবার্তা শুনে একবারের জন্যও মনে হয়নি এদের সাধারণ জ্ঞান একটু আধটুও আছে বলে..."
827570829557694_490892740378196,কিছু টাকা নেওয়া  হয় ও তাদের কাছে এটা বলা হয় কেন |
827570829557694_1584422482287205,Last Option.🫠
827570829557694_475487715390583,চুঁড়ি পড়ো চুঁড়ি
827570829557694_479641908324162,Abhishek Banerjee churi hoye ge6e pawa jayye na amr Dada k ektu khuje deven CHOTI CHATa police
827570829557694_851105200287909,Sotti kore bhalo kaj korle lok daekhanor jonyo post korte hoyna. Koto pride er songe kaj korte dekhechhi babake. He would have felt ashamed if he lived now !😢
827570829557694_1045010060355684,এর জন্য আপনাদের পরম বীর চক্র দেওয়া হবে 🙂
827570829557694_1227141544974075,Eisob kora eder kaj sathe crime er tottho lopat...
827570829557694_2761042110722276,"তোরা কত জল মারবি মার , আমি এখানেই থাকবো, মমতার ঠুল্লু, তোরা আমাকে মেরে ফেল আমি এখানেই মরবো।
সে যে পার্টির হি হোক না কেনো, 
একজন 69+ ঊর্ধিনো মানুষ নিজের জীবন বিপন্ন করে এই আন্দোলনে যুক্ত হয়েছে তার মানে তার মধ্যে কতটা অসহায় আর রাগ যে সে নিজে আন্দোলনে চলে গেছে। 
এই মানুষ টা হয়তো আর কিছুদিন বাঁচবে , সে তার জীবনের তিন অধ্যায়ের মধ্যে শেষ অধ্যায় দাঁড়িয়ে আছে, তার কাল কে নেতা হবে কি , দেশ কে চালাবে,তার জন্য তার হয়ত  কিছু মান্য না রাখলেও চলতো,  কিন্তু তার জন্য এই জঘন্য অপরাধ চিন্তা করে ও মিছিলে চলে গেছে, কতো বড় একটা নিজেকে  উৎসর্গ ,  হয়তো  সে মরে যেতে পারে ভিড়ের মধ্যে, হয়তো পুলিশ গুলি করতে, লাঠির মার খেয়ে কিছু হয়ে যেতে পারতো উনার মতন এই বয়সে  গুরুতর আঘাত লাগতেও পারতো, কিন্তু সেটার না তোয়াক্কা করে সে  এই সংগ্রামে ভাগ নিয়েছে।
এটা আমাদের কাছে ভাবার ব্যাপার, যে   আমরা তার হয়তো অর্ধেকের থেকেও কম বয়সে বা বেশি বয়সের মানুষ ra আমাদের কিন্তু পুলিশের লাঠির মার বেশি  ভয় লাগলো, জীবনের বাঁচার ভয় লাগলো, কিন্তু সেখানে আমাদের যাওয়া দরকার ছিল।
এই বয়সের মানুষ ra আমাদের বাড়িতে শ্রদ্ধা শান্তি তে আরাম করে , সন্মান তো উনাকে করা উচিত যে সে  আমাদের  আর আমাদের বাচার ভবিত্সর কথা ভেবে লড়তে গেলেন আর আমরা আর নিজের ঘরেই থেকে গেলাম।
 উনার এই সংবাদ দেশের মানুষ কে সেবার জন্য উনাকে কোটি কোটি প্রণাম।"
827570829557694_883178643699811,"https://youtu.be/MI1A_S5-xfc?si=VUV4zOURvwvcUlO9
Was the Policewoman lying or blue shirt man is lying and what action is taken?"
827570829557694_492906313510574,"Apnara Karo choti te ki sob chete asben...ar ekhon Kota lomer mobile dhore ki bojhachhen?? Sadharon Manush er mobile churi gele dhoren?? Open challenge roilo .... With evidence dekhiye debo in future... Parle challenge ta accept korun! Uniform ta pore nijeke dekhe jedin lojja paben,ba nijer chhotto ekrotti meye ta jedin jigesh korbe ,""Baba 14th August tomra kothay Chile?"" Uttor dite parben to? Urdi ta kintu apnar e thakbe, nahole oi Nobanno ke chatle kobe Dr.Sandip Ghosh hoye jaben!!! Ke jane!!!!🫣🫣🤔🤔😡😡

#westbengalpolice #KolkataPolice"
827570829557694_1218684322490788,আজকে কাকে খুঁজতে হবে। লাল গোল্লা পাকিয়ে ছবি দিন
827570829557694_1438392526860165,কি হল ফেক পোস্ট নিয়ে মানবের প্রশ্নের জবাব দিন । কতদিন গুলবাজি চালাবেন ????
827570829557694_1019440782834969,https://youtu.be/7OyvHi3H-HQ?si=6nL5P4C0OGq-F729
827570829557694_2491271911068304,ফিরিয়ে দিলেও তো থানা কমিশন নেয়
827570829557694_1822817861461632,"আমার ফোন হারিয়ে যাওয়ার বয়স ১২ মাস অর্থাৎ একবছর হয়ে গেল,এখনও পেলামনা। 
আর দরকার নেই ওটা বুড়ো হয়ে গেছে,পেলে আপনারা বিক্রি করে কটকটি কিনে খেয়ে নেবেন।"
827570829557694_1027226571924327,"পুলিশকে এখন এইভাবে জনসেবার সার্টিফিকেট জোগাড় করতে হচ্ছে,, ভাবা যায় ----!
এরপরে তো পিসি লোকের বাড়িতে বাসন মাজতে বলবে,, সেই ছবিতে আরও লাইক পরবে,,
তখন নিশ্চই পঃ বঙ্গ পুলিশ সমাজসেবায় পিসির হাত থেকে এ্যাওয়ার্ড পাবে,,"
827570829557694_856147666494450,Kolkata police er upore ba West Bengal Police er upore kono vorsa nei.... Sorry sir... 😐
827570829557694_525243253332524,"মোবাইলটা অন থাকার ও ২-৩ দিন পর লোকেশন বললেন,তাও রোজ রোজ গিয়ে জিজ্ঞেস করাতে। কোনো সহযোগিতা পেলাম না, মোবাইলটা নিজে গিয়েই বাইরের লোকের সহযোগিতায় আনলাম,চোর ও ধরিয়ে দিতে চাইলাম,, ওনারা 'হুম' 'হুম' করে চালিয়ে দিলেন-এই তো অবস্থা🙂। ওনারা চোর ধরবেন কি তা না আমিই ধরে দিতে চাইলাম😂ওনারা যে লোকেশন টা বলেছিলেন এই আমার ভাগ্য🥲"
827570829557694_467802539415572,আগের ফেক পোস্টের কমেন্ট সেকশন বন্ধ কেন??
827570829557694_866032918332428,Manab Guha   omg 😱 😱 পুলিশও আবার ফেক পোস্ট করে 🤭🤭🤭
827570829557694_2293459964349901,Manab Guha এত প্রশংসা সহ্য করতে পারেনি দাদা
827570829557694_546648687695281,Manab Guha এনারা আবার ফেক পোস্ট ও করেন নাকি ?
827570829557694_8463183743726321,Manab Guha দাদা তুমি কিন্তু ফুলিশের প্যান্ট খুলে নেওয়ার চক্রান্ত করছ 🤣🤣🤣🤣🤣🤣
827570829557694_1213905909922711,"Suman Mandal 4 টে নিরপরাধ ছেলেকে আন্দোলনে  আসতে দেবে না বলে এরেষ্ট করে পরশু রাতে,  চাপে পরে বাধ্য হয়ে সেই খবর সোস্যাল মিডিয়ায় প্রকাশ করে এই অজুহাত দেখায় যে এরা লাস গুম করে দেবে সেই সন্দেহে এরেষ্ট(😁)। সবাই সেই পোস্ট এর খিল্লি করে, কারন নিতান্তই কাঁচা স্ক্রিপ্ট। গতকাল আন্দোলন শেষে তাদের ছেড়ে দেয়। ব্যাস সেই পোস্ট এর কমেন্ট সেকশন অফ।"
827570829557694_1816321275563054,Manab Guha পুলিশেও ভেজাল 😃😃😃😃😃।
827570829557694_781259540630276,Manab Guha দাদা আপনি কি আবার রেড মার্কেটের গুন্ডাদমনকারি শাখায় যাবেন নাকি? 😆😆
827570829557694_8239031286155693,"পুলিশ  আপনারা কর্মবিরতি করুন, মমতার কথা শুনে কেনো মার খাবেন?"
827570829557694_708900471415689,পশ্চিমবঙ্গের পুলিশের অমানবিক ভাবে লাঠিচার্জ ছাত্রদের উপর গতকাল মমতার পদত্যাগ চাই এবং এই পুলিশদের বিরুদ্ধে কঠোর শাস্তি চাই
827570829557694_7895584357234252,নপুংসক এর দল
827570829557694_470883265929641,"My brother reported a mobile theift, post lodging a complaint the respected police man asked for bribe.. 1000 taka din tatari kazta koredibo.. he had to bargain and had to give 500 rs for complaint lodge.. West Bengal Police don't you monitor this?"
827570829557694_523481666898060,Police ke taka na dele phone  khuje  Dai na .ati  bastab
827570829557694_433006305804067,I think pH ar theke besi mone hoi  zaruri akhon meyetar khuni gulo ke khoja .. apnara ato active je pH peye jachhen ar khuni ke dhorte pachen na ..
827570829557694_868395654763230,"বিদেশী শেয়ার কেনা বেচার নামে ১ লাখ টাকায় প্রতি মাসে ১১০০০ টাকা দেবার প্রতিশ্রুতি দিয়ে monzaee বলে একটা কোম্পানি সেক্টর ফাইভে হয়েছে
 বহুবার বহু মানুষকে সাবধান করেছি 
আমার কথা শোনেনি এখন কোম্পানি এজেন্টদের কমিশন দেওয়া বন্ধ করেছে আসল টাকাও তুলতে পারছে না ১১% সুদ দেওয়া বন্ধ 
বিশদ জানতে আমাকে ফোন করুন
হয়তো আরো কিছু মানুষকে আমরা সচেতন করতে পারব বাঁচাতে পারবো 
আপনার পরিচিতরাও একটা চিটিংবাজের পাল্লায় পড়ে টাকা রেখেছে আমাকে এই নম্বরে ফোন করতে বলুন আমি ডিটেইল টা বলছি। 9433086606
 আমি সাবধান করেছি বলে 
আমাকে উল্টাপাল্টা কথা বলেছে 
যে আমি কিছু বুঝিনা
 যেটা বুঝি না সে বিষয়ে কেন কথা বলছি

আপনাদের ভাই ছেলে বন্ধু
সুমন বণিক 
মাহেশ ♥️শ্রীরামপুর
 9443086606"
827570829557694_858558559548961,Sudhu r@pe hole r@pist k khuje payna era …. Baki sob pay era 🤣🤣
827570829557694_1662766994516389,"বিদেশী শেয়ার কেনা বেচার নামে ১ লাখ টাকায় প্রতি মাসে ১১০০০ টাকা দেবার প্রতিশ্রুতি দিয়ে monzaee বলে একটা কোম্পানি সেক্টর ফাইভে হয়েছে
 বহুবার বহু মানুষকে সাবধান করেছি 
আমার কথা শোনেনি এখন কোম্পানি এজেন্টদের কমিশন দেওয়া বন্ধ করেছে আসল টাকাও তুলতে পারছে না ১১% সুদ দেওয়া বন্ধ 
বিশদ জানতে আমাকে ফোন করুন
হয়তো আরো কিছু মানুষকে আমরা সচেতন করতে পারব বাঁচাতে পারবো 
আপনার পরিচিতরাও একটা চিটিংবাজের পাল্লায় পড়ে টাকা রেখেছে আমাকে এই নম্বরে ফোন করতে বলুন আমি ডিটেইল টা বলছি। 9433086606
 আমি সাবধান করেছি বলে 
আমাকে উল্টাপাল্টা কথা বলেছে 
যে আমি কিছু বুঝিনা
 যেটা বুঝি না সে বিষয়ে কেন কথা বলছি

আপনাদের ভাই ছেলে বন্ধু
সুমন বণিক 
মাহেশ ♥️শ্রীরামপুর
 9443086606"
827570829557694_383847664734784,আরজি করের মেয়ে টা কে ফিরিয়ে দিন. তখন তোহ টয়লেট এ লুকিয়ে ছিলেন
827570829557694_1429880184508348,আমার ফোন টা বাংলাদেশ পাচার হয়ে গেলো আপনাদের চোখের সামনে দিয়ে। এখনো চোর ধরে দিতে পারলেন না। অপদার্থ পুলিশ বাংলার। এখনো পেলাম না আমার ফোন।।
827570829557694_864013595653073,তৃনমূল যে চাকরি চুরি করেছে সেগুলো মানুষ কবে ফেরত পাবে।
827570829557694_1026700489235065,What about justice?
827570829557694_870087901707204,500/1000 taka দিলে খুঁজে দেয় না হলে দেয় না
827570829557694_360143943699447,2016-17 te churi gechilo . Sealdah station  theke . Okhanei report lekhai . 14-20 diner modhhe nijei location track kore Siliguri dekhte pai . Ekhono paini ni .
827570829557694_1019852326132527,"হাগতে গিয়ে আমার পিছনের চুল একটা হারিয়ে গিয়েছে খুঁজে দেবেন প্লিজ। 
আপনারা তো অপরাধীদের ধরতে পারবেন না তাই এই কাজটাই করুন।"
827570829557694_1172937390610692,"Congratulations to the WBP team!

I would appreciate it if you could share some photos showing actions taken against unprofessional police officers, based on the numerous videos posted by various individuals in FB. It's unclear whether these videos have been reviewed by senior officers or if any subsequent actions have been taken.
 Highlighting these actions would serve as a great example that WBP is committed to upholding law and order. It’s also important to demonstrate that the general public's perception of the police is misguided. The entire force should not be judged based on the actions of a few unprofessional officers.

If any senior officials is reviewing my statement,  please reply an one word of confirmation."
827570829557694_533344012420754,Upper primary 10 years hoye glo kothay ache tenara khuje din.
827570829557694_26703607302586246,"সিথি থানাতে জিডি করলাম।  ডায়েরি,  ক্যালেন্ডার সব দিলাম,  ফোন পেলাম না।"
827570829557694_523602446709225,Comment pore nijeke just Joker mone hocche
827570829557694_533828755661840,"Amr 1000 takar cyber fraud hoyechilo,bole tmr ei takar jnno amder tel khoroch uthbe na,tumi case tule nao🥲"
827570829557694_915207817314477,"14% DA niye koto din Job❌ service✅ korben??
Apnader thke besi salary to Bihar police pache...
Apnra notum 6ele mey der Future nosto korchen.
In future jara department a aasbe tader jibon nosto korchen...
Aj jdi nijer odhikar er jno apnra awaaz na tolen tahole k tulbe??."
827570829557694_1184853786108662,আপনাদের হারানো শিরদাঁড়া ফিরে পেলে বলবেন
827570829557694_404234772299383,"esb er jnnoi rakha hyeche force e apnader ..
happy choti chatting"
827570829557694_3863032620610474,"9th August আমার যে দিদিটা হারিয়ে গেছে , উনাকে আপনারা খুঁজে দিতে পারবেন ?"
827570829557694_1221965562321027,এই ছবি গুলো আগে পোস্ট হয়নি তো এর সত্যতা যাচাই করা দরকার
827570829557694_27137267045858566,হারানো বা চুরি যাওয়া শিরদাঁড়া খুঁজে পেলে জানাবেন 🙏
827570829557694_514628094392124,আপনারা যতই যা করুন বাংলার মানুষ সন্মান এর চোখে আর দেখবে না।
827570829557694_940740731403615,নিজেকে বাঙ্গালি বলতে খুব কষ্ট হয় 🤦🤦🤦🤦🤦
827570829557694_1058130388950604,Eyewash...
827570829557694_1432528327438280,প্রথমে ভাবলাম কি হয় আমার ছবি আছে নাকি যে ভাবে রাজনৈতিক পোষ্ট করছি🤣
827570829557694_503651909191379,বিশাল কিছু করেছেন। পুরো হাইপার তৃণমূল আপনারা। ধিক্কার জানাই।
827570829557694_1030566468530893,নাটক কম করো পিও
827570829557694_1052156432817579,একটা phone হারিয়ে গেলে আপনারা গোয়েন্দা লাগিয়ে দেন আর এত গুলো রেপ হয়ে গেলো তখন কোথায় যায় আপনাদের গোয়েন্দারা
827570829557694_1570037723579507,রাজ্যের পুলিশের মেরুদণ্ড হারিয়ে গেছে 🙂 ওটা একটু খুঁজে বের করুন প্লিজ 🙏
827570829557694_428981556857899,"আর জি করে আমার আপনার ঘরের মেয়ে হারিয়ে গিয়েছে চিরতরে তাকে খুঁজে তার মায়ের কাছে দিয়ে আসতে পারবেন......

কিছু ভালো লাগছে না আর - আজ ১৯ দিন হয়ে গেল অপরাধীরা শাস্তি পেল না - তাই হারানো ফোন ফিরে পাওয়া গেলেও আর তিলোত্তমা কে ফিরে পাওয়া যাবে না।।

এবার অন্তত নারীদের নিরাপত্তার ক্ষেত্রে কঠিন হোন ।।"
827570829557694_2781475132017097,রাজ্যের পুলিশের মেরুদণ্ড হারিয়ে গেছে 🙂 ওটা একটু খুঁজে বের করুন প্লিজ 🙏
827570829557694_479401134861216,রাজ্যের পুলিশের মেরুদণ্ড হারিয়ে গেছে 🙂 ওটা একটু খুঁজে বের করুন প্লিজ 🙏
827570829557694_1029860208604707,এটাই করুন এগুলো ই পারবেন আপনারা
827570829557694_833453765439136,Chesta kore lav nei..wb police ke keu respect kore na..akhn ar
827570829557694_474867115523555,এই একটা কাজই আছে যেটা আপনারা মোটামুটি পারেন।😊
