COMMENT_ID,COMMENT
796437366004374_7987952247933187,"We are available on YouTube too. Please visit-
www.youtube.com/@westbengalpoliceofficial"
796437366004374_1536851886897709,Great job
796437366004374_1659418098141164,Very good job....👌
796437366004374_416624991379043,Hat's off team WBP 🌹🌹
796437366004374_987404339779884,Good job 💜
796437366004374_488259836910090,Great job
796437366004374_978729637071265,Great job👍
796437366004374_798742099096056,"অত্যন্ত বুদ্ধিমত্তার এবং সহৃদয়তার পরিচয় দিয়ে মুশকিল আসান করলেন যে অফিসারেরা তাঁদের শ্রদ্ধা জানাই। আর মুখ্যমন্ত্রীর কড়া নির্দেশকেও স্যালুট জানাই। আশাকরি এবার দেশের হাল ফিরবে এক সুন্দর জায়গায়। কিন্তু একটাই প্রশ্ন এত লোকের কাছে অস্ত্র আসছে কোথা থেকে 
 অস্ত্র আইন কেনো কড়া হবেনা?"
796437366004374_1695945874558410,🙏🙏🥇🌟🌟🇮🇳🇮🇳RESPECTED SIR🇮🇳🇮🇳🌟🌟 WEST BENGAL OFFICERS SIR 🇮🇳🇮🇳🌟🌟EXCELLENT WORK JAI HIND BEST WISHES GURU JI GOD BLESS SIR 🇮🇳🇮🇳🌟🌟🥇🥇🙏
796437366004374_476372061760503,Great job sir
796437366004374_1382309349106981,স্যালুট স্যার।।। আমরা এই ভাবেই ফেঁসে যায়। আপনারাই ভরসা ❤️
796437366004374_903137714956468,Thanks we hope that we should be ahead for the prompt action of Police Department
796437366004374_417681704591307,Sir Great Job
796437366004374_1163967654910995,Thanksgiving to bkp police and West Bengal Police  Department.
796437366004374_1160420938601429,Really a great job!
796437366004374_7596072307187018,Great Job 👍
796437366004374_946891677238632,Great job sir 🙏🏻
796437366004374_1180770943048674,Really good job
796437366004374_750756577018402,Great Job Done…
796437366004374_468300309233111,"Well done , sir...... Salute your effeciency 👍👍👍"
796437366004374_1392279678119130,Great 👍
796437366004374_1435136663857751,Good work 👏
796437366004374_1007861153797863,"Great job Our New Barrackpur  PS ...
JAI HIND 
We are Proud to West Bengal Police"
796437366004374_1009054897432624,Great job sir
796437366004374_1184781679229330,Well done west Bengal police 🙏🏻🌹🌹
796437366004374_1029619015414762,Great Job 👏👏👏👏
796437366004374_462448276599921,"Great 👍 
West bengal police"
796437366004374_468481239249987,"West Bengal Police স্যার কাজ দেওয়ার নাম করে যে সমস্ত দল গুলি হাজার হাজার টাকা লুটে নিচ্ছে তাদের বিরুদ্ধে একটু ব্যবস্থা নেওয়া হোক,, টাকা ফেরৎ আনতে গেলেই কিডন্যাপ করে নেওয়ার প্ল্যান করে। আমার দুই ভাইয়ের সঙ্গেই এমনটা হয়েছে বলে জানাতে বাধ্য হচ্ছি। সঙ্গে আরও অনেক গরীব মানুষের টাকা খেয়ে মিথ্যা প্রতিশ্রুতি দেওয়া এগুলোর বিরুদ্ধে কিছু ব্যবস্থা করুন 🙏🙏"
796437366004374_1626951768152283,প্রকৃত বন্ধু খুবই কম 😔
796437366004374_1675021679978904,Darun sir
796437366004374_320205914393100,অনেক অভিনন্দন এবং সেলাম আপনাদের সবাইকে। 💯💯💯
796437366004374_396164623439161,পুলিশ ইচ্ছে করলেই অনেক অসাধ্যসাধন করতে পারে! আপনাদের ধন্যবাদ।
796437366004374_844461400885267,শুভেচ্ছা অভিন্দন
796437366004374_811587534279804,Commendable job. Congratulations.🙏
796437366004374_402135435581649,Very good job WB police
796437366004374_500624759103122,
796437366004374_1222166598768912,
796437366004374_999091828122476,
796437366004374_1632529497509133,👏🏻
796437366004374_443374948542071,👍👍👍
796437366004374_332202549939984,👍
796437366004374_1247687566592651,West Bengal Police ❤️💖❤️
796437366004374_852505466745670,Great  Job Sir. Congratulations.
796437366004374_480946544340957,স্যার আমার একটা প্রশ্ন অপরাধীদের মুখ ঢাকে রাখা হয় কেন সব সময়।।।
796437366004374_830764112316223,Great
796437366004374_2537281823123075,Good
796437366004374_838219627914713,Good job
796437366004374_447904324812354,Superb!! 👍 👍 👍
796437366004374_2850738495066902,Bhh
796437366004374_409486164760456,WB🅿️
796437366004374_850277750494193,"হাড় হিম করা পুলিশি নির্যাতন: 
        বিশ্বাস করুন চোখের পানি আটকাতে পারিনি। ঢোলা থানার সাব ইন্সপেক্টর রাজদ্বীপ সরকার কি নিষ্ঠুর ভাবে লকআপে আবু সিদ্দিককে অত্যাচার করেছে তার বর্ননা শুনলে আত্মা কেঁপে উঠবে। সিদ্দিক ধনী পরিবারের একমাত্র সন্তান। সম্পূর্ণ মিথ্যা অপবাদে পরিবারের লোকদের সামনে মারতে মারতে থানায় তুলে আনে রাজদ্বীপ। পেছন পেছন বাড়ির লোকজন আসে থানায়। কিন্তু তাদের ভিতরে ঢুকতে দেয়নি। 
          রাত একটায় শুরু হয় প্রচন্ড মারধর। থানার বাইরে থেকে সিদ্দিকের বিভৎস চিৎকার শুনে জোর করে থানায় ঢোকে বাড়ির লোকজন। মার কমানোর জন্য রাজদ্বীপ 2 লক্ষ্য টাকা দাবি করে। একঘন্টার মধ্যে এক লাখ নব্বই হাজার টাকা পুলিশ কে দেয় বাড়ির লোক। তার পরেও চলতে থাকে মারধর। মারের চোটে অজ্ঞান হয়েযায় সিদ্দিক। বাড়ির লোক ভাবে হয়তো মার বন্ধ হয়ে গেছে। পুলিশ কিন্তু খাতায় অ্যারেস্ট এন্ট্রি করেনি। 
         নিয়ম অনুযায়ী গ্রেফতারের 24 ঘন্টার মধ্যে কোর্টে হাজির করতে হয় আসামিকে। পুলিশ তা করেনি। পরদিন দুপুরে জ্ঞান ফিরলে শুরু হয় নারকীয় অত্যাচার। লিঙ্গে ইলেকট্রিক শক দেওয়া হয় বারবার। বুকে ভারি ভারি বুটের লাথি, মেরে মেরে চারটে লাঠি ভেঙে দেওয়া হয়। গোটা শরীর কালশিটে। মার বন্ধ করার জন্য এবার 20 ভরি সোনা দাবি করে রাজদ্বীপ। আধ ঘন্টার মধ্যে হার, দুল, চেন, আঙটি যা ছিল পুলিশ কে দেয় সিদ্দিকের পরিবার। তারপরেও রাতে চলে অকথ্য অত্যাচার।
          গ্রেফতারের দুদিন পর সিদ্দিককে কোর্টে নিয়ে যায়। থানা থেকে কোর্টে নিয়ে যাবার সময় অন্ডকোষে প্রচন্ড জোরে লাথি মারে রাজদ্বীপ। যন্ত্রনায় কাতরাতে কাতরাতে পুলিশ ভ্যানে তোলে। কোর্টে যাবার পথে গাড়ি তে সিদ্দিকীকের দাড়ি ছিঁড়তে থাকে রাজদ্বীপ। বলতে থাকে তোর আল্লাহ তোকে বাঁচাবে? বল জয় শ্রীরাম। রাজদ্বীপ তাকে শাসাতে থাকে বাড়ির লোককে এসব বললে কোর্ট থেকে 10 দিনের PC নিয়ে আবার পেটাবে।
       ভাগ্যক্রমে জামিন হয়ে যায় সিদ্দিকের। বাড়িতে ফিরে অত্যাচারের হাড় হিম করা নির্যাতনের ঘটনা জানায় পরিবারের লোকদের। দুপুরে বাড়ি ফিরে বিকাল থেকে শুরু হয় প্রচন্ড রক্ত বমি আর শ্বাস কষ্ট। প্রস্রাব, পায়খানা থেকে রক্তপাত হতে থাকে। প্রথমে ঢোলা হাসপাতাল, তারপর সেখান থেকে ডায়মন্ড হারবার হাসপাতাল, সেখান থেকে নীলরতন হাসপাতালে মৃত্যু হয় সিদ্দিকের। ডাক্তার জানায় হৃদপিন্ড, ফুসফুস, কিডনি সব থেঁতে গিয়েছে মারের চোটে।
        অনেক ছোটো করে ঘটনা টা লিখলাম। পুরো লিখলে দশ পাতা ভরে যাবে। লেখায় অত্যাচারের বর্ণনা ঠিকঠাক ফোটাতে পারিনি। বিশ্বাস করুন আরো অনেক অনেক ভয়ানক ছিলো সেই নির্মম নিষ্ঠুর নির্যাতন।
     বিঃ দ্রঃ - শোনা যাচ্ছে রাজদ্বীপ সরকার যে যে থানায় ছিলো সেখানে কোনো না কোনো মুসলমান কে পিটিয়ে মেরেছে।,,,,, এটার কি বিচার করছে,,,??"
796437366004374_881446347143778,"I urgently seek your assistance regarding continuous disturbances and threats from local goons led by Ganesh Ray, residing in Subashnagar Purba Para, Nadia. Despite lodging formal complaints and filing FIRs (06/2022, 704/2024) at Kotwali Police Station, Nadia , the situation persists. They have encroached on my property, built a hut, and engage in illicit activities, including consuming alcohol and drugs, using loudspeakers, and illegal electrical hooking. They claim control over law enforcement, threaten serious harm, and have assaulted us. Their actions violate a court injunction . I request immediate action to ensure our safety and uphold justice."
796437366004374_1191932638681387,Din ebr thabra. Age khoj korte hobe desi gun kothai pelo? Ki din kal poreche.
796437366004374_496907456044812,"Diamond harbour e ekjon o tar team r ei kaj korchey-amar 7 lac taka niye amakey sob ses korey diyechey,amar r kichui nei,tar naam-""Rohidulla mollik (chottu), diamond harbour er Chand nogor r cheley."
796437366004374_1015149753635233,"https://youtu.be/3l3RWN6GQ0I 
Haier authority please look into this matter and take necessary action"
796437366004374_1672113679996833,মাত্র ২ টো criminal ধরতে কতজন পুলিশ? কি কপাল বঙ্গবাসীর।
