COMMENT_ID,COMMENT
830025119312265_397299446407159,🌹 Happy Police Day 🌹
830025119312265_1477964096256038,Happy police day 🇮🇳
830025119312265_1246624299828043,"Today, we pay tribute to the selfless heroes in uniform who have made the ultimate sacrifice for our nation’s security. Their courage continues to inspire us every day.’

Happy Police Day"
830025119312265_1854010955122691,Happy police day ..
830025119312265_3229058357230655,Happy Police Day
830025119312265_1442209746414706,"পশ্চিমবঙ্গ পুলিশ এবং শহীদ পরিবার যারা দেশের এবং জনগণের স্বার্থে নিজের প্রাণ বলিদান দিয়েছেন এবং সেইসব পুলিশদের যারা ঝড়, বৃষ্টি, প্রবল শীতের মধ্যেও গভীররাত অতন্দ্র প্রহরীর মত আমাদেরকে সেবা দিয়ে যাচ্ছে, তাদের সবাইকে পুলিশ দিবসের শুভেচ্ছা এবং অভিনন্দন। ❤️❤️❤️❤️

পুলিশের ঈদ হয়না, পুলিশের পুজো হয়না, তারা সারা বছর পরিবার থেকে বহুদূরে  আমাদের সেবায় নিয়োজিত।"
830025119312265_1562326501036089,Sohag Khan একটু ঘুষ নিতে বলো।।
830025119312265_816210204018093,🙏🥇🥇🌟🌟🇮🇳🇮🇳RESPECTED SIR🇮🇳🇮🇳🌟🌟 OBSERVANCE OF POLICE DAY SPECIAL DGP IPS RAJEEV KUMAR SIR 🇮🇳🇮🇳🌟🌟🥇🥇WB FULL TEAM OFFICERS SIR 🇮🇳🇮🇳🌟🌟🥇🥇JAI Hind BEST WISHES GURU JI GOD BLESS SIR 🇮🇳🇮🇳🌟🌟🥇🥇🙏
830025119312265_997509382122698,Best wishes for total Team.
830025119312265_1171442894086764,"HAPPY POLICE DAY :

সকল পুলিশ ফোর্স  দাদাভাইদের ""শুভ পুলিশ দিবস"" শুভেচ্ছা ও স্যালুট জানাই :

কোভিড-১৯ মোকাবেলায় নিজের পরিবার ও পরিজন ছেড়ে সর্বত্র আমাদের সুরক্ষার কথা ভাবার জন্য। আপনাদের জন্য আমরা রাত্রিতে শান্তিতে থাকতে পারি। ধন্যবাদ আপনাদের সমস্ত ত্যাগ ও বলিদানের জন্য।।

#HappyPoliceDay"
830025119312265_472637505752325,পুলিশ ফোর্স এর সঙ্গে যুক্ত সকলকে আমার তরফ থেকে স্যালুট জানাই। প্রতিনিয়ত আপনারা আপনাদের কর্তব্যে অবিচল থাকেন। তাই পুলিশ দিবসের দিন আপনাদের শুভেচ্ছা ও স্যালুট জানাই। ভালো থাকবেন সুস্থ থাকবেন।💐💐💚💚❤️❤️💐💐❤️❤️💚💚💐💐💚💚❤️❤️💚💚💐💐❤️💚
830025119312265_486111110891454,"""আজ,  আমাদের পুলিশ বাহিনীর সাহসিকতা, উত্সর্গ এবং নিঃস্বার্থতার প্রতি সম্মান জানাই। আমাদের সম্প্রদায়কে নিরাপদ ও সুরক্ষিত রাখার জন্য আপনাদের অক্লান্ত প্রচেষ্টা নজরে পড়ে .….। ন্যায়বিচার এবং সুরক্ষার জন্য আপনাদের প্রতিশ্রুতি অমূল্য। 
আপনারা প্রতিবার যে চ্যালেঞ্জ ও ঝুঁকির সম্মুখীন হন তা স্বীকার করি আমরা নাগরিক সমাজ...।
  দিন ও রাতে আমাদের নাগরিক সমাজকে যে পরিষেবা দেন তার জন্য আমরা নাগরিক সমাজ আপনাদের বাহিনীর প্রতি কৃতজ্ঞতা জানাই ....."
830025119312265_888038486540028,Good luck
830025119312265_1045163703999788,Doctor দের ন্যায্য প্রতিবাদ আটকানোর জন্য আমাদের 9 ফুট ব্যারিকেড দিতে হলো🤣🤣🤣।। Police day পালন করার আগে একটি নিজের মেরুদণ্ড টার স্কানে করেন আপনারা 😞😞😞
830025119312265_1568065657120096,ধন্যবাদ পুলিশ প্রশাসন কে ১ লা সেপ্টেম্বর পুলিশ দিবস উপলক্ষে আপনাদের  সকল পুলিশ কর্মকর্তা দের কুর্নিশ আন্তরিক প্রীতি ও শুভেচ্ছা।।আমাদের পশ্চিমবঙ্গ পুলিশ এবং কলকাতা পুলিশ সর্বদা পশ্চিমবঙ্গের মানুষের পাশে দাঁড়িয়েছেন। আপনাদের  অবদানকে সম্মান জানাই।💐🙏
830025119312265_1036952817532673,"West Bengal Police পুলিশ দিবসে আপনাদের শুভেচ্ছা 🙏🙏
 
পুলিশ যারা জনগণের সুরক্ষায় রাত দিন কাজ করে, যারা করোনাভাইরাস এর সময় নিজের সুরক্ষা ছেড়ে মানুষের জন্যে কাজ করে গেছে, যারা দুর্গাপুজোয় সবাই যখন আনন্দ করে আর তারা সারা রাত জেগে মানুষের জন্যে পড়ে থাকে তাদের পরিবার,ছোটো ছোটো সন্তানদের ছেড়ে তারাও কষ্টপায় আমি অনুভব করি কারণ সেই মানবিকতা টুকু আমার মধ্যে আছে। কিন্তু তারা আজ ট্রোল কেনো হচ্ছে তার নিশ্চই কারণ আছে তাই না?সারদা দুর্নীতি তখনকার কলকাতা পুলিশ কমিশনার রাজীব কুমার এবং এখন কলকাতা পুলিশ কমিশনার বিনিত গোয়েল উনাদের কাজে মানুষ সন্তুষ্ট নন, কেনো আজ এত সংখ্যক মানুষ পুলিশকে ট্রল করছে! 
দয়াকরে আপনারা রাজনীতির প্রভাবমুক্ত হয়ে কাজ করুন, সারদা দূর্নীতি কত গরীব মানুষের কষ্টের জমানো টাকা ছিল সেটা কি কেউ বুজলো তার মানবিকতা দিয়ে, কেউ বোঝেনি।"
830025119312265_1035002751107230,Bibek Mishra troll sudhu cipiam ar bjp er kichu murkho Rai troll korche 😀
830025119312265_488669044014364,Itz Saddo সারদার টাকা মেরে খাওয়ার সময় কে বাঁচিয়েছিল মনে নেই ???
830025119312265_1366979408022770,Bibek Mishra are case to cholche ekhono kichu praman hoi ni to ami bolbo ki kore mithe katha bolte parbo na
830025119312265_1565818393968017,"১লা সেপ্টেম্বর পুলিশ দিবসে সর্বস্তরের পুলিশ কর্মীদের জানাই আন্তরিক প্রীতি, শুভেচ্ছা ও অভিনন্দন।"
830025119312265_986685173208172,"On Police Day, I extend my salute to each and every policeperson for their tireless services. I am deeply grateful to all of you and to your families for the daily sacrifices you make to ensure our safety and security. 🙏❤️"
830025119312265_1961868337590406,"কেউ দয়মন্তী সেন কেউ রাজীব কুমার।।

শুভেচ্ছা রইলো তাদের যারা কর্তব্যে অবিচল।💐"
830025119312265_2170526529997544,শুভেচ্ছা ও অভিনন্দন।
830025119312265_502675699383205,আপনাদের মতো পুলিশ সদস্যরা যখন কঠোর পরিশ্রম এবং প্রতিশ্রুতি দিয়ে তাদের দায়িত্ব পালন করতে সেখানে থাকে তখন জনগণ সর্বদা সুরক্ষিত বোধ করে। আপনাকে পুলিশ দিবসের শুভেচ্ছা💐🙏
830025119312265_874288387483351,আজ শুভ পুলিশ দিবসে পশ্চিমবঙ্গের পুলিশ এবং পশ্চিমবঙ্গের বিভিন্ন থানা গুলি আর ভারতের সকল রাজ্য পুলিশকে শুভেচ্ছা অভিন্দন
830025119312265_819686486986505,💞💐🙏
830025119312265_436373916107350,Great Contribution 😆
830025119312265_1047802913607330,Great contribution to society 😂😂😂
830025119312265_830379275539022,"পুলিশ দিবস,সমস্ত বাংলার পুলিশ প্রশাসন কে জানাই শুভেচ্ছা ও শুভ কামনা অভিনন্দন।আপনাদের সহযোগিতা সকলের দরকার।"
830025119312265_1236211847738046,প্রত্যেকটি সৎ পুলিশ অফিসার ও পুলিশ কর্মীকে স্যালুট জানাই jaihind
830025119312265_1537026967244402,😄😄😄😄
830025119312265_1042462854008547,এত ধৈর্য্যতার পরীক্ষা দিয়েছেন সেজন্য বাংলা তথা বিশ্বের অন্যতম প্রধান মানবিকতার রুপ শুধুমাত্র মাননীয় পুলিশ প্রশাসন আপনারাই। আমার🙏🙏
830025119312265_2823847647780656,Happy police day 🙏🙏l salute to all police officer 🇳🇪🇳🇪🇳🇪🇳🇪🙏🙏🙏🙏
830025119312265_847363403785786,I have also seen your great contribution at least 100 times.
830025119312265_2030713274010981,"Happy Police Day 👮‍♂️👮‍♀️
Salute to the entire Police forces for their immense contribution to our Society..🙏"
830025119312265_529786789712370,Proud to be part of this police family 🥰
830025119312265_492405213507035,"Happy Corruption Day... Police Day will truly be meaningful when not a single person in your department is involved in corruption. Nowadays, instead of upholding the Constitution of India, many are driven by power and bribes.

Happy Police Day to those officers who are genuinely honest and sincere in their duty."
830025119312265_3394651877335985,"Happy Police Day, Salute to you all in Police Force 🌹🙏"
830025119312265_1541042120168125,শুভ পুলিশ দিবস ♥️🙏♥️
830025119312265_398263366299933,ভালো থাক সুস্থ্য থাক সমস্ত পুলিশ বন্ধু ও তাদের পরিবার♥️👍
830025119312265_1187369349224795,Happy Police day
830025119312265_497304636256134,Happy police Day
830025119312265_478712885053016,"ছোট থেকে শুনে আসছি, পুলিশ পারেনা এমন কাজ নেই এবং তা অনেকাংশে সত্যি প্রমাণিতও হয় পুলিশ সবসময়ই একটা পজিটিভ ক্যারেক্টর সমাজে এইজন্য প্রতিটি বাচ্চা একদিনের জন্য হলেও স্বপ্ন দেখে, বড় হয়ে পুলিশ হবে। আপনাদের ভরসায় এখনো কোটি মানুষ রাতে শান্তির ঘুম ঘুমাতে যায় এই আশা নিয়ে এলাকায় পুলিশের গাড়ি টহল দেয় আপনাদের জন্য আসন্ন শারদীয়া টা শুভ-শারদীয়া হবে।
 মানুষের এই বিশ্বাস কে আপনারা মিশতে দেবেন না দয়া করে, আপনারা নিজেরা অবশ্য ই জানেন কোনটা ঠিক কোনটা ভুল, তবুও আপনাদের নিজেদের ডিপার্টমেন্ট এর কিছু মানুষের জন্য সম্পূর্ণ ডিপার্টমেন্ট এ কথা শুনতে হয় আপনারা নিজেরা এসব পুলিশ দের চিহ্নিত করে আলাদা করুন না হলে যতদিন যাবে তত পুলিশের সম্মান নষ্ট হবে,আমার ব্যক্তিগত ভাবে অন্যতম পছন্দের পেশা এটা সেটার সম্মান আপনারা রাখবেন আশাকরি, শাসক - বিরোধী ভুলে রাজনীতির উর্ধ্বে উঠে আপনাদের বিচার একদিন সাধারণ মানুষ দেখবে এই আশা রাখছি।
আপনাদের সকল কে পুলিশ দিবস এর অভিনন্দন।"
830025119312265_1180728469650387,Congratulations
830025119312265_496549843330381,Respect ❤️
830025119312265_518068500932142,পুলিশ দিবসে সকল পুলিশ কর্মী ও  পুলিশ পরিবারকে জানাই আমার আন্তরিক শুভেচ্ছা।
830025119312265_1234103747780198,Happy Police Day
830025119312265_2210565922640602,Happy police day
830025119312265_946672223888056,শুভেচ্ছা ও অভিনন্দন 💐
830025119312265_1059808802451718,Happy Police Day
830025119312265_1066169841692191,"আজকে পুলিশ দিবস কেন? পুলিশের ভূমিকা কি কি সমাজের প্রতি? কতজন আদর্শ পুলিশ আছে যারা সমাজের জন্য নিজেকে উৎসর্গ করেছেন? খুনি ধর্ষণকারী চোর ডাকাত এদের প্রতি পুলিশ কতটা সজাগ সব বিস্তারিত পোস্ট করুন জানতে বড় আগ্রহী। 
পুলিশের বর্দিকে স্যালুট সাথে সত্যিই যারা সমাজের জন্য কিছু ভাবেন বা করেন এমন আদর্শ পুলিসকে স্যালুট সবাইকে নয়।"
830025119312265_1047259060442802,শুভেচ্ছা এবং অভিনন্দন জানাই ﻿🙏
830025119312265_911620437444117,Happy Police Day 🇨🇮🇨🇮🇨🇮🇨🇮
830025119312265_523587376887071,"West Bengal Police মুখ্যমন্ত্রী ফোঁস করতে বলেছিল । Kolkata Police ফেক পোস্ট করে বসে আছে। এখন এদের বিরুদ্ধে মামলা হবে না। সেই পোষ্ট ডিলিট মেরে, নতুন পোস্টের  আবার কমেন্ট বক্স ও বন্ধ করে দিয়েছে। 😜😄"
830025119312265_1052361759588572,Great Contribution to TMC not society
830025119312265_1258500418846503,Happy police day
830025119312265_1205405590697733,Ilove police 🚨
830025119312265_862878302448459,Happy police day
830025119312265_1582853122585895,Good
830025119312265_427937456963867,Salute. WB POLICE ..... JAY HIND.
830025119312265_378222031814357,Happy Police Day
830025119312265_833887282205849,Happy  police  day
830025119312265_435220248915820,Happy police day
830025119312265_2213765008982982,Happy police day....
830025119312265_8092425050806215,Happy police day.Happy willful rape day.
830025119312265_923860329767718,Happy police day 💐
830025119312265_419003000701831,Happy Police Day...♥️♥️
830025119312265_1462329687802549,"পশ্চিমবঙ্গে পুলিশ না থাকলে রাজ্য টা আরো সুন্দর হত।
একটি সিভিক ভলান্টিয়ার মদ খেয়ে ধরা পড়ছে। যে ট্রাফিক সার্জেন্ট রা ছেড়েছে তারাও দোষী। তাদের কি সাজা হয়েছে???"
830025119312265_1260275591803046,"সুশীল সমাজ তথা রাজনীতিবিদদের কাছে একটাই আবেদন পুলিশ কে রাজনীতি মুক্ত করে দেখান। বাকিটা পুলিশ দেখিয়ে দেবে তারা কি করতে পারে।
 Happy Police Day❤️❤️"
830025119312265_822505973419935,আপনাদের কাছে সাধারণ মানুষের কিছু চাওয়ার নেই
830025119312265_1039004837809649,শুভ ঘুশ খাওয়া দিবস
830025119312265_527171466466888,Happy police day ✊🇮🇳
830025119312265_3862449207372133,Happy police day
830025119312265_885545652912571,বাংলার সকল পুলিশ পরিবারকে শুভেচ্ছা🙏🙏
830025119312265_3865199993702609,"https://www.facebook.com/share/v/w22PiQoJK3z4hjFD/?mibextid=oFDknk

তদন্ত করতে পারেন,  সবাইকে জানাবেন যদি ইচ্ছে থাকে। দিনহাটা শহর এর ঘটনা।"
830025119312265_525788910105690,🩵 Happy Police Day 🩵
830025119312265_521402667035372,"Happy police day  ,,,"
830025119312265_4613098295581451,Happy Police Day 💐🌹💐
830025119312265_1249199119403983,Happy Police Day 🙏🏻
830025119312265_1142973796798336,"1st September পশ্চিম বঙ্গ পুলিশ দিবস।
WE SALUTE OUR POLICE FORCE FOR THEIR GREAT CONTRIBUTION TO OUR SOCIETY 🫡👮 
#westbengalpoliceday
#policeday
#1stseptember"
830025119312265_1474481079938460,Happy police day 🇮🇳 🧿
830025119312265_1301134141257673,Happy Police Day💐💐🙏🙏
830025119312265_486703614284071,Happy Police Day 💐🇮🇳💐
830025119312265_1021796936339203,Happy police day🇮🇳❤️
830025119312265_1514985425812168,স্যার আপনাদের পেজের নামটা একটু চেঞ্জ করা দরকার। ওয়েস্ট বেঙ্গল পুলিশ না মমতা দিদির পুলিশ লেখা দরকার। বেশি খুলে বললাম না তাহলে আবার গায়ে লেগে যাবে
830025119312265_1206684463790087,Jay hind 🇮🇳❤️
830025119312265_26906567302290008,"Mr police jindabad, আপনারা আপনাদের সাহসিকতা ও সন্মান এর জায়গাটা ধরে রাখুন. Please protect West Bengal."
830025119312265_864947028972334,পুলিশ society তে contribution করে? ঘুষ ছাড়া ওরা কিছু করতেও চাই না
830025119312265_516875261301556,Happy Police day 🎉🎉
830025119312265_539814445057239,Jai hind
830025119312265_1475930546460366,You're doing amazing work keep doing like this 🫡
830025119312265_1444794662899904,Happy police day 💐
830025119312265_878864287448764,Jai Hind 🙏
830025119312265_533109722544273,"পাশপোর্ট রিনিউ, ভেরিফিকেশনে ঘুষ খাওয়া বন্ধ করুন।
সরকার বেতন দেয় না"
830025119312265_832728662283663,Happy Police Day 🇮🇳
830025119312265_481099491382999,Jai Hind
830025119312265_1935902806873909,Ar West Bengal Police  apnara maoist period bhule gechen??? Amra onek k hariyechi।  Keo na keo kauke hariyeche।। ভুলবেন না plz। এইটুকুই বলবো। তখন তো আপনারা একবারও বলেননি যে আমরা কর্মবিরতি চাই। 😢
830025119312265_741028444815855,Happy Police Day 💥
830025119312265_2734419820063109,Happy Police Day To all of you...
830025119312265_485003404338071,Sudip Das ajj bill tahole tui dibi 🤣🤣
830025119312265_490795507178181,Salute 🫡
830025119312265_503648039287111,Salute 🫡 Sir 🙏
830025119312265_1049481873343159,আপনারা ওয়েস্ট বেঙ্গল পুলিশ হয়ে উঠুন tmc police না হয়ে।
830025119312265_1930579394035428,⭐⭐⭐ POLICE
