COMMENT_ID,COMMENT
815332950781482_464854919782622,"We are available on YouTube too. Please visit-
www.youtube.com/@westbengalpoliceofficial"
815332950781482_992895502619995,West Bengal Police ওই আসামি টাকে ধরে তাদের যত বড় দল আছে বা এর পেছনে যদি কোনো সংগঠন থাকে ভালো করে তদন্ত করুন ।।।। এদের অনেক বড় কানেকশন আছে গোটা পশ্চিমবঙ্গে অনেক শিশু নিখোঁজ হয়েছে
815332950781482_510472718110594,"West Bengal Police  Please stay with people by doing such wonderful work, we are also with you, thank you sir 👏👏👏👏"
815332950781482_479810338118797,সত্যি কথা বলতে মানুষ সিভিক ভলেন্টিয়ার কে খুব ছোট চোখে দেখে কিন্তু এই সিভিক ভলেন্টিয়ার যদি না থাকতো আজকে আপনারা বাড়িতে সুস্থ ভাবে থাকতে পারতেন না। এবং আগে প্রতিনিয়ত কারো না কারুর বাড়ি চুরি হতো আগে বর্তমানে সিভিক ভলেন্টিয়ার রিক্রুটমেন্টের পর চুরি অনেক কমে গেছে। কারণ এরা রাত জেগে পাহারা দেয়। এক কথায় এরা রাত জাগা পাখি। কারণ আমি একজন সরকারি কর্মচারী । মাঝে মাঝে আমার ছোট ছেলে বা আমার স্ত্রীর শরীর খারাপ হলে যখন গভীর রাতে রাস্তাতে যায় যেহেতু আমার বর্ডার সীমান্তে বাড়ি ওখান থেকে হসপিটাল প্রায় ১০-১২ কিলোমিটার। রাস্তায় কিন্তু প্রতিটা মোড়ে মোড়ে সিভিক ভাইদের দেখি এরা থাকে বলে রাতে সাহসটা পাওয়া যায়। এরা যদি ডিউটি না করতো না আজকে আমরা সাহস করে রাতের অন্ধকারে রাস্তায় বের হতে পারতাম না ধন্যবাদ ভাই তোমাকে স্যালুট।
815332950781482_1048489573457746,Tina Santanu 𝕣𝕚𝕘𝕙𝕥
815332950781482_1154187425856053,গর্বিত স্যার। সমস্ত পশ্চিমবঙ্গে এই ধরনের পুলিশ চাই।
815332950781482_1634159327370196,"এই সিভিক ভাইকে পারমানেন্টলি কোলকাতা পুলিশে নিয়োগ দেওয়া হোক, তার কাজের পুরুস্কার ও দৃষ্টান্ত দুটোই হয়ে যাবে।
ভবিষ্যতে আরো সিভিক ভলেন্টিয়াররাও ভালো কাজে এগিয়ে আসবে।"
815332950781482_1564840057787714,Anirban Dubey akdam thik
815332950781482_1724019408446227,"শাবাশ সামিম। 
তোমার আগামী চাকরী জীবনে এগিয়ে যাওয়ার আশীর্বাদ রইল।"
815332950781482_476338878522439,অভিনন্দন জানাই।ভালো থাকুন শামিম।
815332950781482_370192522779231,Great!! Proud of you Shamim.
815332950781482_1673391779892392,You did a great job thank you for keeping your uniform standard. Good 👍 job sir 👏👏👏👏👏👏👏🎈😀🎉😀😀😀🎉😀🎉👏👏👏👏👏
815332950781482_1228256255256269,"Love you Samim Bhai 💚💚
Great job 👍👍"
815332950781482_1499893220901581,Congratulations. We proud for your good work.God bless  you.
815332950781482_852581663491211,Heartiest congratulations to Sk Shamim Hossain. 🙏
815332950781482_477123255093475,তোমার উপস্থিত বুদ্ধি ও সাহসিকতার তুলনা হয় না। সাবাস ভাই।❤️❤️❤️
815332950781482_509946808103415,"West Bengal Police Officer Amader Gorbo 
Jai Hind Jai Bharat 
I Salute you Sir 
🇮🇳👍👍👍👍👍💐💐💐💐💐🙏🙏🙏🙏🙏🙏🙏"
815332950781482_1194015741636163,"Congratulations brother,,,, 
We are filling proud for such outstanding work"
815332950781482_499724406040160,Thanks West Bengal Police Department ❤️ Thanks SK Shamim Hossain and Thanks All Senior And Junior Officer ...
815332950781482_1151877152740134,Congratulations to you sir
815332950781482_1022015582487660,এটাই তো যথার্থ পুলিশের কাজ। অসংখ্য ধন্যবাদ দাদা
815332950781482_1233622948073154,Great salute West Bengal Police and Sk Samim Hossain
815332950781482_1478093269488705,WBP is the best .
815332950781482_1063309051975809,"আপনাকে অনেক অনেক স্যালুট জানাই , আপনার এই সাহসিকতার জন্য আপনাকে পুরস্কার ও আপনার ডিপার্টমেন্ট থেকে প্রমোশন হওয়া অতি অবশ্যই জরুরী, এতে আপনার আরো মনোবল ও জোর আসবে আপনার মত একজন পুলিশ অফিসার আমাদের ওয়েস্ট বেঙ্গল থাকার খুব দরকার।"
815332950781482_1078689983926251,Great job sir
815332950781482_837902558411494,Well-done bro 🎉
815332950781482_1740648083135133,সাবাস ... We are proud of you...
815332950781482_308175315656619,"Good Job 👍 
Please convey our heartiest congratulations to Samim 👏"
815332950781482_1027771025737533,assalamu alaikum sir thankyou for good job
815332950781482_830075152600308,Salute 🫡 we r proud of you.
815332950781482_1895189894329011,"Thank you dear sir
Appreciate u"
815332950781482_1024705682497593,Salute sir.❤️
815332950781482_1014539360455359,We are proud of you sir
815332950781482_424188306657428,",♥️Great job . Allah bless you brother ."
815332950781482_1306148550569912,Wonderful. We r proud of you 👍
815332950781482_1145641370071737,Congratulations sir .God blessed you.
815332950781482_873332031526278,Great work
815332950781482_699063449060367,Great job Sir 👏
815332950781482_471949685718081,Sotti sir apnake onek dhonyobad chokhe jol ese gelo 😔🙏
815332950781482_410340522061082,Great job 👍👏👏
815332950781482_421634357571528,Great job sir👍
815332950781482_1925960627825980,Great work
815332950781482_1012265683543165,Great salute sir❤️
815332950781482_1340042974047233,Congratulations  Samim
815332950781482_1229150974743565,Great job 👍
815332950781482_2911822612329794,অসংখ্য ধন্যবাদ 👍👌🙏
815332950781482_2876089512545885,Great job 👍
815332950781482_1856404341514261,Well done
815332950781482_303426696190590,Great job
815332950781482_1392462071710263,Great work bhai
815332950781482_1352611612363330,Good job👍👍 and thank you
815332950781482_1404580676880954,Really great work 👍
815332950781482_2303671019969555,Very good
815332950781482_469739519350910,Well done brother
815332950781482_540264331686510,Great job...
815332950781482_1211386756965813,Great job dada
815332950781482_1894490324349977,"Good job,, great work"
815332950781482_2987095708095624,Salute sir....
815332950781482_1032352514967433,Great job
815332950781482_896227245859772,well done
815332950781482_506216885103011,Very good job bhai salute
815332950781482_3043396125802534,Thank you 🙏🙏
815332950781482_1013163053633298,Good job....
815332950781482_1014157986638303,God bless you sir
815332950781482_551492353874191,"well done samim,best of luck"
815332950781482_811889470748070,Salute 🫡
815332950781482_458697007149059,Great work 👏
815332950781482_816955587283468,Congratulations
815332950781482_514645001075604,You're great..❤️
815332950781482_1180305829842119,Great job 👏🏼
815332950781482_3812451275694081,Good job 👍
815332950781482_1281487439499029,Apnake abhinandan janai sir. Hats of you
815332950781482_2192363121126571,Great job
815332950781482_3645334785681903,Good job dada
815332950781482_1230364104986963,"Good job, we proud of u sir"
815332950781482_7960242964058784,Great job sir
815332950781482_517812583970089,Great job
815332950781482_1216336156230457,Good job
815332950781482_1064896738310525,Good Job Sir...keep up the good work.
815332950781482_994129542443647,Good Work 🎉🎉
815332950781482_893782212572065,"Good job,, great work"
815332950781482_866339578757854,Well done my brother
815332950781482_8201341996596145,Very nice sir. Apnara achen bolei amra ekhono surokkhito. Thanks
815332950781482_368023992996073,Salute sir
815332950781482_308100158991463,তোমার মত পুলিশের আমরা সালাম জানাই আর তোমাকে কর্ম র জন্য তোমাকে পুলিশ ডিপার্টমেন্ট থেকে প্রমোশন হওয়া উচিত
815332950781482_1189344189002107,Good job
815332950781482_2602051203326881,Salute sir🫡
815332950781482_477060291806274,"Salute samim sir, Great job, Welldone samim"
815332950781482_2176098502759446,Well done Sir
815332950781482_1567479764115492,তোমাকে অসংখ্য অসংখ্য  স্যালুট। আমরা পুলিশকে নিয়ে গর্ব করতে পারি আমরা গর্ব করি আমাদের ওয়েস্ট বেঙ্গলে পুলিশ পিছিয়ে নেই সব দিক থেকে এগিয়ে আপনার জীবন আরো উন্নত হোক আপনার ডিপার্টমেন্ট থেকে আপনার প্রমোশন হওয়া অতি অবশ্যই জরুরি।
815332950781482_514052984466493,Congratulations
815332950781482_2667077803499031,সমস্তপুলিসভাইবা। দাদারা আপনারা। ভালোবাসা দীবেনজনোগনদেরকে। আপনারা। এবং আপনাদের। বাড়ীর মা। বাবা  ছেলে। মেয়েরা। যে। যেখানেইআছেন। সবাইভালো পাবে আল্লাতরপথেকে।
815332950781482_1579532909288387,Salute sir 👍👍
815332950781482_1006685634241422,Good job dada
815332950781482_1175259920222556,"Ami apnake chini shapoorji te onek bar dekchi apnake, good job 👍"
815332950781482_2276058266066363,"Salute sir, & all West Bengal police."
815332950781482_1018524619945696,Thanks Shamim sir valo thakben
815332950781482_1027150052367466,Good job Samim sir👍
815332950781482_1898287150690769,আমরা যদি পুলিশদের ভালো বাসা দিতাম
815332950781482_2532731813604251,Good job 👏👏👍👍
815332950781482_1243258626621393,"Good job sir, respect 👍"
815332950781482_529711502732554,Jai hind new town police ￼🙏
815332950781482_863274789027198,দারুন স্যার 👌👌
815332950781482_2530411490499841,Salute Sir❤️
815332950781482_1548716489399610,Thank you sir 🙏🫡
815332950781482_482164814757546,Salute 🫡
815332950781482_792293382788771,"Good job, 👍🏻"
815332950781482_1871997786647067,Good work
815332950781482_3770980159808930,Good work bhai
815332950781482_3669299399986917,Ei dhoroner manosiktar police besi besi dorkar
815332950781482_1500407207510337,"Good job Sir ,Salute"
815332950781482_1227252704844691,Great job Shamim Bhai.... keep shining ❤️
815332950781482_3716793008634104,Good job bro keep itupp 🤟
815332950781482_429769699383083,West Bengal police very good.
815332950781482_828436696058004,Good job
815332950781482_2112468749139096,Thank you too much sar 💟
815332950781482_1837304283445560,Good job 👏👏👏👏
815332950781482_1948690852320328,Big salute sir🫡
815332950781482_1204810383987278,Good job sir
815332950781482_1034796291650236,Salute 🫡
815332950781482_2006468649806979,"Sir 
Good job 
Jai hind"
815332950781482_472773108880945,Great
815332950781482_1186840325799347,Salute sir 🫡
815332950781482_817517337037461,Sabas sir.... Luv you for this brave job.... Sroddha r valobasa roilo sir... Pronam neben ❤🙏
815332950781482_1873856496454236,Good job sir
815332950781482_1551429519103336,Real life super hero🔥
815332950781482_1399903330966538,স্যালুট ভাই 👍👍👍
815332950781482_1549475309259796,Salute for Your Support 💪💪💪🙏👊🙏
815332950781482_355094114361354,Salute 🫡
815332950781482_8037555016327180,Salute
815332950781482_3839029116342711,Good job
815332950781482_1183474629368685,Khub bhalo kore chen manabik kortbo palon kore chen. Apnar moto bhalo manush khub Kam.
815332950781482_3197080503760903,Good job
815332950781482_1877482812754146,Salute sir🫡
815332950781482_500922752653156,হ্যাঁ সত্যি স্যার খুব ভালো লেগেছে 👌👌👌👌👌🙏🙏🙏🙏🙏👏👏👏 এবং যে কাজটা করেছেন খুবই ভালো যে হিন
815332950781482_484310307522385,Very good job 🙏🏻
815332950781482_490144530324695,Proud of you dear 😊
815332950781482_819504190322251,"Well done sir , we are so proud of this kind of police❤️"
815332950781482_2835191753327765,Proud of you
815332950781482_3179995705466310,Great job
815332950781482_1541422966802036,পশ্চিমবঙ্গ আপনাদের মতো মানুষকে অনেক ভালোবাসে স্যার🙏
815332950781482_1213053413215462,Good job bhai💓👍💯
815332950781482_1163251328304195,Great job vhai.
815332950781482_461848113361866,"great job, thanks 💐👏"
815332950781482_1036177094536525,Good job
815332950781482_7940421845994831,Sirআপনার মতো ট্রাফিক পুলিশ কে স্যালুট জানায়
815332950781482_484001184340859,Good job brother
815332950781482_3128316523971272,Very good job sir
815332950781482_1184077669567108,গর্বিত ❤️
815332950781482_477075228564805,সত্যিই খবরটা শুনে খুব ভালো লাগলো আপনি আপনার অত্যন্ত বুদ্ধিমত্তা ও সাহসিকতার সঙ্গে যে কাজটা করেছেন সত্যিই খুব প্রশংসনীয় ।
815332950781482_2344222302576824,আপনাদের মতো মানুষ আছে বলেই মানুষ এখনও বেঁচে আছে।
815332950781482_1234784857902415,Good job ..👍
815332950781482_525958023180391,Good job 👍❤
815332950781482_1021182489332326,Good job
815332950781482_436569338843504,"দেশে এমন হাজার হাজার শামীম স্যার তৈরি হোক।
ধন্যবাদ 🙏🫡"
815332950781482_485390591011946,Proud of you great work🙏🏻
815332950781482_457388337269800,Good job ♥️♥️♥️
815332950781482_409987044906719,So proud 👏
815332950781482_524426396598523,"Sabbab Bhai aponake .
Onek onek dhonyobad"
815332950781482_1019449529401319,Great work
815332950781482_1022484052591777,এই সংগ্রাম কে অভিনন্দন জানাই।
815332950781482_433202142513604,Salute sir Aapnake 🇮🇳
815332950781482_1963995494025783,অনেক অনেক শুভেচ্ছা ও শুভকামনা আপনার প্রতি।
815332950781482_840731418154053,Ei bha be gota ekta dol puro West Bengal a gure bero che
815332950781482_391875916876381,"Salute all members 
Great
কিন্তু অপরাধ শেষ করুন নাহলে অপরাধী।
❤️"
815332950781482_1142194703510339,Good job proud of you 💯
815332950781482_1258778241756733,I proud this officer 🙏
815332950781482_832825755652748,Thank you dada
815332950781482_1039247620870217,ভালো থাকবেন সুস্থ থাকবেন 🙏🏻
815332950781482_3930150980595754,Good job sir
815332950781482_1653019795280515,Good job sir
815332950781482_1045854893727347,Good job ❤️
815332950781482_915349407256471,Good work sir
815332950781482_1433316577376027,দারুন
815332950781482_2535598069956739,Good job
815332950781482_1149851156314805,Good working vai
815332950781482_924684149675167,Good job 👏
815332950781482_1152181459218531,Thank you sir ❤️🫂
815332950781482_1658087704972465,এনাদের শ্রমের মর্যাদা দেওয়া উচিত।
815332950781482_2248971722113213,স্যালুট sir
815332950781482_3820676268209107,Very nice job.
815332950781482_1571408250139268,Good job
815332950781482_1036620807817299,সেলুট জানায় স্যার ❤️
815332950781482_1236993907298482,Salute Bhai
815332950781482_870546998273240,"Good job
Congratulations 🎉"
815332950781482_387984787661198,Salute 🙏
815332950781482_862125578679083,Good job sir
815332950781482_1537605810203538,Dada ke dhonnobad
815332950781482_857881165781117,Well-done bro
815332950781482_1014863673429555,Proud of 🙏
815332950781482_1438620590865636,We need police like you sir. Thank you for the day and night 24 hr working with us.
815332950781482_699140949062528,ভালোবাসা ভাই ❤️
815332950781482_483516681282086,আমরাও চাই প্রশাসন আমাদের বন্ধু হোক ।
815332950781482_3820479928193193,Salute Sir
815332950781482_3722386468023574,Congratulations
815332950781482_1844013512761129,Congratulations 👍👍❤️❤️
815332950781482_890092559682921,Good job 👍👍👍
815332950781482_504634318818945,Very good job
815332950781482_507645405119758,Congratulations ❤️
815332950781482_467761169359665,"খুব ভালো লাগলো, পুলিশ এবং তার কর্ম পরিচয় দিলো পুলিশ  কাজের জন্য অসংখ্য ধন্যবাদ।"
815332950781482_1403543733648602,সাব্বাস ভাই
815332950781482_864190878917346,Good job sir 🙏♥️
815332950781482_903411825179068,Very good job 👍
815332950781482_2020186738377201,Thank you WB police 🚨✌️
815332950781482_487780577199679,Dhonnobad sir
815332950781482_913430560820281,Salute
815332950781482_515208651085511,Nice sir
815332950781482_1973428369746267,Well done sir ❤️❤️❤️❤️
815332950781482_526406243151473,Salute to you
815332950781482_908755797753461,Great 👍
815332950781482_833613508961597,"West Bengal police power full 
Good job sir 🫡"
815332950781482_1199045454705603,Great job
815332950781482_1230467764614439,"অনেক ভালো কাজ করেছেন স্যার আপনি।
ধন্যবাদ দিলে কম হবে"
815332950781482_477828501872842,Congratulations And salute You Brooooo🙏🙏🙏
815332950781482_1191262792184325,দারুন 👍
815332950781482_468015552671319,আমারও অনেক ভালো লাগলো স্যার
815332950781482_1172419460645455,Good work
815332950781482_865384992139692,Good job
815332950781482_1240293323813917,Salute sir
815332950781482_858364206205223,Salute sir
815332950781482_1069676301545908,JAI HIND
815332950781482_870185521643534,খুব ভাল ঘটনার সাক্ষী হলাম
815332950781482_853039076386067,"WE CARE 
WE DARE ❤️🇮🇳✨🫡"
815332950781482_3023851691090674,স্যালুট দাদা আপনাকে
815332950781482_492291256726559,Good job sir
815332950781482_797849985850029,Sabash Shamim Sir
815332950781482_456633314007491,Good job sir 🙏❤
815332950781482_1667904290674354,Salute sir apnake
815332950781482_966769451892157,West Bengal police ❤️🫡
815332950781482_1152212015885899,Email id dene ke liye thank u so Mach
815332950781482_408018998436806,আপনাকে কুর্নিশ জানায়
815332950781482_1524102702322405,ভালো থাকবেন সুস্থ থাকবেন 🙏🏻😊
815332950781482_1153298725974972,Sabash vai ...🌹👌👌
815332950781482_1017847709869389,Salute sir 🙏
815332950781482_2902754109875967,এই সিভিক পুলিশকে কলকাতা পুলিশের কনস্টেবল পদে নিয়োগ দেয়া হোক এবং এরকম আরো প্রচুর থানাতে এরকম সিভিক পুলিশ আছে যাদের যোগ্যতা অনেক অনেক বেশি তাদেরকে যথাক্রমে তাদের পদ দেয়া হোক
815332950781482_2105040149892247,ধন্যবাদ এই ধরনের সাহোসিগতা কাজের জন্য
815332950781482_3664128860477655,Good job
815332950781482_408156991768606,স্যালুট যানাই এই ভাই ট্রাফিক পুলিশ কে
815332950781482_410266358727573,Salute 🫡
815332950781482_8715759255104151,খুবই ভালো কাজ করেছেন আপনি
815332950781482_835798318270807,এই ধরনের কাজ করার জন্য অনেক ধন্যবাদ
815332950781482_1027714378810140,Good job Bhai samim
815332950781482_927190239425813,Great job 👍
815332950781482_513135484568865,স্যালুট 🫡
815332950781482_516631107427112,"এই রকম পুলিশ,পশ্চিম বাংলার সব থানায় থাকা 
একান্ত দরকার,ধন্যবাদ স্যার,"
815332950781482_809188544740004,"স্যালুট জানাই,,, ❤️"
815332950781482_3868086580136884,I love Indian Police ♥️♥️♥️♥️♥️
815332950781482_1194893668221126,Feeling proud
815332950781482_1519669115298900,Selut
815332950781482_1084539629898601,Congratulations
815332950781482_349166044928035,সাবাস সামিম
815332950781482_1146356866473081,ভালো কাজ
815332950781482_847749540300351,Abdullah Samim
815332950781482_1281621336337835,Well done 👍
815332950781482_1208720087003419,Good job
815332950781482_1084951289714026,Respect
815332950781482_541133238347586,Good job 👍 Civic volunteer vai
815332950781482_832729652172549,অভিনন্দন!
815332950781482_1605982056628404,আপনাকে কুর্নিশ জানায়
815332950781482_2721397568026657,Salute apnake 🫡
815332950781482_2237116813317485,Great Job Samim da 🙏
815332950781482_1220731428944242,সংগ্ৰামি অভিনন্দন জানাই স্যার ✅😍
815332950781482_1028980235343693,ধন্যবাদ আপনাকে
815332950781482_836829791873808,"Great work sir selute you 
Jai hind"
815332950781482_1197918738187029,আপনাকে সালাম জানাই
815332950781482_1466960803927713,সাবাশ
815332950781482_858597196186661,স্যালুট sir
815332950781482_378758131661826,Good job sir🙏🙏
815332950781482_1213672686574738,Go on continue bro 💪
815332950781482_1429650991067605,Jai Hind...
815332950781482_1866161160532303,Eto amader samim da... Tata medical more eco space e thake salute
815332950781482_1046471027105631,"অনেক অনেক শুভেচ্ছা ও শুভকামনা রইলো 
জয়হিন্দ 🇮🇳🇮🇳🇮🇳"
815332950781482_1250712326293217,আপনাকে অনেক খুশি হলাম আপনার শুনে ভালো রাখে
815332950781482_1026650622109571,ভাল কাজের জন্য পুলিশ কর্মচারী উৎসাহ প্রদান করা সুস্থ সমাজ গঠনের শুভ ও ইতিবাচক দিক। অশেষ ধন্যবাদ রইল সবার জন্য।
815332950781482_510234278193332,Salute sir... Apnader jonno amra surokkhito..
815332950781482_483043037823494,WB police ❤️💚💙
815332950781482_426943583022825,Good Job 👍
815332950781482_460320723498048,🫡🫡 osadharon 👏
815332950781482_922471473122063,শাবাশ
815332950781482_8233041160093057,Well done. SK. Shamim Hossain Sir.
815332950781482_1017283360120543,𝙶𝚘𝚘𝚍 𝚓𝚘𝚋
815332950781482_1361228785237174,আন্তরিক অভিনন্দন ও শুভেচ্ছা।
815332950781482_1025223812173103,Good job dada
815332950781482_1261485831535792,সাবাশ ভাই শামীম
815332950781482_1023368049492551,Appreciate you brother 👍
815332950781482_1698527667579434,সাবাশ শামিম বাবু
815332950781482_1256373685784794,Puro bangla jura to emni dekhte chai sadharon nagorik....
815332950781482_509431484911887,Kub valo
815332950781482_1860492194443294,Salute Apnake
815332950781482_1149768862767814,একজন সৎ অফিসারের সুন্দর ভুমিকা।
815332950781482_763185902467534,Get salute 🙏🙏🙏🙏
815332950781482_520529880542823,Good 🙏job 👏
815332950781482_808928794724808,गर्व पूर्ण शमीम
815332950781482_1157011788935324,Good ভাই জান
815332950781482_2235496843478068,এই ভাবে কাজ করে যাও বন্ধু
815332950781482_1139324837149841,স্যালুট স্যার
815332950781482_9002633279751883,Sabash.......bro
815332950781482_1679021445830821,"Salute 🫡 
West bengal police officer amader gorbo"
815332950781482_1234363184228729,অসাধারণ সাহস আর উপস্থিত বুদ্ধির পরিচয় দিয়েছেন।
815332950781482_1017944962827414,বাহ্
815332950781482_867528008760533,Salute Samim Bhai...... 🙏🙏
815332950781482_8899796683380212,ও পুলিশ মশাই তোমাকে জানাই প্রণাম
815332950781482_27183525297905137,শাকিব মনে হচ্ছে
815332950781482_510671218152933,"Well done, Great Job 👏👍"
815332950781482_507489788527051,Proud of you sir👏❤️
815332950781482_919550500213245,You are great 👍
815332950781482_8180736431971889,ধন্যবাদ আপনাকে।  আমি বাংলাদেশ থেকে।  আপনাদেরকে আমি অনেক ভালোবাসি
815332950781482_1014148839979286,Salute 🫡 ❤️
815332950781482_870898268265469,Khup vhalo kaj kore chen sir
815332950781482_466136259624462,স্যালুট জানাই আপনাকে
815332950781482_1010359010884352,শুভেচ্ছা ও অভিনন্দন জানাই।
815332950781482_1705168336975990,স্যার আপনাকে মোন থেকে সেলুট জানাই 🫡🫡
815332950781482_847204260841422,Thanks sir 🙏🙏♥️
815332950781482_864708418399709,West Bengal police zindabad
815332950781482_510239154859270,
815332950781482_466209169653347,
815332950781482_1044600313692766,
815332950781482_452025291162910,
815332950781482_857132389695332,
815332950781482_3772148589696765,❤️🙏🙏
815332950781482_476662948552319,
815332950781482_1427585168633586,❤️❤️❤️
815332950781482_1601954173997387,
815332950781482_422170310312985,
815332950781482_971592171650709,
815332950781482_865598682145872,❤️❤️
815332950781482_493970879884397,
815332950781482_481696584606470,❤️❤️❤️❤️❤️
815332950781482_460642200169934,
815332950781482_8190853127665735,🇮🇳💐💐👏👏👏👏👌
815332950781482_1145705826506224,
815332950781482_2554573958062246,❤️❤️❤️❤️❤️❤️❤️🙏🙏🙏🙏🙏🙏
815332950781482_471034659151064,🌹
815332950781482_854364949556056,
815332950781482_1933146580449942,
815332950781482_438260345835332,🙏🙏🙏
815332950781482_412625997935814,👍
815332950781482_854358193464183,
815332950781482_1569780217230457,
815332950781482_1199423411497366,
815332950781482_2310297865975728,❤️❤️❤️❤️❤️❤️
815332950781482_481585198134270,
815332950781482_1005016218085509,
815332950781482_1558020745092837,😘😘😘🥰🥰
815332950781482_894028092565702,❤️❤️
815332950781482_1159880748643825,🙏🙏
815332950781482_515079721032188,❤️❤️
815332950781482_487725697199746,🫡🫡🫡
815332950781482_1431330954249595,♥️♥️🥰🥰🙏🙏
815332950781482_504047502119357,🙏🏽
815332950781482_862824785242518,👌👌
815332950781482_1708316989985165,👌🔥👍
815332950781482_519420667276915,
815332950781482_478079338365906,❤️❤️
815332950781482_1313694263350093,💚💚💚💚
815332950781482_468667342653551,❤️❤️❤️❤️
815332950781482_860450489296955,👍🏿
815332950781482_1659919674753105,♥️♥️♥️♥️
815332950781482_1213532606510806,👏👏👏👏
815332950781482_505291618719958,❤️❤️❤️❤️
815332950781482_1038438004337845,🙏
815332950781482_471532482324485,🙏
815332950781482_536753728690776,🇮🇳🇮🇳🇮🇳
815332950781482_2664465553732003,🙏
815332950781482_1664158534427503,👍
815332950781482_510224118041184,👍👍👍👍👍
815332950781482_429618429512347,🫡🫶🏿
815332950781482_425803297155576,🫡
815332950781482_8158477944173972,❤️
815332950781482_1893538467788816,❤️🇮🇳💪
815332950781482_3735739696699826,❤️❤️
815332950781482_518145997388128,👏👏👏👏
815332950781482_903325251636252,🙏🏽🙏🏽
815332950781482_511960427967746,👌👌
815332950781482_465652739566603,🙏
815332950781482_1209929003514769,🙏🙏🙏🙏
815332950781482_1209211537165856,❤️
815332950781482_1479900676221816,🫡
815332950781482_1028570621739942,🫡
815332950781482_499060056040981,💝
815332950781482_1889660088200195,♥️
815332950781482_1713145889496847,❤️🔥
815332950781482_996909838578952,🙏
815332950781482_794259572581815,❤️❤️❤️
815332950781482_518369140609552,🙏🏻🙏🏻🙏🏻
815332950781482_1705309683206939,Sk Habibulla  Minhaj Sheikh Shoib Mahammad
815332950781482_477028004963966,❤️
815332950781482_537839188571122,
815332950781482_983917986821061,🙏❤️
815332950781482_1926627704475935,
815332950781482_479130734827320,"Good Job 👍 
Please convey our heartiest congratulations to Samim 👏"
815332950781482_1195959184758525,"Great job!👍🏻 
Proud of u 👏🏻
God bless u💫"
815332950781482_897782902215711,we are proud of you sir. ♥️🌹
815332950781482_1224522018893402,এই রকম আমাদের দুষ্কৃতীদের বিরুধ্যে সবাই কে এগিয়ে আসতে হবে তোমার উপস্থিত বুদ্ধি ও সাহসিকতার তুলনা হয় না। সাবাস ভাই।❤️❤️❤️
815332950781482_1243325400164596,Great job brother 👏🙏❤️
815332950781482_809058354750932,রাজ্য পুলিশ এগিয়ে চলুক ❤️
815332950781482_416060928118552,Very good 😊👍 job
815332950781482_350746658094480,Salute west bengal police ❤️❤️
815332950781482_855075176157135,আপনার জন্য অনেক অনেক সালাম
815332950781482_852270976458985,Nice
815332950781482_864664721661228,Salute Samim sir 👍❤️
815332950781482_1029385808696959,Good Job Sir...keep up the good work.
815332950781482_470796085868745,ধন্যবাদ ভাই
815332950781482_4515619051997270,স্যালুট স্যার 🫡🫡
815332950781482_461283610212979,Nice 👍
815332950781482_479743428022734,"Salute sir, & all West Bengal police."
815332950781482_1615096822401665,Great
815332950781482_1187712482516065,Salute
815332950781482_1284404269206378,Sabbas
815332950781482_400188339748229,Great 👍👍👍👍👍
815332950781482_342625968919241,Vary good sir
815332950781482_920673910099521,Proud 🙏
815332950781482_412124564653822,Thank you 🙏 sir ❤️🫡
815332950781482_3302796103188270,Veri Good Sir
815332950781482_1564372097824780,Sabas
815332950781482_27466794909586600,Thank you sir.
815332950781482_1685773405573314,Thank you sir 🙏..
815332950781482_521276223574827,
815332950781482_875435354459194,Big salute 👍🏻
815332950781482_464526626478592,Great
815332950781482_476924905282711,Good 👍
815332950781482_1575816413035766,Good
815332950781482_1012943750100201,Great 👏👏
815332950781482_457899113740444,Very nice
815332950781482_355571910929811,Thanks
815332950781482_853962779603127,Excellent 🧡🤍💚
815332950781482_2751974538314002,Gd job
815332950781482_1220481658945749,Thank you
815332950781482_514047831278278,Thank you sir.
815332950781482_456746637340425,Thank you...sir.
815332950781482_342354415494623,Thank you sir
815332950781482_355427377631175,Salute
815332950781482_7971055533008450,Excellent Brother
815332950781482_1929506354153587,Great 👍🏿
815332950781482_2463629567169561,Great sir...❤️
815332950781482_493827666710800,Great job 👍👍👍
815332950781482_7905342386239261,Hats off to you sir
815332950781482_888658916440045,Great 👍
815332950781482_533551072437446,Selute to all of YOU .
815332950781482_987665960066937,Salute 👍👍👍
815332950781482_1041377993549533,Well Done
815332950781482_3876471912633485,Salute
815332950781482_1194299665118149,Hats off to WBP ❤️
815332950781482_489784380337666,Great
815332950781482_453996634118747,Excellent 👌🏾
815332950781482_1521580982078295,"🙏🥰🙏,,,great"
815332950781482_1014663867019755,Good
815332950781482_7762578747198592,Great
815332950781482_845012840608823,❤️❤️
815332950781482_869858045071257,Feel Proud 💐
815332950781482_8248343195222850,"সাব্বাস ভাই

আজ সকালেই কলকাতা পুলিশকে গালাগাল দিয়েছি মন থেকে 
আর আপনার কাজকেও মন থেকে সাবাসি দিচ্ছি
ভালো থাকবেন"
815332950781482_802803925360981,"Ami jani na je apni Hindu ki Muslim 
Tao apnar jonno amar torob theke one onek dau thaklo jeno apni boro boro muslik theke somafhaan peye jan"
815332950781482_479956804792396,Constable post ta confirm apnar ebar. Promotion
815332950781482_418122684013104,Opp sir selut sir apnak 🫶🏻🫶🏻
815332950781482_837090558378529,Nice
815332950781482_1586280245634831,"Sir,

আমি গত পরশু সকাল ৫টার পর  বাড়ি থেকে বেরিয়ে বাসে চাপবার আগে লক্ষ্য করি আমার পিঠ ব্যাগের rain cover টা নেই যেটা পড়ে গেছে। এটা কিছুদিন আগে কিনেছিলাম। বাড়ির লোকে খবর নিয়ে জানতে পারেন টোটো চালকের মারফত যে একটি নির্দিষ্ট মিষ্টির দোকানের সামনে পড়েছিল। তাই সেই মিষ্টির দোকানে জিঞ্জেস করাতে, তারা যথাযথ উত্তর না দিয়ে চুপ করে থাকে। দোকানে সিসি ক্যামেরা বসানো আছে চাইলে হয়তো প্রমাণ সহ জিনিসটি উদ্ধার করা সম্ভবপর হবে। আপনার নিকট হতে  দয়া করে এই তথ্যটি জানলে অশেষ উপকৃত হয় যে জেনারেল ডায়েরি না FIR করব, on line এ FIR বা জেনারেল ডায়েরি কি গ্ৰাহ্য । জানালে অশেষ উপকার হয়।

🙏"
815332950781482_406552279103169,Great job 👏
815332950781482_824052406535076,"অনেক আত্মীয়র বাচ্চা কাচ্চা হয়না, আর এই শয়তানেরা কি করে মায়ের কোলের বাচ্চা চুরি করতে পারে।

Salut Sir"
815332950781482_985870253288330,"এই রকোম খবোর গুলো শুনলে পুলিশের ওপর গর্ভ হয়।
কিন্তু তখোন মন ভেঙে যায় জখোন শুনি যে কিছু দুষ্কৃতী যারা আগ্নেয়াস্ত্র নিয়ে হাওড়া স্টেশনে এরেস্ট হয় এবং সম্পূর্ণ মিডিয়ার সামনে সেটা open করা হয় তারপরও তাদের পরের দিন সন্ধ্যা 06:00 নাগাদ ছেড়ে দেওয়া হয় তখোন দারুন কষ্ট হয়।"
815332950781482_1060817885548968,আমি পাগল হতে চাই না এবং আমি মশালবাহকের মতো জ্বলতে চাই না। পশ্চিমবঙ্গ পুলিশকে সাহায্য করুন।
815332950781482_414212161641432,Kuchh dinon se torcher thoda kam ho gaya hai.
815332950781482_1448512719201613,"Mere Ghar per mere sath torcher Kiya gaya hai pata nahin kis chij ka injection dekar. 
Mera chest per kuchh kar diya hai."
815332950781482_469098359223778,West Bengal Police
815332950781482_503746388812977,"Bachpan se main bahut torcher jhela hun mujhe thoda sa Khushi chahie and one bike chahie.
Main sirf Diya ko pasand karta hun lekin mujhe fansane ki koshish Kiya ja rahi hai."
815332950781482_1164852464801631,"Sabse pahle to yah per mujhe fansane ki koshish Kiya ja raha hai. 
Mujhe help karo."
815332950781482_1054441579365195,"You made whole state and nation proud on you ""Shamim""

*sorry Shamim sir ❤️"
815332950781482_470762042598144,ওই আসামি টাকে ধরে তাদের যত বড় দল আছে বা এর পেছনে যদি কোনো সংগঠন থাকে ভালো করে তদন্ত করুন ।।।। এদের অনেক বড় কানেকশন আছে গোটা পশ্চিমবঙ্গে অনেক শিশু নিখোঁজ হয়েছে
815332950781482_1005378774705424,"সত্যিই গর্বিত হলাম আপনার জন্য, তবে অপরাধীকে এই রকম শিক্ষা দিন যাতে আর জীবনে এই কাজ না করে মানে হাত পা মেরে ভেঙে দিন।"
815332950781482_470417005866952,"https://www.facebook.com/share/v/CpjN77WiVcA82cAH/?mibextid=oFDknk

News link"
815332950781482_1167658211178086,Great..আর এই চক্রের পর্দা করা দরকার।
