,Unnamed: 0,POST_ID,CAPTION,REACTION_COUNT,COMMENT_COUNT
0,0,692583847600758_815684384079672,#AmanSehrawat #Paris2024Olympics #IndiaAtParis2024 #Wrestling #Bronze,1337,35
1,1,692583847600758_815332950781482,"সাবাশ শামিম! 

সপ্তাহকয়েক আগে বিধাননগর পুলিশ কমিশনারেটের নিউটাউন ট্র্যাফিক গার্ডে কর্মরত সিভিক ভলান্টিয়ার শেখ শামিম হোসেনের উপস্থিতবুদ্ধি এবং তৎপরতা একটি বাচ্চা মেয়ের অপহরণ রুখে দেয়। কীভাবে? শুনুন সঙ্গের ভিডিওয়, শামিমেরই মুখে।",7662,470
2,2,692583847600758_815238190790958,#NeerajChopra #Paris2024Olympics #IndiaAtParis2024 #Javelin #Silver,1239,32
