COMMENT_ID,COMMENT
809869274661183_1929084850830265,"We are available on YouTube too. Please visit-
www.youtube.com/@westbengalpoliceofficial"
809869274661183_851044423175630,"যে পদ্ধতির কথা উল্লেখ করলেন তার কানাকড়ি একজন শিক্ষিত মানুষ জানেন না, প্রশ্ন হল এদেরকে এইসব সেখাচ্ছে কারা?"
809869274661183_683776593943347,Excellent Job Jawaan ❤️
809869274661183_374143582378089,মাত্র 5 বছর?এগুলোর শাস্তি lifetime হওয়া উচিৎ
809869274661183_856585395917357,Great Work BY WEST BENGAL POLICE KUDOS TO ALL TEAM MEMBER OF WB POLICE👏👏👏🎉🎉
809869274661183_508108585129911,"দৃষ্টান্ত মূলক শাস্তি দিতে হবে, জামিন যাতে না পায় সেই ভাবে কেস ফাইল করতে হবে। সব আধার সেন্টারে রুটিং মাপিক নজর বাড়াতে হবে।"
809869274661183_1156882028703417,"Eder kaj sekhalo k? Seta khuje bar korte hobe, tar jothesto cyber scam niye proper research na korle erm scam mathay asbe na! 

Karon ora jei technique use koreche it has a specific pattern and ei school going age e ei pattern nije abiskar kora impossible until and unless tader keu guide korche! 

Cuzz ekhane 2 to pattern toiri hocche: 
1st. Internet and Tech Expert
2nd. They must be well aware of Banking and Banking Gateway

and ei AGE e 2 to jinis simultaneously without any prior knowledge, master kora jaye na! They must have taken some people's help! Oder khuje bar korte hobe! 

Cuzz I call them E-Terrorism"
809869274661183_1740683790003489,Great job .
809869274661183_456023397250588,Great job 👍♥️
809869274661183_802523745327491,Great job 👏
809869274661183_1192243325397388,Great job Sir
809869274661183_503887678799117,Great job
809869274661183_478798408214527,We are proud of Bengal police
809869274661183_450848091120449,Good job Islampur police district
809869274661183_2300288376845720,Super Congratulations 🎊 👏 💐
809869274661183_463774086614989,Good job sir 🙏
809869274661183_1016561686385580,5 বছর যথেষ্ট নয়
809869274661183_3285664488232389,Great work 👏
809869274661183_463466023317975,Well ডান... Hashmi saheb... Islampur PD
809869274661183_859971729388196,যথাযোগ্য শাস্তি নিশ্চিত করা হোক
809869274661183_501899032429226,Good job
809869274661183_1179372720055854,"ধন্যবাদ🙏💕 , এই ধরনের অফিসার সমগ্র রাজ্যের মধ্যে দেখতে চাই।"
809869274661183_510398971548327,Good job👍
809869274661183_1501626143778720,Congratulations 👏 WBP.
809869274661183_1311459196480702,"কতকিছু জানে এরা। !!!! 😡😡😡😡
আধুনিক এইসব সাইবার জ্ঞান অনেক মানুষেরই অজানা, যাঁরা রেগুলার কম্পিউটার সফটওয়ারে অভ্যস্ত, তাঁরাও জানেন কিনা সন্দেহ আছে। 

এইসব ব্রেন দেশের কাজে না লাগিয়ে মানুষকে সর্বস্বান্ত করার লক্ষ্যে ব্যবহার করছে। আবার ছাড়া পেয়ে আরো বড় জালিয়াতি করবে। এর শেষ কোথায় !!!!"
809869274661183_2110088836058605,"Wel done Sir, 
  একটু দেখবেন Bankura Cyber PS, GDE no 182, dated on - 11/09/2023. Thank you Sir."
809869274661183_1151763759212160,Good job 👍👍👍
809869274661183_1233283551173044,Good morning
809869274661183_1038292734666236,"ছেলেগুলোকে দেখে মনেই হয় না যে এরা এত বড় কান্ড ঘটাতে পারে। GPS Emulator নামটা সমাজমাধ্যমে দেখেছিলাম তবে, এই দিয়ে এসবও করা যায় এটা জানতাম না। বোকা হলে কি হবে, ছেলেগুলোর বুদ্ধি আছে 😅। West Bengal police always rocks 👍💪🤟🙏"
809869274661183_1230758178363021,Salute This Police 🫡
809869274661183_509649964847113,Salute West Bengal Police Team
809869274661183_898955465590021,"Jotoi nabalok hok na kano, oporadh er shasti aki howa uchit"
809869274661183_482006554555271,Great job 👏
809869274661183_3934605060155897,Great job 👏
809869274661183_1552366822329887,Salute
809869274661183_390802583624647,Good job Bankura police ❤️
809869274661183_397615883331744,AEPS নিয়ে বিস্তারিত জানতে চাই। তাহলে আরো সাবধান থাকতে পারবো
809869274661183_1205334007290216,Good job sir
809869274661183_817012030570533,Salute
809869274661183_467065982783330,Good work
809869274661183_1224960525345170,চোর ধরো জেল ভরো 🙏🙏🙏
809869274661183_481864104440964,Etto Intelligent abar NABALOK?
809869274661183_1548337542778125,"কি বলুন তো স্যার, ওদের শাসন ও ভালো বাসা দুটোই বড়ই অভাব। তাই এই রকম পদক্ষেপ নেয়"
809869274661183_777815501094056,ধন্যবাদ পশ্চিম বঙ্গ পুলিশকে এবং এই কেশের অফিসার ও সমস্ত টিমকে।
809869274661183_1060397792514502,Hoito r o keu achhe eder pechhone. Egulo jail theke fire asle r o boro crime korbe.
809869274661183_1210308073658261,Sir amar o ekti problem hoye6e cyber crime complaint kore6i kintu fire pete pari ki ....? Na r kothay jogajog korbo
809869274661183_1008907554214062,Same akta movie taw amon aacha Jai hok ai vaba kono din o taka income kora jaina kharap kaj are fol kharap e hoi 🙂
809869274661183_1647223336129670,lifetime imprisonment haoa uchit.
809869274661183_1211129203670526,Jai Hind
809869274661183_816795740540347,"Amar o keteche,"
809869274661183_1005726607548884,"জেলে রেখে এদের এমন টাইট দিন যেল থেকে বেরোলে যেনো হাতগুলো শুধু ভিক্ষার আর ধোয়ার জন‍্য ওঠে, পুনরায় যেন জালিয়াতি করতে হাত গুলো কাজে না লাগে"
809869274661183_3874824446173667,"Same case , same area theke amar sathe hoieachilo. Amar account theke 10000 taka gayeb. Last September 2023 e.  Statement dekhachhilo Uttar Dinajpur."
809869274661183_463492483118674,Hasmi Ali Rafsanjani congratulations vai♥️
809869274661183_1346811226274746,Khub sundor
809869274661183_1007833581005236,"সবই ঠিক আছে কিন্তু ট্যালেন্ট আছে মানতে হবে।
আমার মনে হয় এই সমস্ত ছেলেদের ট্যালেন্টকে সরকারি কাজে ব্যবহার করা প্রয়োজন।"
809869274661183_377040012089258,Digital যুগে digital চোর
809869274661183_999305008863374,💝💝💝 Hasmi Ali Rafsanjani congratulations 👏🎉 ভাই💖
809869274661183_1059247415561717,Great job
809869274661183_382565861163632,Great sir
809869274661183_990682469502370,🙏🏼🙏🏼🙏🏼
809869274661183_466307819509755,Souradeep Chanda
809869274661183_1008101637260694,🌹🌹👍
809869274661183_2619872024854408,👏👏👏👏
809869274661183_890667292894651,👏👏
809869274661183_1221888495489131,👍❤🙏
809869274661183_1157696468865922,
809869274661183_1227192671794798,West Bengal Police
809869274661183_8034237063301306,Chameli
809869274661183_1286665296074247,Hasmi Ali Rafsanjani 💐💐💐💐💐👌
809869274661183_370237639433100,Subhojit Dey
809869274661183_1298386241546334,
809869274661183_840093921091370,"Good job , congratulations 🎉"
809869274661183_2822020907956557,Great job Hasmi Ali Rafsanjani ....
809869274661183_1130701771353608,Selute
809869274661183_4110330939253726,Good job
809869274661183_1774564769740413,Salute WBP 🙏🙏🙏🙏🙏
809869274661183_7977585439000798,Digital thief!
809869274661183_1540859303173875,Salute sir
809869274661183_1642622156517024,Life time jel
809869274661183_1174641883865984,Abar 5 bochor bade jaliati suru korba
809869274661183_502653572450647,মাত্র পাঁচ বছর এরা এই কাজ করা থেকে বিরত থাকবে 🙄❗
809869274661183_457779400460520,Nice
809869274661183_1585823591980548,West Bengal Police This case would have met a dead end if Bivas Chatterjee was not there as Ld. Special Public Prosecutor. I have seen this case very closely. Thanks to Ld. Special Public Prosecutor for his efforts.
809869274661183_3285632275067040,"West Bengal Police স্যার আমাদের এই খানে মানে মালদা জেলা গজল থানা পড়ে একজন আছে যে আধার জালিয়াত করে রূপশ্রি, বিধবা ভাতা, বার্ধক্য ভাতা করে এবং যাদের ডকুমেন্টস নিয়ে করে তাদের কাছে ৫০% টাকা নিয়ে নায়। আমি প্রমাণ করিয়ে দিতে পারব না কিন্তু fake documents দিয়ে করিয়েছে অনেকের সেটা জানি। যদি সেই ছেলে তার ফোন চেক করেন তাহলে সব কিছু প্রমাণ হয়ে যাবে। আর অনেক মানুষ আছে যারা বলতে পারবে। এই সব মানুষের জন্যে পঞ্চায়েত অফিসে দেরি হবে বলে মানুষ এই সব লোক কে টাকা দিয়ে কাজ করে নেয়। অনুরোধ রইলো যদি পারেন ব্যাপার টা দেখবেন। ধন্যবাদ"
