,Unnamed: 0,POST_ID,CAPTION,REACTION_COUNT,COMMENT_COUNT
0,0,692583847600758_809869274661183,"অভিনব আধার-জালিয়াতি, ৫ বছরের কারাবাস 

প্রথম দর্শনে মনে হবে ‘রুটিনমাফিক’ জালিয়াতি। AEPS বা Aadhaar Enabled Payment System ব্যবহার করে ব্যাঙ্ক অ্যাকাউন্ট থেকে টাকা তুলে নেওয়া। আরও অনেক ধরনের সাইবার অপরাধের মতোই যাতে দুর্ভাগ্যবশত ‘অভ্যস্ত’ হয়ে পড়েছি আমরা। তবে এই মামলায় ব্যতিক্রম আছে বেশ কিছু। এবং শাস্তিও হয়েছে নজিরবিহীন। 

মামলার সূত্রপাত গত বছরের সেপ্টেম্বর মাসে। উত্তর দিনাজপুর জেলার ইসলামপুর সাইবার থানায় সাব-ইনসপেক্টর অনুপ সিং বিশ্বকর্মার কাছে সোর্স মারফত খবর আসে, আঙুলের ছাপ নকল করে AEPS লেনদেনের মাধ্যমে বিভিন্ন ব্যাঙ্ক অ্যাকাউন্ট থেকে লক্ষ লক্ষ টাকা তুলে নিচ্ছে চোপড়ার দুই যুবক। 

কোথায় পাচ্ছে তারা আঙুলের ছাপ? নানা দলিলের সঙ্গে অনলাইনে জমা দেওয়া আধার কার্ড থেকে। বিভিন্ন রাসায়নিকের সাহায্যে সেই ছাপ তারা নকল করে ফুটিয়ে তুলছে ‘পলিমার শিট’-এর উপর। এবং জাল লেনদেন ঢাকা দেওয়ার জন্য ব্যবহার করছে GPS Emulator সফটওয়্যার। খুব সহজ করে বলতে গেলে, এই সফটওয়্যার ব্যবহার করে নকল জিপিএস লোকেশন তৈরি করা যায়।

সব ক্ষেত্রেই এই সফটওয়্যার ব্যবহার করে নিজেদের আসল অবস্থান লুকিয়ে রাজ্যের বিভিন্ন প্রান্তে অসংখ্য ব্যাঙ্ক অ্যাকাউন্ট থেকে টাকা তুলে নিতে সফল হয় দুই জালিয়াত। তবে হুগলির এক মহিলার অ্যাকাউন্ট থেকে টাকা তুলতে গিয়ে GPS Emulator চালু করতে ভুলে যায় তারা। 

সেই একটি ভুলেরই অপেক্ষা ছিল। সঠিক ঠিকানা জেনে নির্দিষ্ট স্থানে হানা দিয়ে মুজফফর আলম, সাইফুল আলম এবং এক নাবালককে গ্রেফতার করেন অনুপ। উদ্ধার হয় ফিঙ্গারপ্রিন্ট স্ক্যানার, নানা ধরনের বৈদ্যুতিন যন্ত্রপাতি, অজস্র আধার কার্ডের জেরক্স কপি, ব্যাঙ্ক অ্যাকাউন্ট সংক্রান্ত তথ্য, ইত্যাদি। 

ইসলামপুর সাইবার থানায় অনুপের দায়ের করা স্বতঃপ্রবৃত্ত অভিযোগের ভিত্তিতে শুরু হয় মামলা, তদন্তের ভার নেন সাব-ইনসপেক্টর হাশমি। তদন্ত চলাকালীন পুলিশি হেফাজতে থাকে মুজফফর এবং সাইফুল, তাদের বয়ানের ভিত্তিতে উদ্ধার হয় আরও বেশ কিছু প্রামাণ্য নথি ও যন্ত্রপাতি। 

বিভিন্ন ব্যাঙ্কের সঙ্গে যোগাযোগ করে ১৩৪টি আধার কার্ডের সঙ্গে যুক্ত ব্যাঙ্ক অ্যাকাউন্টের তথ্য সংগ্রহ করে খুঁজে বের করা হয় এই জালিয়াত চক্রের দ্বারা প্রতারিত ব্যক্তিদের। সাক্ষী হিসেবে দাখিল হয় তাঁদের মধ্যে অনেকের বয়ান। 

সমগ্র প্রক্রিয়ার বর্ণনা দিতে গেলে পোস্টের দৈর্ঘ্য বাড়তে থাকবে, তবে এটুকু না লিখলেই নয়, যে ঠিক কীভাবে আঙুলের ছাপ নকল করা হতো, তা জুডিশিয়াল ম্যাজিস্ট্রেটের সামনে হাতেকলমে করে দেখান আমাদের ফরেনসিক বিশেষজ্ঞ। এবং এই প্রক্রিয়ায় সংগৃহীত ছাপের সঙ্গে মিলে যায় অভিযুক্তদের কাছ থেকে পাওয়া একজন প্রতারিতের ছাপ। এছাড়াও সন্ধান মেলে জাল নথিপত্র ব্যবহার করে খোলা একাধিক ব্যাঙ্ক অ্যাকাউন্টের, যেখানে জমা পড়ত জালিয়াতির টাকা। 

তদন্ত শেষে সমস্ত তথ্য জমা পড়ে ইসলামপুরের মাননীয় চিফ জুডিশিয়াল ম্যাজিস্ট্রেটের আদালতে, চলতি বছরের ১৬ জানুয়ারি দায়ের হয় চার্জশিট। বিচারপর্বে সাক্ষ্য দেন ২২ জন, যাঁদের মধ্যে ছিলেন একাধিক ফরেনসিক বিশেষজ্ঞ এবং তদন্তকারী অফিসার। ইতিমধ্যে জামিনের আবেদন জানিয়ে কলকাতা হাইকোর্টের দ্বারস্থ হয় অভিযুক্তরা, কিন্তু খারিজ হয়ে যায় আবেদন। বরং যথাশীঘ্র মামলার নিষ্পত্তি করার নির্দেশ দেন হাইকোর্ট। 

পাঁচ মাসের শুনানির পর মামলায় রায় বেরিয়েছে ২৯ জুলাই, দুই অভিযুক্তের পাঁচ বছরের সশ্রম কারাদণ্ডের সাজা শুনিয়েছেন আদালত, যা এই ধরনের মামলায় একরকম অভূতপূর্ব। সঙ্গে আর্থিক জরিমানা। নাবালক অভিযুক্তের মামলা চলছে জুভেনাইল কোর্টে।",1304,84
