COMMENT_ID,COMMENT
809258388055605_865004765513523,
809258388055605_511076994936911,😔
809258388055605_8024685564263268,খুব দুঃখ জনক ঘটনা ঘটছে প্রতি সপ্তাহে।এই বিষয়ে যত তারা তারি পারে - আমাদের মাননীয় প্রধানমন্ত্রী বিশেষ করে নজর দেয়া উচিত 👏
809258388055605_1048793976808965,রেলের কবে হুঁশ ফিরে দেখা যাক।
809258388055605_1640238306549426,Abar accident 😔
809258388055605_1431227600875847,Sweetie  Rana kono Khoti hoyni to ?
809258388055605_462187176664603,मेरा आधार कार्ड का कोई गलत इस्तेमाल कर रहा है प्लीज हेल्प मी सर
809258388055605_1007543157306311,Anil Kumar Aap Cyber crime website pe ek application daal ke rahkiye pehe le se...Mera dost ki bhi fraud ke case fasa dia tha
809258388055605_1436913783686577,Amon hole to train a uthtei voi korbe😔😔😔
809258388055605_1040455914337508,Sotti khub dukho jonok ghotona
809258388055605_1527446658195966,Shame on Indian railway
809258388055605_335877006146268,খুবই ভালো উদ্যোগ 🙏
809258388055605_1643297503185038,Kono bhabee West Bengal bashi key rail dhur ghontaa tee body Naa anudane help naaa
809258388055605_800951348820890,ইস খুব দুঃখিত 😢😢
809258388055605_506520835195485,
809258388055605_2031437920583837,👍
809258388055605_1150144689425541,Ok
809258388055605_1011816083977752,Thanks
809258388055605_2866183326863725,"দেশটাতে শুধু এক্সিডেন্ট এই বিষয়ে ভারত সরকারের কোনো ভ্রুক্ষেপ নেই, না আছে যাত্রীদের নিরাপত্তা রেলের লক্ষ্য লক্ষ্য পদ খালি রয়েছে তা সরকারের নজরে আসেনা। আগামীর ভবিষ্যৎ খুব খারাপের দিকে যাচ্ছে। প্রশাসনের দৃষ্টি আকর্ষণ করে বলছি আপনারা দেশ কে বাঁচান।"
809258388055605_531671912521644,Keno eto rail accident hochhe ?
809258388055605_470253139146265,"গতকাল ওড়িশা তে মালগাড়ি লাইন চুতো, আজকে আবার এই ঘটনা, এই বছর কতগুলো বড়ো বড়ো রেল দুর্ঘটনা হলো, ভারত সরকার রেল বিকাশ কি করছে??
নিয়োগ না করিয়ে যদি আসন খালি রেখে কাজ করে সরকার তাহলে তো এমন ঘটনা হবেই, অবিলম্বে রেলমন্ত্রীর ইস্তফার দাবি জানাই 😡"
809258388055605_1014272683683033,"Shame on you Indian Railways. 
#boycott_railways"
