,Unnamed: 0,POST_ID,CAPTION,REACTION_COUNT,COMMENT_COUNT
0,0,692583847600758_809377678043676,#ManuBhaker #SarabjyotSingh #Paris2024 #OlympicGames,4002,42
1,1,692583847600758_809258388055605,"ঝাড়খণ্ডের রেলদুর্ঘটনা: হেল্পলাইন 

আজ ভোরের দিকে ঝাড়খণ্ডে মুম্বই-হাওড়া মেলে দুর্ঘটনা ঘটেছে। সেই সংক্রান্ত হেল্পলাইন চালু হয়েছে হাওড়া, শিয়ালদা এবং খড়গপুর জিআরপি-তে। অনুরোধ, শেয়ার করুন।",818,22
