COMMENT_ID,COMMENT
810426627938781_508639568360499,"We are available on YouTube too. Please visit-
www.youtube.com/@westbengalpoliceofficial"
810426627938781_1949170008906929,"Dear West Bengal Police Let me tell you where the loophole is and why even concerned citizens suffer too when it comes to the Police verification in DIB offices. 

It’s lies in “Other Documents”.  

Please please publish a list of documents which are required, otherwise you are just opening a whole world for few officers to ask for any random documents which could be completely unnecessary. 

For every other purpose, we have list of documents clearly mentioned to be required. Can we have a clear list of documents required for Police verification as well? Thanks!"
810426627938781_410477645344015,অভিযোগ করার নম্বর টা শেয়ার করুন
810426627938781_1484629632935962,কোন ফোন নাম্বারে অভিযোগ করব স্যার?
810426627938781_801676992126869,কোন নম্বরে অভিযোগ করা যাবে ?
810426627938781_1154272592539702,"যে যেই District এ আবেদন করবেন সেই District control room এর নম্বর সার্চ করলেই পেয়ে যাবেন  Google এ ,,"
810426627938781_1147200979670033,Thank you very much sir for your kind words.
810426627938781_380730875048181,Jodi kono babar document vul thake tahole ki korbo sir
810426627938781_479918254741043,A H Maruf একটা এফিডেভিট করে নেবেন ফাস্ট ক্লাস ম্যাজিস্ট্রেটর।
810426627938781_996019228672378,Md Akkas Ali Khan thank you sir
810426627938781_924777649410974,"Md Akkas Ali Khan sir amar location jalangi, domkal, murshidabad, Amar protita document thik ache tar sotteo amar kach theke 1000/- niye , kiser taka jigges korlam ora bolche office charge, officers nije bolche taka dile kaj hobe na dile hobe na........"
810426627938781_510139774897694,A H Maruf কে নিয়েছে টাকা?
810426627938781_3938398889777212,Thank you so much 💕
810426627938781_675577714785159,Thanks for your kind words and encouragement it means a lot ❤️
810426627938781_454127877458613,Thank you so you
810426627938781_1301345530848761,Jai hind sir💐🙏
810426627938781_531216395897067,অভিযোগ করার নাম্বার
810426627938781_8094472130645025,🙏🌟🌟🥇🥇🇮🇳🇮🇳RESPECTED SIR 🇮🇳🇮🇳🥇🥇🌟🌟SPECIAL CP IPS PRAVEEN KUMAR HOWRAH SIR JAI HIND BEST WISHES WAHA GURU JI GOD BLESS SIR 🇮🇳🇮🇳🥇🥇🌟🌟🙏
810426627938781_1161771968441963,Good news .. all pablic...thxx sir...
810426627938781_468511719289887,অনেক ধন্যবাদ স্যার
810426627938781_505740685166511,Thanks for informing video
810426627938781_1215287386165844,"Now PCC online, Crime & Traffic. Question comes why visiting for passport verification.
Find a solution and go for digital....
Thank you !"
810426627938781_1778142276056851,Ekhono Pending PCC Ache
810426627938781_1022473779429892,Thanku Sir ❤️
810426627938781_1038857217888120,কোন নাম্বার এ অভিযোগ করতে হবে সেটা তো বললেন না।
810426627938781_1233230841029292,Subash Sasmal 100 ডায়েলে call করবেন।
810426627938781_402275219041430,Tq sar
810426627938781_1405067633503632,A lot of thanks sir 🙏
810426627938781_428154700285467,passport verification korte gele police taka nei.amar kachhe jobordosti taka niyechhe.
810426627938781_1027468832421528,"সকল পুলিশ ঘুষ খায় না, অন্য ‍ডিপার্টমেন্টের চাইতে পুলিশ ভালো । আমরা পুলিশ সম্পর্কে জানতে চেষ্টা করিনা।"
810426627938781_1219249892645613,"দারুন কাজ ,,"
810426627938781_1861985617617537,Jai hind sir ji 👏❤️🙏
810426627938781_3840376536220107,অভিযোগ করার email id শেয়ার করুন no number....
810426627938781_514505321255240,"Please share complaint email id,not number."
810426627938781_1009423694056001,
810426627938781_459365276921974,❤️❤️❤️
810426627938781_1270266587659293,👍
810426627938781_1414065455939487,#JusticeForRGKar
810426627938781_1237717073905554,👍👍👍👍
810426627938781_1522615161696922,Kindly let us know which documents will be required for passport verification
810426627938781_972427977970553,Thanks for information.
810426627938781_1710162283069202,GREAT CP SIR HOWRAH SIR
810426627938781_1402567800382624,Thank you sir
810426627938781_3693950817485248,Very good
810426627938781_1505793270027137,Thank you Sir.
810426627938781_1396941664597630,Control room phone 🤳 Number din sir
810426627938781_404194528829128,Many Many thanks.
810426627938781_506220678542925,Thank you sir
810426627938781_1465395227427416,Thank You sir
810426627938781_521078493591516,Thank you sir 🙏🏻
810426627938781_513305657786799,"বেশিরভাগই পুলিশ ঘুষখোর,"
810426627938781_7995201563897347,সব থেকে ইম্পরট্যান্ট হচ্ছে টেবিলের নিচে নেওয়া চা মিষ্টির খরচা টা
810426627938781_469822815919827,"ভিতরের লাইভ ভিডিও পাব্লিক করতে হবে। 
তাহলে যদি স্বচ্ছতা আসে।"
810426627938781_527555556366173,Ha jar binimoy 2 hajar takao dite hoy apnader police verification er jonno
810426627938781_1013844680117205,আর চা পানি Gold Flake এর জন্য যে 2000 টাকা করে নিচ্ছো টার ব্যাপার টা
810426627938781_2198842103814103,Taka chara ki6u hoh na
810426627938781_1013227760531834,Email for lodging complain
810426627938781_1143772850030970,सर क्या करु पैसा लेताही है DIB मेरे साथ 5 हजार लिया।
810426627938781_1657294071729818,"কি কি ডকুমেন্টস লাগবে সেটা পরিষ্কার করে দিলে ভালো হয়, কারণ ঐ Other Documents এর নামে সাধারণ মানুষকে নানান ভাবে হয়রান করা হয়।
কারণ সাধারণ মানুষ আদৌ জানতে পারছেন না তাঁরা প্রয়োজনীয় সমস্ত ডকুমেন্টস দিতে পেরেছেন কি না।

West Bengal Police"
810426627938781_441619388869711,তাহলে আর ৫০০ টাকা দিতে হবে না
810426627938781_1018930113114548,তবে আর মিষ্টি খাওয়ার জন্য হাজার হাজার টাকা দিতে হবে না ?
810426627938781_3426128301021351,100 %fake amader  nadia. chapra than  taka na dial passport verification kora na 2000/5000/10000/20000  charge kora
810426627938781_514122151141066,2k to 5k er baper ta sir skip hoyea gelo
810426627938781_912557960903560,সব কিছু documents ঠিক থাকার পরেও আমাদের এখানে 500 টাকা থেকে 1500 টাকা নেই। আর বলে এখানে থানার কাছে DIB officer আছে  এখানে সব কাগজ পত্র জেরক্স করে দিয়ে যাও।
810426627938781_1267118184250134,"আগে 500 দিলে তাও নিতো, এখন সব ডকুমেন্টস ঠিক থাকা সত্ত্বেও 2000 ছাড়া কোনো কথা শুনতে চায়না!☹️ এই ব্যাপার গুলো একটু স্ট্রিকলি দেখলে সাধারণ মানুষ খুশি হতো। 🙏🏼"
810426627938781_408865602167930,"Police verification manei takar jonnyo harassment, apnara verification process ta tcs ke die din. Eto jhamelar proyojon hobena"
810426627938781_2389981027878055,আমাকে 5 মাস ধরে  birth certificate  verification এর্  নামে ঘোড়ানো  হচ্ছে
810426627938781_486873870778899,আপনি টাকা দেবেন না আপনার পাসপোর্ট বাতিল করে দেবে আপনি জানিনা আপনি বলছেন কিন্তু আপনি সঠিক বলছেন না এটা আমার কথা নয় আমার পশ্চিমবাংলা বলে লাভ নেই। যেখানে বলবেন সেখানেই একই গল্প। পাসপোর্টের ভেরিফিকেশনে পয়সা দিতেই হবে। তার সঙ্গে তো পাশে অনেক দালাল আছে। ভিতরে যদি মোবাইল বা ক্যামেরা এলাও করা হতো তাহলে মনে হতো খুব ভালো জিনিস কিন্তু এখানে মোবাইল ইউজ করা যাবে না এর জন্য কেউ সঠিক কথা বলতে পারে না প্রমাণও হয় না আমি যাই গরিব মানুষের জন্য সব সময় পুলিশ সাথে থাকুক তার পরিচয় দেখা। এবং ডিবিআই তার কাজটা সম্পূর্ণ বিনা সাথে করুক এটাই আমি চাই অসংখ্য ধন্যবাদ। ওয়েস্ট বেঙ্গল পুলিশ।
810426627938781_1615525212329926,কিন্তু স্যার একটা কথা বলি আমি যখন পাসপোর্ট করেছিলাম ততকাল পাসপোর্ট তাও আমাকে পুলিশকে হাজার টাকা দিতে হয়েছিল ডিবিআই অফিসে। আমি জানিনা আপনারা বলতে পারেন কিন্তু কাজ কিছু করতে পারেন না আমি পুলিশকে শ্রদ্ধা করি। কিন্তু এই নয়। গরিব মানুষদের এইভাবে টাকা নেওয়াটা আমি ঠিক মনে করছি না। অবশ্যই আমি তার প্রমাণ দিতে পারব না যেহেতু তার ভিতরে মোবাইল ভিতরে এলাও নেই কিন্তু আমি নিজে পনেরশো টাকা দিয়ে এসছিলাম এটাই বললাম ইনকাম করুক কিন্তু সবার কাজ নয়। আমি সম্মান করি পুলিশকে আপনারা দেশের জন্য কাজ করেন রাজ্যের জন্য কাজ করেন। অবশ্যই একটু দেখবেন আমি চাই সবাই সমান অধিকার পাক। 🙏🙏
810426627938781_1249391239740717,"স্যার পাসপোর্ট ভেরিফিকেশনের জন্য আমার কাছ থেকে 1000 টাকা চেয়েছিল, আমাদের লোকাল থানার কর্মকর্তা রা,, নাহলে ওরা নাকি ভেরিফিকেশন করে দেবে না। 
   প্লিজ এই  বিষয়টির্ দিকে একটু নজর দিন।। এই হেনাস্তা টা প্রতি টা থানায় হয়।"
810426627938781_8419790058066059,"Respected sir,  2018 সালে আমি এবং আমার
ভাইয়ের পাসপোর্ট করতে যায় সব অফিসিয়াল কাজ শেষ করার পর আমাদের ইসলামপুর DIB অফিসে ফাইল আসে, এখান থেকে যাযাবতীয় পেপার সাবমিট করার দরকার সব submit করি। 
পরে আবার 1000 এক হাজার করে টাকা লাগবে বলে। আমি টাকা না দিলে আমার এবং ভাইয়ের ফাইল পরে থাকবে। ইসলামপুর থানার অধীনে কর্মরত আমি একজন সিভিক ভলান্টিয়ার বলে আমার কাছে শুধু 1000, টাকা না হলে বেশি নিতো বলেছিল। আমি তখন এইটা জানতাম না।।"
810426627938781_8143218229070653,টাকা ছাড়া কাজ করে না অফিসার।।
810426627938781_515888460967271,"Passport verification korar Somai sob ducomenta thakar porei keno dip taka nei aita ektu dekben, taka na dile passport rejected kore dei"
810426627938781_1452511332100779,এরা জানেই না dib গুলো পাসপোর্ট পিছু কত টাকা করে পাবলিক এর থেকে নিয়ে থাকে।
810426627938781_502635912168367,"পুলিশ ভেরিফিকেশন এর সময় পুলিশ 500,600 টাকা ঘুষ নেই কেনো, এটা না দিলে করতে চায়না"
810426627938781_1204594024116311,"Sir Sab Document Thik Hone Par Bhi Officer's 1000/500 Ka Demand Krte hai,Warna Varification clear nhi krte hai.Ye thik ho raha hai."
810426627938781_464789746355334,Amar 2000 taka niyechhe abar bolchhe pore r o kichhu debe amake civic pathhabo barite
810426627938781_290357790801082,টাকা না দেওয়ায় জন্যে অ্যাড্রেস প্রুফ application থেকে ছিড়ে ফেলে দেবে না তো sir? যা আমার wife এর ক্ষেত্রে হয়েছিল।
810426627938781_1402517577096248,"DIB টাকা চায় সেটা নজর করুন, অভিযোগ করে কোনো একশন নিয়েছেন আঈনত সেটা পারলে প্রমান তুলে ধরবেন।। শুধুমাত্র চোর ধরে বাহাদূরী না,, নিজেদের মধ্যে ঘুসখোর অফিসারদের সমাজে সবার সামনে তুলে ধরুন।।"
810426627938781_1634678923988403,"এমন কোন লোক নেই যে পাসপোর্ট ভেরিফিকেশনের জন্য টাকা দেয়নি বা  টাকা চাইনি। 
এটা সত্যি বন্ধ হওয়া উচিত, সরকারি কাজ সরকারি মতেই হওয়া উচিত।
সরকারি কাজ করে তা সত্ত্বেও টাকা না দিলে এরা পাসপোর্ট আটকে দেয় করে না। 
ধন্যবাদ এই উদ্যোগটা নেওয়ার জন্য 
কতটা সফল হবে জানিনা"
810426627938781_475610675401901,প্রকাশ্যে চেয়ে টাকা নিচ্ছে। আর সতর্ক করে কি হবে! বাস্তবতা অনেক আলাদা
810426627938781_1000666388509718,সত্যি স্যার কোনো রকম fees লাগে নাহ তবে মুখ মিষ্টি বা মিষ্টি খাবার জন্যেই বড় দাদারা বাহ কাকুরা আবদার করেন............
810426627938781_1664891547631144,JONY MAHALDER ABR chto misty khaian bro misty chai 🙂
810426627938781_458725557074719,1000 rupees
810426627938781_514706927675400,"It is very difficult of part for police verification for passport ... 
This is not easy... 
     Thank you sir for your information right ..."
810426627938781_1165131478027731,Partharabin Ghosh  Certainly I am not a police person and never wanted to be in such a profession however I am going for my third passport. Unlike you I do have some experience. My passport is also filled with many stamps and stickers. But sorry if you don't like my comment. Please carry on. I will refrain from commenting. Bye.
810426627938781_853249486262893,"Sir mai Howrah me rehta hu , 4 months pehle maine passport k liye apply kiya tha online, pure documents dene k bd jb police verification k liye mere pas call aya to mere ghar k pas howrah maidan lion's hospital k pas office hai wahi pe bulaya gaya, jb mai waha pohcha to jis number se call aya tha uspe call kiya to mjhe upar office me bulaya gya jaha pohochne k bd mere sare original documents check kiye gae or fir uske bd officer ne mjhe apna rate chart btaya jisme k normal time se passport apke ghr tk pohochne k 2000, 5 din me pohochne k 3000 the or urgent me chahiye to 5000 dena hoga tavi wo aage process krege, to maine officer se pucha k sir aisa q mere to svi documents sahi h to wo bole ye dena pdta h nhi to cancel ho jaega to hm ku6 nhi kr skte , indirectly unhone mere andar darr dal diya jiski wajah se mjhe unhe 1800 dene pde q k mere pas itna hi paisa tha, to wo bole thik h jao poohoch jaega pr paise dene k bd v time se nhi aya fir maine unhe br br call kiya pr wo mera call v receive nhi kr rhe the or na mjhse mil v rhe the. To ye haal hai Sir hmare system ka aaj or sbse badi bt to ye hai ki aaj ye sb log darr v nhi rhe h aise galat krne se pehle, bs meri yhi request hai Sir apse k sbse pehle ispr rok lgaiye"
810426627938781_1196321355126083,"Coochbehar (pin code 736101) a passport er police verification er jonno SP office a document asle, call kore SP office a jete bole, tarpor 500 taka donation chay, donation na dile passport clearance daay na. I've faced it several times for myself and family members."
810426627938781_1382810082399200,Haringhata DIB office e ektu khoj nin sir. Khub muskil face korte hoy sathe r onek kichu
810426627938781_1038023064581201,West Bengal Police dear sir I always respect yours hard works and yours hard works duty for protect us. But whenever we/our family members/friends going to DIB office for clearance police verification ( passport) then DIB officer charges to us ₹1k to ₹4k. If we say anything or  bargaining then they said that we can't proceed your file. Kindly solve this matter.
810426627938781_1961441337620346,Sohidul Islam চা পানির খরচা টা দিবিনা😁
810426627938781_793390529543963,Mahafuj Alam হামার কাছে 2000 টাকা লিয়াছে মাংমারানীরা
810426627938781_1127458299086426,"Sir, keu r ghush chay be nato...."
810426627938781_1436057137107173,থানা থেকে কেউই আসেন না। Third party দিয়ে সব কিছু করানো হয়
810426627938781_852862389735755,আমার পাসপোর্ট ভেরিফিকেশন করার জন্য পুলিশ 1500 টাকা নিয়েছে
810426627938781_471897225477586,"2000-5000 minimum, misti khaoyar jonno 
enader ki sugar hy na ? eman bhabe aday kore jeno hoker taka , nichu tala upar tala sobai jane..."
810426627938781_461870369952955,"Santu Das hmm

আমার থেকে 1500 নিয়েছিল। দেবো না বলতে বলেছিল, আপনি এরপর signature গুলো করে আনুন । সব কাগজ পত্র দিয়ে দিচ্ছি"
810426627938781_1514212746191225,1000/1500 taka niche verification khoroch hisabe
810426627938781_1529648771259069,"আমার থেকে ১০০০ টাকা নিয়েছিলো, ওটা নাকি ওদের প্রাপ্য🤣। অথচ সব কাগজ ঠিক ছিলো!!!!  যাইহোক এখন যেনো এমন না হয় আর!!।"
810426627938781_861742232483458,But Sir they always take bribe after collecting all the documents
810426627938781_488421873773528,Dear commissioner sir আমার পুলিশ verification এর জন্য 1000 টাকা নিয়েছিল ..... এখন আর যাতে কাও কে টাকা না দিতে হয় তার জন্য এক টা complain register করার জন্য number shear করলে সমস্ত west bengal এর মানুষ উপকৃত হতো.....
810426627938781_1011915880610396,আমার সব কিছু ঠিক থাকার পরেও মিষ্টি খাওয়ার টাকা হিসেবে 500 দিতে হয়েছিল
810426627938781_505275215228881,"Hlw sir, Police want money to verify, else they put either negative remarks or put note absent not attended."
810426627938781_1672941436879980,Amader barasat area te sirir ghore dariye takar rofa hoi
810426627938781_1652428571993232,Ovijog korar number dile ovijog nite nite pagol hoe jabe.
810426627938781_1195993521715611,"Pasport police verification er jonno amar kache thake D.I.B  1200 taka ghush niyachilo.
Pcc police verification er jonno 1900 taka ghush niyachilo.
Salar p.s murshidabad."
810426627938781_829937842569010,"West Bengal Police
Could you explain the other documents?
 Example like you said address proof, birth proof, and criminal proof...
Other documents plz say pointwise. Then it is very convenient for us."
810426627938781_388176077246020,"Partharabin Ghosh If you were born before 1989 then a birth certificate is not required. You don't need to show any address proof as they will visit your address physically. Criminal record verification is their responsibility, no action point for you."
810426627938781_801763345487725,"Jyotirmoy Dey Already I have clarity address proof, birth proof, and criminal proof.
My concern is other documents....."
810426627938781_809440471381467,Partharabin Ghosh There are no other documents to be verified by police. Their scope is limited.
810426627938781_526880363011874,"Jyotirmoy Dey Are you a policeman by profession? So why are you saying so confirm?
Praeen Kumar Tripathi, IPS says other documents are required.
I requested to kindly explain other documents. Then ordinary citizens like us will not be harassed in passport verification."
810426627938781_878167154216322,"কিন্তু স্যার কিছু মনে করবেন না🙏, কারোর যদি বৈধ কাগজ পত্র থাকে ও কোনরকম ক্রিমিনাল রেকর্ড নাও থাকে তাহলেও তাদের কাছে থেকে একটা নির্দিষ্ট পরিমাণ টাকা চাওয়া হয়। নচেৎ verification রিপোর্ট উনারা জমা করতে চান না।
তবে আপনাদের এই উদ্যোগকে সাধুবাদ জানাই।"
810426627938781_1394811431190642,Sir asleaa 2000 taka misti khao jnno nei 🤣🤣🤣🤣🤣sob thik thkleo
810426627938781_507136458664702,Thank you sir.kintu sir akta anurodh  police station monojog Diya kaj kore na.
810426627938781_1917110368801877,Kintu passport office a Muslim Mohilader k Mathar kapor fele chobi tule eta keno r jodi bola hoi j ami muslim mathar kapor sompurno sorate parbona to Office theke bola hoi j Tahole Kolkata Passport office jete hobe eta keno ? West Bengal Police Mamata Banerjee ?
810426627938781_2528434364024493,"যারা যারা ঘুষ নিয়ে জানালেন এখানে তাদের কমেন্ট ডিলিট করছেন কেন ? উনি তো বলছেন অভিযোগ জানাতে, আর অভিযোগ করলে ডিলিট করছেন, টুইটারে hide করে দেন। আজব গণতন্ত্র।"
810426627938781_1219365942565111,আপনি যেটা বললেন এটা সবাই ই জানে। তবে টাকা ছাড়া যে ডি.আই.বি. ভেরিফিকেশন হয় না এটা ও কম বেশি সবার জানা। পার্থক্য শুধু কারো কম কারো বেশী লাগে।
810426627938781_1030710675729722,"You must clarify about the required documents, some one wants documents of 1987, some wants the birth certificate of the father."
810426627938781_528468499513573,Valid documents takhar por o amader ta hold kore rekheche.
810426627938781_1275476563437910,যত সহজে বললেন অত সহজে কি কাজ হয়?
810426627938781_500627569126709,খুব ভালো ইনফরমেশন দিলেন স্যার অসংখ্য ধন্যবাদ। আমি পাসপোর্ট ভেরিফিকেশন করতে যেয়ে টাকা দিনি বলেই আমার ওয়াইফের পাসওয়ার্ডটা আটকে রেখেছিল একটা পুলিশ অফিসার।। তখন আমাদেরকে আরজেন্ট বাংলাদেশ যেতে একটা বিয়ের অনুষ্ঠানে বাট আমরা যেতে পারিনি।
