,Unnamed: 0,POST_ID,CAPTION,REACTION_COUNT,COMMENT_COUNT
0,0,692583847600758_810562314591879,#SwapnilKusale #Paris2024 #OlympicGames #Shooting,1210,42
1,1,692583847600758_810426627938781,"পাসপোর্টের জন্য পুলিশ ভেরিফিকেশন, কীভাবে করবেন? 

পাসপোর্ট করাতে হলে পুলিশ ভেরিফিকেশন করানোটা আবশ্যিক, এটা সকলেই জানেন। কিন্তু ঠিক কীভাবে হয় এই 'ভেরিফিকেশন', প্রক্রিয়াটা ঠিক কী, এ নিয়ে অনেকেরই স্পষ্ট ধারণা নেই। প্রক্রিয়াটি এখন খুবই সহজ, কোনও ঝামেলাঝক্কি নেই। সঙ্গের ভিডিওয় হাওড়ার পুলিশ কমিশনার শ্রী প্রবীণ কুমার ত্রিপাঠী বুঝিয়ে দিয়েছেন, পাসপোর্টের জন্য পুলিশ ভেরিফিকেশনে ঠিক কী কী আপনার করণীয়। 

#PassportVerification #WBP",1635,121
