,Unnamed: 0,POST_ID,CAPTION,REACTION_COUNT,COMMENT_COUNT
0,0,692583847600758_797729832541794,"শিলিগুড়িতে ""যাত্রীসাথী""

কলকাতার পরে শিলিগুড়ি। পুজোর আগে পশ্চিমবঙ্গ সরকারের উদ্যোগে কলকাতা শহরে চালু হয়েছিল ""যাত্রীসাথী"" ক্যাব বুকিং অ্যাপ, যার উদ্দেশ্য হল চালকদের উপযুক্ত করে তোলা, তাদের জীবন উন্নত করা এবং আন্তরিকভাবে গ্রাহকদের সর্বোত্তম মানের পরিষেবা প্রদানে সহায়তা করা। আজ থেকে শিলিগুড়ি শহরেও চালু হল ""যাত্রীসাথী""। অত্যাধুনিক এবং সাশ্রয়ী এই ক্যাব-সার্ভিসে ইতিমধ্যেই বুকিং করতে শুরু করেছেন উত্তরবঙ্গের বাসিন্দারা।

#যাত্রীসাথী #আমারশহরআমারসফর #সাশ্রয়ীরাইডস #নিরাপদযাত্রা
#YatriSathi #AmarShohorAmarSofor #AffordableRides #SafeJourney

ডাউনলোড লিংকঃ https://yatrisathi.page.link/rK6c",138,3
